map_seed,repeat,noise_nt,method,length_m,route,det,planning_s,candidates,rmse_m,final_error_m,p95_error_m,failure,runtime_s
2000,0,2.0,shortest,8000.0,1-1-1-1-1-1-1-1-1,1.4685720924397761e-06,0.05921560600017983,577,68.22986023279209,120.80537839035212,115.13799377191864,0,0.04956606199993985
2000,0,2.0,separable,8184.658438426492,1-1-1-0-1-2-1-2-1,1.676601486215871e-06,0.05921560600017983,577,75.78427170386138,136.6863979538437,118.16487371158608,0,0.04964223600018158
2000,0,2.0,d_optimal,8184.658438426492,1-1-2-1-0-1-0-0-1,1.8049321212356764e-06,0.05921560600017983,577,67.30873804649329,99.16430001698143,110.25930547722588,0,0.04908797100051743
2000,0,8.0,shortest,8000.0,1-1-1-1-1-1-1-1-1,1.4685720924397761e-06,0.05921560600017983,577,100.2218941348985,187.68079141075032,153.70682960182864,0,0.04490122600054747
2000,0,8.0,separable,8184.658438426492,1-1-1-0-1-2-1-2-1,1.676601486215871e-06,0.05921560600017983,577,99.88493416495972,164.83722440734041,157.32210692853812,0,0.047420794999197824
2000,0,8.0,d_optimal,8184.658438426492,1-1-2-1-0-1-0-0-1,1.8049321212356764e-06,0.05921560600017983,577,102.74416496481966,196.69438376278237,164.52284961286836,0,0.045697996999479074
2000,1,2.0,shortest,8000.0,1-1-1-1-1-1-1-1-1,1.4685720924397761e-06,0.05921560600017983,577,63.88638014248231,93.12712820108912,89.44221248090334,0,0.05075093899995409
2000,1,2.0,separable,8184.658438426492,1-1-1-0-1-2-1-2-1,1.676601486215871e-06,0.05921560600017983,577,66.23299072855262,104.0519491613971,92.44629735292592,0,0.0495761769998353
2000,1,2.0,d_optimal,8184.658438426492,1-1-2-1-0-1-0-0-1,1.8049321212356764e-06,0.05921560600017983,577,63.71982002185347,72.14768728034677,106.11100420549441,0,0.047156878000350844
2000,1,8.0,shortest,8000.0,1-1-1-1-1-1-1-1-1,1.4685720924397761e-06,0.05921560600017983,577,90.12673628056402,142.89621667838188,139.14375155790788,0,0.048783501000798424
2000,1,8.0,separable,8184.658438426492,1-1-1-0-1-2-1-2-1,1.676601486215871e-06,0.05921560600017983,577,83.64192600205192,91.94023924841493,145.9334588718733,0,0.04691320099937002
2000,1,8.0,d_optimal,8184.658438426492,1-1-2-1-0-1-0-0-1,1.8049321212356764e-06,0.05921560600017983,577,92.3837548093507,141.60096762958472,139.25008209762805,0,0.04676766400007182
2000,2,2.0,shortest,8000.0,1-1-1-1-1-1-1-1-1,1.4685720924397761e-06,0.05921560600017983,577,79.72713284985726,123.65182165241555,129.22040728770426,0,0.047016628999699606
2000,2,2.0,separable,8184.658438426492,1-1-1-0-1-2-1-2-1,1.676601486215871e-06,0.05921560600017983,577,79.30636043779013,122.54357989484535,117.87980412161542,0,0.04852269000002707
2000,2,2.0,d_optimal,8184.658438426492,1-1-2-1-0-1-0-0-1,1.8049321212356764e-06,0.05921560600017983,577,69.93572847302642,95.34928685982548,111.07336186565878,0,0.050052107999363216
2000,2,8.0,shortest,8000.0,1-1-1-1-1-1-1-1-1,1.4685720924397761e-06,0.05921560600017983,577,97.84766547571586,206.78980706648713,176.6118957273814,0,0.04971578000004229
2000,2,8.0,separable,8184.658438426492,1-1-1-0-1-2-1-2-1,1.676601486215871e-06,0.05921560600017983,577,94.34631305875712,155.9174141613733,137.3554569476438,0,0.05098966099922109
2000,2,8.0,d_optimal,8184.658438426492,1-1-2-1-0-1-0-0-1,1.8049321212356764e-06,0.05921560600017983,577,101.37890576964728,226.05537584238857,191.39886549096252,0,0.04803763899963087
2000,3,2.0,shortest,8000.0,1-1-1-1-1-1-1-1-1,1.4685720924397761e-06,0.05921560600017983,577,77.54009508802436,104.87849234012958,113.39280834849414,0,0.05275755799993931
2000,3,2.0,separable,8184.658438426492,1-1-1-0-1-2-1-2-1,1.676601486215871e-06,0.05921560600017983,577,90.1114528491686,110.46099870348088,129.3077987564851,0,0.058532439000373415
2000,3,2.0,d_optimal,8184.658438426492,1-1-2-1-0-1-0-0-1,1.8049321212356764e-06,0.05921560600017983,577,71.49701180190078,59.52386755798026,111.09228635787143,0,0.061399023000376474
2000,3,8.0,shortest,8000.0,1-1-1-1-1-1-1-1-1,1.4685720924397761e-06,0.05921560600017983,577,117.54239595641005,206.05172777344157,175.9995472046122,0,0.050625681999918015
2000,3,8.0,separable,8184.658438426492,1-1-1-0-1-2-1-2-1,1.676601486215871e-06,0.05921560600017983,577,114.712190610873,159.74339051121135,177.6581830429941,0,0.046841324000524764
2000,3,8.0,d_optimal,8184.658438426492,1-1-2-1-0-1-0-0-1,1.8049321212356764e-06,0.05921560600017983,577,118.28778139064609,207.12949924728574,173.64398448491028,0,0.05419412500032195
2000,4,2.0,shortest,8000.0,1-1-1-1-1-1-1-1-1,1.4685720924397761e-06,0.05921560600017983,577,103.80153896963625,155.15649455495247,184.2442561548938,0,0.05069231400011631
2000,4,2.0,separable,8184.658438426492,1-1-1-0-1-2-1-2-1,1.676601486215871e-06,0.05921560600017983,577,147.50525678743642,282.9914217603463,282.9914217603463,1,0.049618103000284464
2000,4,2.0,d_optimal,8184.658438426492,1-1-2-1-0-1-0-0-1,1.8049321212356764e-06,0.05921560600017983,577,78.88313370931085,111.15356335045253,141.67523031263303,0,0.057782767999924545
2000,4,8.0,shortest,8000.0,1-1-1-1-1-1-1-1-1,1.4685720924397761e-06,0.05921560600017983,577,149.1347581744847,271.7702113952939,264.6527920504517,1,0.04390749899994262
2000,4,8.0,separable,8184.658438426492,1-1-1-0-1-2-1-2-1,1.676601486215871e-06,0.05921560600017983,577,150.393186157686,257.43031211240685,253.98899311835382,1,0.04600731699974858
2000,4,8.0,d_optimal,8184.658438426492,1-1-2-1-0-1-0-0-1,1.8049321212356764e-06,0.05921560600017983,577,134.4873706971696,247.93179609123072,237.8064664850475,1,0.056353201999627345
2000,5,2.0,shortest,8000.0,1-1-1-1-1-1-1-1-1,1.4685720924397761e-06,0.05921560600017983,577,77.9600980655931,98.33036382968764,118.57344194857853,0,0.05298457099979714
2000,5,2.0,separable,8184.658438426492,1-1-1-0-1-2-1-2-1,1.676601486215871e-06,0.05921560600017983,577,76.859507187381,89.70518777637282,126.6908531004982,0,0.07067387300048722
2000,5,2.0,d_optimal,8184.658438426492,1-1-2-1-0-1-0-0-1,1.8049321212356764e-06,0.05921560600017983,577,69.11577111091111,33.973932298559035,110.91412748014466,0,0.05465033400014363
2000,5,8.0,shortest,8000.0,1-1-1-1-1-1-1-1-1,1.4685720924397761e-06,0.05921560600017983,577,119.36858881946137,202.8059149523711,194.9509099901619,0,0.05999045299995487
2000,5,8.0,separable,8184.658438426492,1-1-1-0-1-2-1-2-1,1.676601486215871e-06,0.05921560600017983,577,110.37861565850368,165.85300898374672,190.0658255514943,0,0.05547538500013616
2000,5,8.0,d_optimal,8184.658438426492,1-1-2-1-0-1-0-0-1,1.8049321212356764e-06,0.05921560600017983,577,117.83805711084842,172.73971423357014,191.8682137313331,0,0.058533858000373584
2000,6,2.0,shortest,8000.0,1-1-1-1-1-1-1-1-1,1.4685720924397761e-06,0.05921560600017983,577,61.5007665694819,115.88874766677453,102.03011752676755,0,0.0522817289993327
2000,6,2.0,separable,8184.658438426492,1-1-1-0-1-2-1-2-1,1.676601486215871e-06,0.05921560600017983,577,60.782257769615136,111.73224278892428,93.624363974283,0,0.04950774499957333
2000,6,2.0,d_optimal,8184.658438426492,1-1-2-1-0-1-0-0-1,1.8049321212356764e-06,0.05921560600017983,577,56.03584984519138,77.91060462440691,84.27983733869013,0,0.04952577200037922
2000,6,8.0,shortest,8000.0,1-1-1-1-1-1-1-1-1,1.4685720924397761e-06,0.05921560600017983,577,89.63845878618045,182.79991350797394,148.07856091646224,0,0.043824813999890466
2000,6,8.0,separable,8184.658438426492,1-1-1-0-1-2-1-2-1,1.676601486215871e-06,0.05921560600017983,577,84.60741880760018,141.218224913559,125.94015526991782,0,0.04519823600003292
2000,6,8.0,d_optimal,8184.658438426492,1-1-2-1-0-1-0-0-1,1.8049321212356764e-06,0.05921560600017983,577,85.5509032001847,146.8134488257073,131.6713437002937,0,0.04390612699990015
2000,7,2.0,shortest,8000.0,1-1-1-1-1-1-1-1-1,1.4685720924397761e-06,0.05921560600017983,577,63.195347920329986,121.0029098800896,130.37911032523414,0,0.04791666500022984
2000,7,2.0,separable,8184.658438426492,1-1-1-0-1-2-1-2-1,1.676601486215871e-06,0.05921560600017983,577,68.76518953428354,139.8676287446865,130.77435226089457,0,0.047937657999682415
2000,7,2.0,d_optimal,8184.658438426492,1-1-2-1-0-1-0-0-1,1.8049321212356764e-06,0.05921560600017983,577,56.603123719493986,88.14083029608317,94.83258791359474,0,0.04692251699998451
2000,7,8.0,shortest,8000.0,1-1-1-1-1-1-1-1-1,1.4685720924397761e-06,0.05921560600017983,577,103.43947049936223,200.320964244713,175.809954578811,0,0.04365474800033553
2000,7,8.0,separable,8184.658438426492,1-1-1-0-1-2-1-2-1,1.676601486215871e-06,0.05921560600017983,577,104.625843188431,189.64767087500655,166.5367943629912,0,0.0459483269996781
2000,7,8.0,d_optimal,8184.658438426492,1-1-2-1-0-1-0-0-1,1.8049321212356764e-06,0.05921560600017983,577,103.27961974286715,207.64064016705268,177.68867918504952,0,0.04720400099995459
2000,8,2.0,shortest,8000.0,1-1-1-1-1-1-1-1-1,1.4685720924397761e-06,0.05921560600017983,577,96.52112450961697,144.588747404391,182.83576498796413,0,0.04935426399970311
2000,8,2.0,separable,8184.658438426492,1-1-1-0-1-2-1-2-1,1.676601486215871e-06,0.05921560600017983,577,102.73899834743762,177.45002678663542,184.27696983628968,0,0.05059178999999858
2000,8,2.0,d_optimal,8184.658438426492,1-1-2-1-0-1-0-0-1,1.8049321212356764e-06,0.05921560600017983,577,73.18950567536643,100.99104465814379,130.5026922692816,0,0.04721008899923618
2000,8,8.0,shortest,8000.0,1-1-1-1-1-1-1-1-1,1.4685720924397761e-06,0.05921560600017983,577,125.87120435901313,253.85775024546436,247.79643106305383,1,0.04716400100005558
2000,8,8.0,separable,8184.658438426492,1-1-1-0-1-2-1-2-1,1.676601486215871e-06,0.05921560600017983,577,123.0169685294461,228.23369698785146,222.5553211191177,1,0.04500496399941767
2000,8,8.0,d_optimal,8184.658438426492,1-1-2-1-0-1-0-0-1,1.8049321212356764e-06,0.05921560600017983,577,124.05696774853165,242.49237108363783,234.76000288533615,1,0.04633122499944875
2000,9,2.0,shortest,8000.0,1-1-1-1-1-1-1-1-1,1.4685720924397761e-06,0.05921560600017983,577,88.8635944706831,137.99906090644308,157.31062925561213,0,0.04805154899986519
2000,9,2.0,separable,8184.658438426492,1-1-1-0-1-2-1-2-1,1.676601486215871e-06,0.05921560600017983,577,95.59451922168722,153.74473555455768,165.1627974205596,0,0.049912896000023466
2000,9,2.0,d_optimal,8184.658438426492,1-1-2-1-0-1-0-0-1,1.8049321212356764e-06,0.05921560600017983,577,77.04299922830918,110.8324950318628,131.29305656094735,0,0.04788982500031125
2000,9,8.0,shortest,8000.0,1-1-1-1-1-1-1-1-1,1.4685720924397761e-06,0.05921560600017983,577,109.6086305163437,217.63063713772715,184.92859522398186,0,0.04591143100060435
2000,9,8.0,separable,8184.658438426492,1-1-1-0-1-2-1-2-1,1.676601486215871e-06,0.05921560600017983,577,110.31566659072165,163.0843079029161,172.09671191760424,0,0.044935298999916995
2000,9,8.0,d_optimal,8184.658438426492,1-1-2-1-0-1-0-0-1,1.8049321212356764e-06,0.05921560600017983,577,110.52377808351893,240.1925627344089,201.51480863372063,0,0.045201871000244864
2001,0,2.0,shortest,8000.0,1-1-1-1-1-1-1-1-1,1.8249226530732391e-06,0.056820965000042634,577,122.48040319561872,82.65586476900596,196.83291960731566,0,0.050416926000252715
2001,0,2.0,separable,8123.105625617661,1-0-1-1-2-2-2-2-1,3.55391874916284e-06,0.056820965000042634,577,101.85618909796405,34.357626457119494,182.2083349274295,0,0.048928401000011945
2001,0,2.0,d_optimal,8123.105625617661,1-0-1-2-2-2-2-2-1,3.5838940079566954e-06,0.056820965000042634,577,95.55433153311179,45.05612949040375,151.9420990059172,0,0.05122178100009478
2001,0,8.0,shortest,8000.0,1-1-1-1-1-1-1-1-1,1.8249226530732391e-06,0.056820965000042634,577,136.44699922958503,120.36221351663168,221.54338606668787,0,0.044537349000165705
2001,0,8.0,separable,8123.105625617661,1-0-1-1-2-2-2-2-1,3.55391874916284e-06,0.056820965000042634,577,99.88834472307292,52.94574730017329,161.69300439987833,0,0.045956359000228986
2001,0,8.0,d_optimal,8123.105625617661,1-0-1-2-2-2-2-2-1,3.5838940079566954e-06,0.056820965000042634,577,97.66193897903754,56.3466556518789,166.32006304061449,0,0.045172115999776
2001,1,2.0,shortest,8000.0,1-1-1-1-1-1-1-1-1,1.8249226530732391e-06,0.056820965000042634,577,111.09982067033927,128.46762393252732,160.21594653482737,0,0.04971833299987338
2001,1,2.0,separable,8123.105625617661,1-0-1-1-2-2-2-2-1,3.55391874916284e-06,0.056820965000042634,577,86.55317337324199,70.43838085189095,149.8864420596654,0,0.05002338299982512
2001,1,2.0,d_optimal,8123.105625617661,1-0-1-2-2-2-2-2-1,3.5838940079566954e-06,0.056820965000042634,577,80.62695800036855,75.235883139617,128.38979676446485,0,0.062009690000195405
2001,1,8.0,shortest,8000.0,1-1-1-1-1-1-1-1-1,1.8249226530732391e-06,0.056820965000042634,577,102.44943947207408,166.49761021369378,159.07902546550085,0,0.0521752889999334
2001,1,8.0,separable,8123.105625617661,1-0-1-1-2-2-2-2-1,3.55391874916284e-06,0.056820965000042634,577,73.57900883748155,109.6232501938111,109.6232501938111,0,0.04732921899994835
2001,1,8.0,d_optimal,8123.105625617661,1-0-1-2-2-2-2-2-1,3.5838940079566954e-06,0.056820965000042634,577,70.29415667936755,116.94820364533938,111.49683387522947,0,0.04578317799951037
2001,2,2.0,shortest,8000.0,1-1-1-1-1-1-1-1-1,1.8249226530732391e-06,0.056820965000042634,577,126.92793435025405,74.1549051071069,199.72826945172136,0,0.04972164899936615
2001,2,2.0,separable,8123.105625617661,1-0-1-1-2-2-2-2-1,3.55391874916284e-06,0.056820965000042634,577,112.68159214117472,42.43457660760465,193.3404879857572,0,0.05333313399933104
2001,2,2.0,d_optimal,8123.105625617661,1-0-1-2-2-2-2-2-1,3.5838940079566954e-06,0.056820965000042634,577,105.39561988047089,38.234499781377664,180.50413706941623,0,0.051938450999841734
2001,2,8.0,shortest,8000.0,1-1-1-1-1-1-1-1-1,1.8249226530732391e-06,0.056820965000042634,577,123.70733465706596,84.26790832712351,172.43920542400275,0,0.04983889400045882
2001,2,8.0,separable,8123.105625617661,1-0-1-1-2-2-2-2-1,3.55391874916284e-06,0.056820965000042634,577,99.20259417959771,56.43349328961241,158.38489613234194,0,0.0487110340000072
2001,2,8.0,d_optimal,8123.105625617661,1-0-1-2-2-2-2-2-1,3.5838940079566954e-06,0.056820965000042634,577,87.2037280701854,50.63246378398875,134.0497679417282,0,0.046718618999875616
2001,3,2.0,shortest,8000.0,1-1-1-1-1-1-1-1-1,1.8249226530732391e-06,0.056820965000042634,577,138.66467812609588,64.73080462836573,232.84324389642802,1,0.060205098000551516
2001,3,2.0,separable,8123.105625617661,1-0-1-1-2-2-2-2-1,3.55391874916284e-06,0.056820965000042634,577,113.68570438726634,25.47467255872778,224.51311641027536,1,0.055850710999948205
2001,3,2.0,d_optimal,8123.105625617661,1-0-1-2-2-2-2-2-1,3.5838940079566954e-06,0.056820965000042634,577,106.88270758451158,26.590191073737834,201.00269852808523,0,0.05361136400006217
2001,3,8.0,shortest,8000.0,1-1-1-1-1-1-1-1-1,1.8249226530732391e-06,0.056820965000042634,577,130.36361176607156,86.90930683197288,196.80294004712462,0,0.04784795199975633
2001,3,8.0,separable,8123.105625617661,1-0-1-1-2-2-2-2-1,3.55391874916284e-06,0.056820965000042634,577,98.72184120889948,38.91914775850233,189.3603935145686,0,0.048040781999588944
2001,3,8.0,d_optimal,8123.105625617661,1-0-1-2-2-2-2-2-1,3.5838940079566954e-06,0.056820965000042634,577,98.77693092514698,38.09466551025374,168.00683845672265,0,0.05060937700000068
2001,4,2.0,shortest,8000.0,1-1-1-1-1-1-1-1-1,1.8249226530732391e-06,0.056820965000042634,577,119.22010397529858,130.07023696398193,174.03645974942674,0,0.05177885000011884
2001,4,2.0,separable,8123.105625617661,1-0-1-1-2-2-2-2-1,3.55391874916284e-06,0.056820965000042634,577,95.9998779669959,70.08621450923012,152.66533488798822,0,0.05553832099940337
2001,4,2.0,d_optimal,8123.105625617661,1-0-1-2-2-2-2-2-1,3.5838940079566954e-06,0.056820965000042634,577,94.67272909804473,82.49840473337234,137.30789436715543,0,0.05761471200003143
2001,4,8.0,shortest,8000.0,1-1-1-1-1-1-1-1-1,1.8249226530732391e-06,0.056820965000042634,577,120.79794339073054,151.8468861014098,171.18822948737989,0,0.051830499000061536
2001,4,8.0,separable,8123.105625617661,1-0-1-1-2-2-2-2-1,3.55391874916284e-06,0.056820965000042634,577,96.52186197211962,108.97197348903192,133.19766542405534,0,0.04954131700014841
2001,4,8.0,d_optimal,8123.105625617661,1-0-1-2-2-2-2-2-1,3.5838940079566954e-06,0.056820965000042634,577,90.36540621432596,100.59272557923723,130.57460329607835,0,0.04815400400002545
2001,5,2.0,shortest,8000.0,1-1-1-1-1-1-1-1-1,1.8249226530732391e-06,0.056820965000042634,577,108.72795093161261,69.15311941293226,177.23560169707872,0,0.05137673300032475
2001,5,2.0,separable,8123.105625617661,1-0-1-1-2-2-2-2-1,3.55391874916284e-06,0.056820965000042634,577,95.89805098492441,44.940880962618714,175.3278031889823,0,0.04953203199966083
2001,5,2.0,d_optimal,8123.105625617661,1-0-1-2-2-2-2-2-1,3.5838940079566954e-06,0.056820965000042634,577,90.22815171295846,36.707692741751096,160.28306421276844,0,0.05576159199972608
2001,5,8.0,shortest,8000.0,1-1-1-1-1-1-1-1-1,1.8249226530732391e-06,0.056820965000042634,577,104.08926259586302,63.00206123218321,168.54107589499796,0,0.05237630200008425
2001,5,8.0,separable,8123.105625617661,1-0-1-1-2-2-2-2-1,3.55391874916284e-06,0.056820965000042634,577,78.63558606956992,47.255161864820636,141.56773240735276,0,0.04813589600053092
2001,5,8.0,d_optimal,8123.105625617661,1-0-1-2-2-2-2-2-1,3.5838940079566954e-06,0.056820965000042634,577,70.56938481010327,43.115099693877376,135.16864458590845,0,0.047771186999852944
2001,6,2.0,shortest,8000.0,1-1-1-1-1-1-1-1-1,1.8249226530732391e-06,0.056820965000042634,577,116.81944791853613,35.431288264607815,193.61836124542535,0,0.051761394000095606
2001,6,2.0,separable,8123.105625617661,1-0-1-1-2-2-2-2-1,3.55391874916284e-06,0.056820965000042634,577,107.4810126779774,14.869070322390243,188.85861330886058,0,0.05308221099949151
2001,6,2.0,d_optimal,8123.105625617661,1-0-1-2-2-2-2-2-1,3.5838940079566954e-06,0.056820965000042634,577,96.78812779667027,22.13239279565027,150.17271946258063,0,0.055935630000021774
2001,6,8.0,shortest,8000.0,1-1-1-1-1-1-1-1-1,1.8249226530732391e-06,0.056820965000042634,577,128.97947980698163,83.3547656630311,195.4627968885209,0,0.05251166600010038
2001,6,8.0,separable,8123.105625617661,1-0-1-1-2-2-2-2-1,3.55391874916284e-06,0.056820965000042634,577,99.89205364498672,13.860572565973241,151.8608149499187,0,0.05051217500022176
2001,6,8.0,d_optimal,8123.105625617661,1-0-1-2-2-2-2-2-1,3.5838940079566954e-06,0.056820965000042634,577,92.52857497054801,20.006120152433333,147.41892102894937,0,0.05050450799990358
2001,7,2.0,shortest,8000.0,1-1-1-1-1-1-1-1-1,1.8249226530732391e-06,0.056820965000042634,577,122.73264517022098,82.48755376361551,208.1953789710153,0,0.05306940599984955
2001,7,2.0,separable,8123.105625617661,1-0-1-1-2-2-2-2-1,3.55391874916284e-06,0.056820965000042634,577,113.50422898575269,52.00588855390582,213.5557414146844,0,0.05470670600061567
2001,7,2.0,d_optimal,8123.105625617661,1-0-1-2-2-2-2-2-1,3.5838940079566954e-06,0.056820965000042634,577,108.11716578108945,47.506610762028004,185.35884236872286,0,0.05505514099968423
2001,7,8.0,shortest,8000.0,1-1-1-1-1-1-1-1-1,1.8249226530732391e-06,0.056820965000042634,577,133.94070782466417,108.82121834651863,199.3452092205168,0,0.046211033999497886
2001,7,8.0,separable,8123.105625617661,1-0-1-1-2-2-2-2-1,3.55391874916284e-06,0.056820965000042634,577,106.93622788174258,65.97546940650449,187.0572019251124,0,0.04862006700022903
2001,7,8.0,d_optimal,8123.105625617661,1-0-1-2-2-2-2-2-1,3.5838940079566954e-06,0.056820965000042634,577,105.39683922537108,70.79715770311837,174.19944900558875,0,0.04996278099952178
2001,8,2.0,shortest,8000.0,1-1-1-1-1-1-1-1-1,1.8249226530732391e-06,0.056820965000042634,577,132.27461057443162,168.05237900724165,218.34381295999674,1,0.051805361000333505
2001,8,2.0,separable,8123.105625617661,1-0-1-1-2-2-2-2-1,3.55391874916284e-06,0.056820965000042634,577,112.83305967392012,116.89526383161024,219.37049836994103,1,0.060229854999306554
2001,8,2.0,d_optimal,8123.105625617661,1-0-1-2-2-2-2-2-1,3.5838940079566954e-06,0.056820965000042634,577,104.67498134430329,104.42761341397505,191.10481177387763,0,0.054856939999808674
2001,8,8.0,shortest,8000.0,1-1-1-1-1-1-1-1-1,1.8249226530732391e-06,0.056820965000042634,577,149.22832586330293,232.10641734346189,208.41873433803568,0,0.049172160999660264
2001,8,8.0,separable,8123.105625617661,1-0-1-1-2-2-2-2-1,3.55391874916284e-06,0.056820965000042634,577,99.5038492215209,163.33285490669786,173.9596874762842,0,0.048570112000561494
2001,8,8.0,d_optimal,8123.105625617661,1-0-1-2-2-2-2-2-1,3.5838940079566954e-06,0.056820965000042634,577,109.07740642536703,157.64701437944504,158.13933915549163,0,0.05764714399992954
2001,9,2.0,shortest,8000.0,1-1-1-1-1-1-1-1-1,1.8249226530732391e-06,0.056820965000042634,577,121.40785448666328,94.98538225498454,196.59733927151316,0,0.04964612399999169
2001,9,2.0,separable,8123.105625617661,1-0-1-1-2-2-2-2-1,3.55391874916284e-06,0.056820965000042634,577,104.94539556068077,64.29477780545062,200.04415770729497,0,0.04908453799998824
2001,9,2.0,d_optimal,8123.105625617661,1-0-1-2-2-2-2-2-1,3.5838940079566954e-06,0.056820965000042634,577,102.08576089044092,57.45794553650069,177.30684274858413,0,0.05294590199991944
2001,9,8.0,shortest,8000.0,1-1-1-1-1-1-1-1-1,1.8249226530732391e-06,0.056820965000042634,577,115.84348830913663,108.7471462047948,163.68292266573346,0,0.0474582550004925
2001,9,8.0,separable,8123.105625617661,1-0-1-1-2-2-2-2-1,3.55391874916284e-06,0.056820965000042634,577,90.14624189426051,80.8135288277507,153.87224129592394,0,0.04687192999972467
2001,9,8.0,d_optimal,8123.105625617661,1-0-1-2-2-2-2-2-1,3.5838940079566954e-06,0.056820965000042634,577,85.323006843137,72.00288293356724,140.40042434411342,0,0.04623703299967019
2002,0,2.0,shortest,8000.0,1-1-1-1-1-1-1-1-1,1.319192859035697e-07,0.05590852099976473,577,100.528976821637,143.81508393932512,173.1179918477547,0,0.04706106499997986
2002,0,2.0,separable,8123.105625617661,1-1-2-2-2-1-2-2-1,1.7715099006831865e-07,0.05590852099976473,577,114.7560834578886,171.49682389481856,204.70384083516637,0,0.04820442999971419
2002,0,2.0,d_optimal,8184.658438426492,1-1-2-2-1-0-1-2-1,1.9880158696194788e-07,0.05590852099976473,577,106.41882907490522,154.50816023704814,186.64630809113814,0,0.04720136699961586
2002,0,8.0,shortest,8000.0,1-1-1-1-1-1-1-1-1,1.319192859035697e-07,0.05590852099976473,577,128.9709125016664,214.28627287584686,210.77901972455783,0,0.045415694000439544
2002,0,8.0,separable,8123.105625617661,1-1-2-2-2-1-2-2-1,1.7715099006831865e-07,0.05590852099976473,577,154.49021757256529,272.49465418046594,268.03869948955844,1,0.04572746399935568
2002,0,8.0,d_optimal,8184.658438426492,1-1-2-2-1-0-1-2-1,1.9880158696194788e-07,0.05590852099976473,577,121.48574016412269,213.74420830630729,209.06269137233772,0,0.04513017299996136
2002,1,2.0,shortest,8000.0,1-1-1-1-1-1-1-1-1,1.319192859035697e-07,0.05590852099976473,577,119.5989739988854,160.03779193121125,211.55168882428438,0,0.04508314199938468
2002,1,2.0,separable,8123.105625617661,1-1-2-2-2-1-2-2-1,1.7715099006831865e-07,0.05590852099976473,577,139.22259777364948,232.88502668078596,247.95995297784984,1,0.04675933999988047
2002,1,2.0,d_optimal,8184.658438426492,1-1-2-2-1-0-1-2-1,1.9880158696194788e-07,0.05590852099976473,577,124.03233775461689,210.54133748596374,226.9733832011258,0,0.04634041799999977
2002,1,8.0,shortest,8000.0,1-1-1-1-1-1-1-1-1,1.319192859035697e-07,0.05590852099976473,577,155.0891158582814,271.3634867334087,270.3332786017495,1,0.04479469699981564
2002,1,8.0,separable,8123.105625617661,1-1-2-2-2-1-2-2-1,1.7715099006831865e-07,0.05590852099976473,577,163.8555235372223,285.8104641979286,284.74329164889366,1,0.04252552400066634
2002,1,8.0,d_optimal,8184.658438426492,1-1-2-2-1-0-1-2-1,1.9880158696194788e-07,0.05590852099976473,577,144.82778022055012,269.60182695464664,264.45902568488646,1,0.04433622499982448
2002,2,2.0,shortest,8000.0,1-1-1-1-1-1-1-1-1,1.319192859035697e-07,0.05590852099976473,577,147.72231996948983,271.89853154118344,280.48008720109505,1,0.04525881700010359
2002,2,2.0,separable,8123.105625617661,1-1-2-2-2-1-2-2-1,1.7715099006831865e-07,0.05590852099976473,577,161.41554653643445,299.90195586602823,311.0766599820838,1,0.045273769999766955
2002,2,2.0,d_optimal,8184.658438426492,1-1-2-2-1-0-1-2-1,1.9880158696194788e-07,0.05590852099976473,577,149.07420923684109,283.4235397530878,290.788005889475,1,0.046103281000796414
2002,2,8.0,shortest,8000.0,1-1-1-1-1-1-1-1-1,1.319192859035697e-07,0.05590852099976473,577,214.63717812486064,417.7774033489531,400.3319622195828,1,0.046392207000280905
2002,2,8.0,separable,8123.105625617661,1-1-2-2-2-1-2-2-1,1.7715099006831865e-07,0.05590852099976473,577,214.69300602570516,427.8562194142072,407.81841954598264,1,0.04839695999999094
2002,2,8.0,d_optimal,8184.658438426492,1-1-2-2-1-0-1-2-1,1.9880158696194788e-07,0.05590852099976473,577,203.19227974336263,402.29706553043246,384.149553378866,1,0.04525700500016683
2002,3,2.0,shortest,8000.0,1-1-1-1-1-1-1-1-1,1.319192859035697e-07,0.05590852099976473,577,116.01865445955019,183.79059767799058,206.15451882322955,0,0.048661820000234
2002,3,2.0,separable,8123.105625617661,1-1-2-2-2-1-2-2-1,1.7715099006831865e-07,0.05590852099976473,577,141.63568024518423,235.80189716546022,252.6874168438613,1,0.04974588599998242
2002,3,2.0,d_optimal,8184.658438426492,1-1-2-2-1-0-1-2-1,1.9880158696194788e-07,0.05590852099976473,577,109.56949833251912,180.21565953302488,199.0621846115068,0,0.05403916700015543
2002,3,8.0,shortest,8000.0,1-1-1-1-1-1-1-1-1,1.319192859035697e-07,0.05590852099976473,577,162.94911732656277,281.68014074354693,281.68014074354693,1,0.04963493800005381
2002,3,8.0,separable,8123.105625617661,1-1-2-2-2-1-2-2-1,1.7715099006831865e-07,0.05590852099976473,577,216.43853341761945,386.3805098588136,386.3805098588136,1,0.052403744000002916
2002,3,8.0,d_optimal,8184.658438426492,1-1-2-2-1-0-1-2-1,1.9880158696194788e-07,0.05590852099976473,577,150.8337656570585,274.2921075039947,274.2921075039947,1,0.04860056799952872
2002,4,2.0,shortest,8000.0,1-1-1-1-1-1-1-1-1,1.319192859035697e-07,0.05590852099976473,577,110.69116636919127,187.02696855512286,193.88059400885857,0,0.05440475300019898
2002,4,2.0,separable,8123.105625617661,1-1-2-2-2-1-2-2-1,1.7715099006831865e-07,0.05590852099976473,577,132.10872230336875,220.4224827526721,228.6436511831017,0,0.057754966000175045
2002,4,2.0,d_optimal,8184.658438426492,1-1-2-2-1-0-1-2-1,1.9880158696194788e-07,0.05590852099976473,577,116.95330837002409,212.341089822254,212.15328956954048,0,0.053675672999816015
2002,4,8.0,shortest,8000.0,1-1-1-1-1-1-1-1-1,1.319192859035697e-07,0.05590852099976473,577,175.99364404246555,303.30033950081264,282.2713820708685,1,0.05111853699963831
2002,4,8.0,separable,8123.105625617661,1-1-2-2-2-1-2-2-1,1.7715099006831865e-07,0.05590852099976473,577,201.10282536043977,355.67442610145935,332.4736450281782,1,0.049099840999588196
2002,4,8.0,d_optimal,8184.658438426492,1-1-2-2-1-0-1-2-1,1.9880158696194788e-07,0.05590852099976473,577,161.7566831324911,296.4649643023948,270.0760340699719,1,0.05499025600056484
2002,5,2.0,shortest,8000.0,1-1-1-1-1-1-1-1-1,1.319192859035697e-07,0.05590852099976473,577,91.72292830595153,148.76299120053508,165.65318358839303,0,0.049578943000597064
2002,5,2.0,separable,8123.105625617661,1-1-2-2-2-1-2-2-1,1.7715099006831865e-07,0.05590852099976473,577,110.48420658335397,180.77241853216285,198.88270168859776,0,0.05468177100010507
2002,5,2.0,d_optimal,8184.658438426492,1-1-2-2-1-0-1-2-1,1.9880158696194788e-07,0.05590852099976473,577,89.40079970225125,155.95663971959388,166.69365179668515,0,0.05124825199982297
2002,5,8.0,shortest,8000.0,1-1-1-1-1-1-1-1-1,1.319192859035697e-07,0.05590852099976473,577,170.1481370588316,269.3966369359238,266.90879870852723,1,0.05170520100000431
2002,5,8.0,separable,8123.105625617661,1-1-2-2-2-1-2-2-1,1.7715099006831865e-07,0.05590852099976473,577,198.9217427160382,342.7872660063985,333.0702845760866,1,0.0464696629996979
2002,5,8.0,d_optimal,8184.658438426492,1-1-2-2-1-0-1-2-1,1.9880158696194788e-07,0.05590852099976473,577,153.44921169439675,268.7034832536424,252.7190071930219,1,0.04755722399931983
2002,6,2.0,shortest,8000.0,1-1-1-1-1-1-1-1-1,1.319192859035697e-07,0.05590852099976473,577,116.02784840438264,180.51138963839063,212.96998298902616,0,0.057696827999279776
2002,6,2.0,separable,8123.105625617661,1-1-2-2-2-1-2-2-1,1.7715099006831865e-07,0.05590852099976473,577,139.85181733461116,237.9316973473795,262.34012725979557,1,0.050901188000352704
2002,6,2.0,d_optimal,8184.658438426492,1-1-2-2-1-0-1-2-1,1.9880158696194788e-07,0.05590852099976473,577,120.31560859485067,220.08651598899178,235.47470476637375,0,0.04732275100013794
2002,6,8.0,shortest,8000.0,1-1-1-1-1-1-1-1-1,1.319192859035697e-07,0.05590852099976473,577,189.49158019011819,340.2004089903063,340.2004089903063,1,0.049174708999998984
2002,6,8.0,separable,8123.105625617661,1-1-2-2-2-1-2-2-1,1.7715099006831865e-07,0.05590852099976473,577,205.22546437910145,374.57728402576345,373.355506469679,1,0.051773068999864336
2002,6,8.0,d_optimal,8184.658438426492,1-1-2-2-1-0-1-2-1,1.9880158696194788e-07,0.05590852099976473,577,176.5293804141504,328.0191209995802,321.36866117440167,1,0.04881268799999816
2002,7,2.0,shortest,8000.0,1-1-1-1-1-1-1-1-1,1.319192859035697e-07,0.05590852099976473,577,107.71256565788025,177.78618268004556,199.01954359525385,0,0.050368545000310405
2002,7,2.0,separable,8123.105625617661,1-1-2-2-2-1-2-2-1,1.7715099006831865e-07,0.05590852099976473,577,130.73210661847773,227.4520332886479,241.48040359303354,1,0.04809087800003908
2002,7,2.0,d_optimal,8184.658438426492,1-1-2-2-1-0-1-2-1,1.9880158696194788e-07,0.05590852099976473,577,113.03203755027627,204.5534295202442,210.08472022696267,0,0.05139645500003098
2002,7,8.0,shortest,8000.0,1-1-1-1-1-1-1-1-1,1.319192859035697e-07,0.05590852099976473,577,163.12263298533492,289.1227789416863,273.03275516481045,1,0.046920273000068846
2002,7,8.0,separable,8123.105625617661,1-1-2-2-2-1-2-2-1,1.7715099006831865e-07,0.05590852099976473,577,183.96489217429036,335.1741140253117,316.4759357435578,1,0.05207479799992143
2002,7,8.0,d_optimal,8184.658438426492,1-1-2-2-1-0-1-2-1,1.9880158696194788e-07,0.05590852099976473,577,146.96895790605868,275.9911475965571,253.3821382170602,1,0.047213316000124905
2002,8,2.0,shortest,8000.0,1-1-1-1-1-1-1-1-1,1.319192859035697e-07,0.05590852099976473,577,90.15989754673227,145.56847940887408,150.638380488542,0,0.04645799599984457
2002,8,2.0,separable,8123.105625617661,1-1-2-2-2-1-2-2-1,1.7715099006831865e-07,0.05590852099976473,577,100.4244034344299,184.90622661216355,173.96279553125328,0,0.04796433800038358
2002,8,2.0,d_optimal,8184.658438426492,1-1-2-2-1-0-1-2-1,1.9880158696194788e-07,0.05590852099976473,577,88.06527386943803,162.24733150902594,147.52991681043804,0,0.04582376899998053
2002,8,8.0,shortest,8000.0,1-1-1-1-1-1-1-1-1,1.319192859035697e-07,0.05590852099976473,577,137.72402521049796,232.78819683131022,203.20962498808743,0,0.043902140000682266
2002,8,8.0,separable,8123.105625617661,1-1-2-2-2-1-2-2-1,1.7715099006831865e-07,0.05590852099976473,577,150.30465257055704,258.95748830242525,217.01802081208416,1,0.04766291399937472
2002,8,8.0,d_optimal,8184.658438426492,1-1-2-2-1-0-1-2-1,1.9880158696194788e-07,0.05590852099976473,577,125.22017396457937,219.14090840265646,181.05940087385,0,0.04568513100002747
2002,9,2.0,shortest,8000.0,1-1-1-1-1-1-1-1-1,1.319192859035697e-07,0.05590852099976473,577,127.48211086405881,193.24324930062804,216.33734630241582,0,0.04899962499985122
2002,9,2.0,separable,8123.105625617661,1-1-2-2-2-1-2-2-1,1.7715099006831865e-07,0.05590852099976473,577,149.10096712791594,231.9076239487655,245.63094652094142,1,0.045387731999653624
2002,9,2.0,d_optimal,8184.658438426492,1-1-2-2-1-0-1-2-1,1.9880158696194788e-07,0.05590852099976473,577,131.73871148574844,224.9868641352928,221.69961318564427,0,0.05108733900033258
2002,9,8.0,shortest,8000.0,1-1-1-1-1-1-1-1-1,1.319192859035697e-07,0.05590852099976473,577,231.9865604678583,378.77975134647335,352.22564752803714,1,0.0498706439993839
2002,9,8.0,separable,8123.105625617661,1-1-2-2-2-1-2-2-1,1.7715099006831865e-07,0.05590852099976473,577,244.07561109208115,399.2131210278319,369.06964060319154,1,0.04616004699983023
2002,9,8.0,d_optimal,8184.658438426492,1-1-2-2-1-0-1-2-1,1.9880158696194788e-07,0.05590852099976473,577,207.71290210484563,346.19259865383026,312.45950327146033,1,0.04304108199994516
2003,0,2.0,shortest,8000.0,1-1-1-1-1-1-1-1-1,3.464062869294657e-07,0.055142915999567776,577,112.14570795647258,177.3359067887092,183.33014106720185,0,0.04600897900036216
2003,0,2.0,separable,8123.105625617661,1-0-0-0-0-0-1-2-1,5.891956444038832e-07,0.055142915999567776,577,113.45316834331457,184.98764417703285,190.83564454607924,0,0.051383214999987104
2003,0,2.0,d_optimal,8123.105625617661,1-0-0-0-0-0-1-2-1,5.891956444038832e-07,0.055142915999567776,577,113.45316834331457,184.98764417703285,190.83564454607924,0,0.04839298500064615
2003,0,8.0,shortest,8000.0,1-1-1-1-1-1-1-1-1,3.464062869294657e-07,0.055142915999567776,577,164.6765933157408,273.13958729631827,265.6810784355639,1,0.04500103800000943
2003,0,8.0,separable,8123.105625617661,1-0-0-0-0-0-1-2-1,5.891956444038832e-07,0.055142915999567776,577,154.4533815555093,260.71508175677496,245.551273326076,1,0.04857211500075209
2003,0,8.0,d_optimal,8123.105625617661,1-0-0-0-0-0-1-2-1,5.891956444038832e-07,0.055142915999567776,577,154.4533815555093,260.71508175677496,245.551273326076,1,0.046000946999811276
2003,1,2.0,shortest,8000.0,1-1-1-1-1-1-1-1-1,3.464062869294657e-07,0.055142915999567776,577,86.37594910262703,187.21058323553297,140.7177944148808,0,0.049431530999754614
2003,1,2.0,separable,8123.105625617661,1-0-0-0-0-0-1-2-1,5.891956444038832e-07,0.055142915999567776,577,76.09888479314748,159.89446546669643,117.32849906654162,0,0.049682329999996
2003,1,2.0,d_optimal,8123.105625617661,1-0-0-0-0-0-1-2-1,5.891956444038832e-07,0.055142915999567776,577,76.09888479314748,159.89446546669643,117.32849906654162,0,0.04776794200006407
2003,1,8.0,shortest,8000.0,1-1-1-1-1-1-1-1-1,3.464062869294657e-07,0.055142915999567776,577,128.0891181681252,262.5211111676983,213.65987728580203,1,0.04737322700020741
2003,1,8.0,separable,8123.105625617661,1-0-0-0-0-0-1-2-1,5.891956444038832e-07,0.055142915999567776,577,117.63054824046571,235.887199311064,191.15848766866037,0,0.04572968800039234
2003,1,8.0,d_optimal,8123.105625617661,1-0-0-0-0-0-1-2-1,5.891956444038832e-07,0.055142915999567776,577,117.63054824046571,235.887199311064,191.15848766866037,0,0.04663720000007743
2003,2,2.0,shortest,8000.0,1-1-1-1-1-1-1-1-1,3.464062869294657e-07,0.055142915999567776,577,89.94408263873636,142.57071319245534,155.43645458025884,0,0.04902836300061608
2003,2,2.0,separable,8123.105625617661,1-0-0-0-0-0-1-2-1,5.891956444038832e-07,0.055142915999567776,577,85.17944522938465,140.6462933154111,140.6462933154111,0,0.0489545119999093
2003,2,2.0,d_optimal,8123.105625617661,1-0-0-0-0-0-1-2-1,5.891956444038832e-07,0.055142915999567776,577,85.17944522938465,140.6462933154111,140.6462933154111,0,0.0485225200000059
2003,2,8.0,shortest,8000.0,1-1-1-1-1-1-1-1-1,3.464062869294657e-07,0.055142915999567776,577,132.40417212919237,245.72499112013486,228.9203341386201,0,0.0458169010007623
2003,2,8.0,separable,8123.105625617661,1-0-0-0-0-0-1-2-1,5.891956444038832e-07,0.055142915999567776,577,122.69638519927652,228.44540389190664,205.4417024770902,0,0.046552169999813486
2003,2,8.0,d_optimal,8123.105625617661,1-0-0-0-0-0-1-2-1,5.891956444038832e-07,0.055142915999567776,577,122.69638519927652,228.44540389190664,205.4417024770902,0,0.053979079000782804
2003,3,2.0,shortest,8000.0,1-1-1-1-1-1-1-1-1,3.464062869294657e-07,0.055142915999567776,577,74.08946512431302,125.38272869249693,122.45228725119765,0,0.05114000699995813
2003,3,2.0,separable,8123.105625617661,1-0-0-0-0-0-1-2-1,5.891956444038832e-07,0.055142915999567776,577,76.99964667588733,142.16868467515985,134.0869576589962,0,0.050362295000013546
2003,3,2.0,d_optimal,8123.105625617661,1-0-0-0-0-0-1-2-1,5.891956444038832e-07,0.055142915999567776,577,76.99964667588733,142.16868467515985,134.0869576589962,0,0.05830145700019784
2003,3,8.0,shortest,8000.0,1-1-1-1-1-1-1-1-1,3.464062869294657e-07,0.055142915999567776,577,82.69143036850126,174.32905836280494,156.11427473603086,0,0.0510139119996893
2003,3,8.0,separable,8123.105625617661,1-0-0-0-0-0-1-2-1,5.891956444038832e-07,0.055142915999567776,577,91.4684311140591,175.44160168519943,155.73019070676548,0,0.053873980000389565
2003,3,8.0,d_optimal,8123.105625617661,1-0-0-0-0-0-1-2-1,5.891956444038832e-07,0.055142915999567776,577,91.4684311140591,175.44160168519943,155.73019070676548,0,0.04803728900060378
2003,4,2.0,shortest,8000.0,1-1-1-1-1-1-1-1-1,3.464062869294657e-07,0.055142915999567776,577,95.27795460787635,182.47473003187355,187.01411104116687,0,0.05018214300071122
2003,4,2.0,separable,8123.105625617661,1-0-0-0-0-0-1-2-1,5.891956444038832e-07,0.055142915999567776,577,90.73168929251315,172.36408849471533,178.62350252929065,0,0.04702322000048298
2003,4,2.0,d_optimal,8123.105625617661,1-0-0-0-0-0-1-2-1,5.891956444038832e-07,0.055142915999567776,577,90.73168929251315,172.36408849471533,178.62350252929065,0,0.05251715400027024
2003,4,8.0,shortest,8000.0,1-1-1-1-1-1-1-1-1,3.464062869294657e-07,0.055142915999567776,577,99.20813987506925,204.28328190198212,192.57489041191653,0,0.04546670299987454
2003,4,8.0,separable,8123.105625617661,1-0-0-0-0-0-1-2-1,5.891956444038832e-07,0.055142915999567776,577,101.1390613744781,207.67656624364727,193.1812654997572,0,0.0461649650005711
2003,4,8.0,d_optimal,8123.105625617661,1-0-0-0-0-0-1-2-1,5.891956444038832e-07,0.055142915999567776,577,101.1390613744781,207.67656624364727,193.1812654997572,0,0.04658508400007122
2003,5,2.0,shortest,8000.0,1-1-1-1-1-1-1-1-1,3.464062869294657e-07,0.055142915999567776,577,94.17479893229647,208.226364616185,171.5451199156382,0,0.046866984000189404
2003,5,2.0,separable,8123.105625617661,1-0-0-0-0-0-1-2-1,5.891956444038832e-07,0.055142915999567776,577,99.82758086197501,214.05767226796527,180.71732294333546,0,0.04944283799977711
2003,5,2.0,d_optimal,8123.105625617661,1-0-0-0-0-0-1-2-1,5.891956444038832e-07,0.055142915999567776,577,99.82758086197501,214.05767226796527,180.71732294333546,0,0.04929383400030929
2003,5,8.0,shortest,8000.0,1-1-1-1-1-1-1-1-1,3.464062869294657e-07,0.055142915999567776,577,120.37510790206359,277.37960439925325,218.04388758183913,1,0.045364909000454645
2003,5,8.0,separable,8123.105625617661,1-0-0-0-0-0-1-2-1,5.891956444038832e-07,0.055142915999567776,577,114.19784219934311,250.77438071340583,190.00448862075376,1,0.04726905099960277
2003,5,8.0,d_optimal,8123.105625617661,1-0-0-0-0-0-1-2-1,5.891956444038832e-07,0.055142915999567776,577,114.19784219934311,250.77438071340583,190.00448862075376,1,0.04640825200021936
2003,6,2.0,shortest,8000.0,1-1-1-1-1-1-1-1-1,3.464062869294657e-07,0.055142915999567776,577,118.11676134176085,228.6642884167227,201.9524936073547,0,0.048973030000524886
2003,6,2.0,separable,8123.105625617661,1-0-0-0-0-0-1-2-1,5.891956444038832e-07,0.055142915999567776,577,121.2178600717129,216.05548941447583,196.3815802076474,0,0.05178668300050049
2003,6,2.0,d_optimal,8123.105625617661,1-0-0-0-0-0-1-2-1,5.891956444038832e-07,0.055142915999567776,577,121.2178600717129,216.05548941447583,196.3815802076474,0,0.0496684780000578
2003,6,8.0,shortest,8000.0,1-1-1-1-1-1-1-1-1,3.464062869294657e-07,0.055142915999567776,577,239.01741055475995,410.1869224636026,384.59644766117424,1,0.0493447560002096
2003,6,8.0,separable,8123.105625617661,1-0-0-0-0-0-1-2-1,5.891956444038832e-07,0.055142915999567776,577,225.97133633772427,374.5924861704855,345.99013761247494,1,0.04888558299990109
2003,6,8.0,d_optimal,8123.105625617661,1-0-0-0-0-0-1-2-1,5.891956444038832e-07,0.055142915999567776,577,225.97133633772427,374.5924861704855,345.99013761247494,1,0.04607446499994694
2003,7,2.0,shortest,8000.0,1-1-1-1-1-1-1-1-1,3.464062869294657e-07,0.055142915999567776,577,76.0102985598689,141.76408034431057,122.48680506847715,0,0.054321204999723705
2003,7,2.0,separable,8123.105625617661,1-0-0-0-0-0-1-2-1,5.891956444038832e-07,0.055142915999567776,577,82.53031068697265,151.35759355655617,138.07104625823493,0,0.050572359999932814
2003,7,2.0,d_optimal,8123.105625617661,1-0-0-0-0-0-1-2-1,5.891956444038832e-07,0.055142915999567776,577,82.53031068697265,151.35759355655617,138.07104625823493,0,0.05321730000014213
2003,7,8.0,shortest,8000.0,1-1-1-1-1-1-1-1-1,3.464062869294657e-07,0.055142915999567776,577,128.32606056723455,242.22129725203067,217.1136343891663,0,0.048766666000119585
2003,7,8.0,separable,8123.105625617661,1-0-0-0-0-0-1-2-1,5.891956444038832e-07,0.055142915999567776,577,122.16347856946918,221.26314755193496,193.00482617504485,0,0.048398541000096884
2003,7,8.0,d_optimal,8123.105625617661,1-0-0-0-0-0-1-2-1,5.891956444038832e-07,0.055142915999567776,577,122.16347856946918,221.26314755193496,193.00482617504485,0,0.046907752999686636
2003,8,2.0,shortest,8000.0,1-1-1-1-1-1-1-1-1,3.464062869294657e-07,0.055142915999567776,577,96.42405886317447,176.7104868290027,169.28047491802974,0,0.04744348100030038
2003,8,2.0,separable,8123.105625617661,1-0-0-0-0-0-1-2-1,5.891956444038832e-07,0.055142915999567776,577,106.94328459664392,177.47374404965848,169.67224566060605,0,0.04807733600046049
2003,8,2.0,d_optimal,8123.105625617661,1-0-0-0-0-0-1-2-1,5.891956444038832e-07,0.055142915999567776,577,106.94328459664392,177.47374404965848,169.67224566060605,0,0.04906717999983812
2003,8,8.0,shortest,8000.0,1-1-1-1-1-1-1-1-1,3.464062869294657e-07,0.055142915999567776,577,165.94168665500635,298.06160507103533,273.96457834171935,1,0.048253992999889306
2003,8,8.0,separable,8123.105625617661,1-0-0-0-0-0-1-2-1,5.891956444038832e-07,0.055142915999567776,577,151.05230799133636,258.7447905062238,233.6771977251546,1,0.05080286700012948
2003,8,8.0,d_optimal,8123.105625617661,1-0-0-0-0-0-1-2-1,5.891956444038832e-07,0.055142915999567776,577,151.05230799133636,258.7447905062238,233.6771977251546,1,0.045471696999811684
2003,9,2.0,shortest,8000.0,1-1-1-1-1-1-1-1-1,3.464062869294657e-07,0.055142915999567776,577,84.74752242158466,116.689321852896,132.49461337926434,0,0.0488534369997069
2003,9,2.0,separable,8123.105625617661,1-0-0-0-0-0-1-2-1,5.891956444038832e-07,0.055142915999567776,577,107.35003824675752,182.38984822080116,180.66587899662227,0,0.049355834999914805
2003,9,2.0,d_optimal,8123.105625617661,1-0-0-0-0-0-1-2-1,5.891956444038832e-07,0.055142915999567776,577,107.35003824675752,182.38984822080116,180.66587899662227,0,0.050242672999956994
2003,9,8.0,shortest,8000.0,1-1-1-1-1-1-1-1-1,3.464062869294657e-07,0.055142915999567776,577,106.03700302478478,173.55093533954366,166.83857487553493,0,0.04952635200061195
2003,9,8.0,separable,8123.105625617661,1-0-0-0-0-0-1-2-1,5.891956444038832e-07,0.055142915999567776,577,117.61305437072345,176.08846290687262,168.0238700248776,0,0.04800067999985913
2003,9,8.0,d_optimal,8123.105625617661,1-0-0-0-0-0-1-2-1,5.891956444038832e-07,0.055142915999567776,577,117.61305437072345,176.08846290687262,168.0238700248776,0,0.04550042999926518
2004,0,2.0,shortest,8000.0,1-1-1-1-1-1-1-1-1,6.227807801939961e-06,0.059910089000368316,577,162.77769511918603,243.17904484522379,228.13200030242544,0,0.05595240399998147
2004,0,2.0,separable,8184.658438426492,1-0-0-0-1-2-1-0-1,1.253910150601284e-05,0.059910089000368316,577,87.11770316340984,133.67939256349885,133.423242221924,0,0.057310352999593306
2004,0,2.0,d_optimal,8184.658438426492,1-0-0-0-1-2-1-0-1,1.253910150601284e-05,0.059910089000368316,577,87.11770316340984,133.67939256349885,133.423242221924,0,0.05185261200040259
2004,0,8.0,shortest,8000.0,1-1-1-1-1-1-1-1-1,6.227807801939961e-06,0.059910089000368316,577,105.45097454705696,76.18753286834097,193.9715601504468,0,0.051563965000241296
2004,0,8.0,separable,8184.658438426492,1-0-0-0-1-2-1-0-1,1.253910150601284e-05,0.059910089000368316,577,78.92846053841933,78.15215415994585,165.59365440487107,0,0.053755521000312
2004,0,8.0,d_optimal,8184.658438426492,1-0-0-0-1-2-1-0-1,1.253910150601284e-05,0.059910089000368316,577,78.92846053841933,78.15215415994585,165.59365440487107,0,0.054845034000209125
2004,1,2.0,shortest,8000.0,1-1-1-1-1-1-1-1-1,6.227807801939961e-06,0.059910089000368316,577,141.9943648141433,193.26321947511852,200.43025252378615,0,0.053967912000189244
2004,1,2.0,separable,8184.658438426492,1-0-0-0-1-2-1-0-1,1.253910150601284e-05,0.059910089000368316,577,111.61213032485288,172.54597557700723,171.77998637736596,0,0.05346187800023472
2004,1,2.0,d_optimal,8184.658438426492,1-0-0-0-1-2-1-0-1,1.253910150601284e-05,0.059910089000368316,577,111.61213032485288,172.54597557700723,171.77998637736596,0,0.053318641999794636
2004,1,8.0,shortest,8000.0,1-1-1-1-1-1-1-1-1,6.227807801939961e-06,0.059910089000368316,577,149.85449915222753,220.05557723721657,220.05557723721657,0,0.047413194999535335
2004,1,8.0,separable,8184.658438426492,1-0-0-0-1-2-1-0-1,1.253910150601284e-05,0.059910089000368316,577,104.75665146649995,158.49898792674387,163.26543965885108,0,0.052665827999589965
2004,1,8.0,d_optimal,8184.658438426492,1-0-0-0-1-2-1-0-1,1.253910150601284e-05,0.059910089000368316,577,104.75665146649995,158.49898792674387,163.26543965885108,0,0.050401220999447105
2004,2,2.0,shortest,8000.0,1-1-1-1-1-1-1-1-1,6.227807801939961e-06,0.059910089000368316,577,181.1028924076419,327.637338516327,264.22078996070553,1,0.055315564000011364
2004,2,2.0,separable,8184.658438426492,1-0-0-0-1-2-1-0-1,1.253910150601284e-05,0.059910089000368316,577,108.68778516351173,223.09837209656754,184.2352761495065,0,0.05524964500000351
2004,2,2.0,d_optimal,8184.658438426492,1-0-0-0-1-2-1-0-1,1.253910150601284e-05,0.059910089000368316,577,108.68778516351173,223.09837209656754,184.2352761495065,0,0.05419073800021579
2004,2,8.0,shortest,8000.0,1-1-1-1-1-1-1-1-1,6.227807801939961e-06,0.059910089000368316,577,142.47171979402853,238.02361636970852,216.5261046099124,0,0.05544288600049185
2004,2,8.0,separable,8184.658438426492,1-0-0-0-1-2-1-0-1,1.253910150601284e-05,0.059910089000368316,577,132.29164512225879,237.27708410998636,211.0582042026469,0,0.05274393499985308
2004,2,8.0,d_optimal,8184.658438426492,1-0-0-0-1-2-1-0-1,1.253910150601284e-05,0.059910089000368316,577,132.29164512225879,237.27708410998636,211.0582042026469,0,0.052259494999816525
2004,3,2.0,shortest,8000.0,1-1-1-1-1-1-1-1-1,6.227807801939961e-06,0.059910089000368316,577,181.24721957396974,292.6724822017608,272.73162881186266,1,0.05578037499981292
2004,3,2.0,separable,8184.658438426492,1-0-0-0-1-2-1-0-1,1.253910150601284e-05,0.059910089000368316,577,108.52753822487594,208.6584868225138,176.72565755432709,0,0.05403681499956292
2004,3,2.0,d_optimal,8184.658438426492,1-0-0-0-1-2-1-0-1,1.253910150601284e-05,0.059910089000368316,577,108.52753822487594,208.6584868225138,176.72565755432709,0,0.05495765399973607
2004,3,8.0,shortest,8000.0,1-1-1-1-1-1-1-1-1,6.227807801939961e-06,0.059910089000368316,577,135.45341851659776,192.4054155925129,191.77686983985564,0,0.047894190999613784
2004,3,8.0,separable,8184.658438426492,1-0-0-0-1-2-1-0-1,1.253910150601284e-05,0.059910089000368316,577,109.66243902904735,197.71830406915575,171.9467497109836,0,0.05203989300025569
2004,3,8.0,d_optimal,8184.658438426492,1-0-0-0-1-2-1-0-1,1.253910150601284e-05,0.059910089000368316,577,109.66243902904735,197.71830406915575,171.9467497109836,0,0.04945831900022313
2004,4,2.0,shortest,8000.0,1-1-1-1-1-1-1-1-1,6.227807801939961e-06,0.059910089000368316,577,158.04783772646022,273.6237612289574,259.2953675220391,1,0.05292802300027688
2004,4,2.0,separable,8184.658438426492,1-0-0-0-1-2-1-0-1,1.253910150601284e-05,0.059910089000368316,577,106.23115091837434,223.38577512059393,211.50360358467202,0,0.05163440199976321
2004,4,2.0,d_optimal,8184.658438426492,1-0-0-0-1-2-1-0-1,1.253910150601284e-05,0.059910089000368316,577,106.23115091837434,223.38577512059393,211.50360358467202,0,0.04923397099992144
2004,4,8.0,shortest,8000.0,1-1-1-1-1-1-1-1-1,6.227807801939961e-06,0.059910089000368316,577,164.18168932191347,268.25079061591,257.94369390097984,1,0.04526356299993495
2004,4,8.0,separable,8184.658438426492,1-0-0-0-1-2-1-0-1,1.253910150601284e-05,0.059910089000368316,577,133.77488913565003,241.91100283888298,230.40392143308438,0,0.04602456999964488
2004,4,8.0,d_optimal,8184.658438426492,1-0-0-0-1-2-1-0-1,1.253910150601284e-05,0.059910089000368316,577,133.77488913565003,241.91100283888298,230.40392143308438,0,0.045777827999700094
2004,5,2.0,shortest,8000.0,1-1-1-1-1-1-1-1-1,6.227807801939961e-06,0.059910089000368316,577,171.51126560409392,261.187568980043,251.71053538088998,1,0.05243165499996394
2004,5,2.0,separable,8184.658438426492,1-0-0-0-1-2-1-0-1,1.253910150601284e-05,0.059910089000368316,577,83.15020227210715,146.91002754324617,137.91982014065275,0,0.052736953999556135
2004,5,2.0,d_optimal,8184.658438426492,1-0-0-0-1-2-1-0-1,1.253910150601284e-05,0.059910089000368316,577,83.15020227210715,146.91002754324617,137.91982014065275,0,0.05153087599956052
2004,5,8.0,shortest,8000.0,1-1-1-1-1-1-1-1-1,6.227807801939961e-06,0.059910089000368316,577,113.36160887696873,150.67825163866056,162.01780372185473,0,0.04464813399954437
2004,5,8.0,separable,8184.658438426492,1-0-0-0-1-2-1-0-1,1.253910150601284e-05,0.059910089000368316,577,95.37681834274355,151.97949590591173,146.12761047064694,0,0.04764499500015518
2004,5,8.0,d_optimal,8184.658438426492,1-0-0-0-1-2-1-0-1,1.253910150601284e-05,0.059910089000368316,577,95.37681834274355,151.97949590591173,146.12761047064694,0,0.05312198499996157
2004,6,2.0,shortest,8000.0,1-1-1-1-1-1-1-1-1,6.227807801939961e-06,0.059910089000368316,577,191.55595376663044,338.6856881802436,302.6893838157753,1,0.05010335200040572
2004,6,2.0,separable,8184.658438426492,1-0-0-0-1-2-1-0-1,1.253910150601284e-05,0.059910089000368316,577,119.90969400306591,249.4929509529897,215.09488216943498,0,0.06091961199945217
2004,6,2.0,d_optimal,8184.658438426492,1-0-0-0-1-2-1-0-1,1.253910150601284e-05,0.059910089000368316,577,119.90969400306591,249.4929509529897,215.09488216943498,0,0.05590349200065248
2004,6,8.0,shortest,8000.0,1-1-1-1-1-1-1-1-1,6.227807801939961e-06,0.059910089000368316,577,152.44959295773745,244.61193844594757,231.1959661594217,0,0.05163045500012231
2004,6,8.0,separable,8184.658438426492,1-0-0-0-1-2-1-0-1,1.253910150601284e-05,0.059910089000368316,577,107.82256617676353,206.41970858608158,174.82415323106025,0,0.05714678599997569
2004,6,8.0,d_optimal,8184.658438426492,1-0-0-0-1-2-1-0-1,1.253910150601284e-05,0.059910089000368316,577,107.82256617676353,206.41970858608158,174.82415323106025,0,0.04899689400008356
2004,7,2.0,shortest,8000.0,1-1-1-1-1-1-1-1-1,6.227807801939961e-06,0.059910089000368316,577,201.1745264402587,383.8327363836991,310.72242579398966,1,0.053880819999903906
2004,7,2.0,separable,8184.658438426492,1-0-0-0-1-2-1-0-1,1.253910150601284e-05,0.059910089000368316,577,118.59551242257182,286.4876352414114,218.97712822634114,1,0.05450835699957679
2004,7,2.0,d_optimal,8184.658438426492,1-0-0-0-1-2-1-0-1,1.253910150601284e-05,0.059910089000368316,577,118.59551242257182,286.4876352414114,218.97712822634114,1,0.05247336700085725
2004,7,8.0,shortest,8000.0,1-1-1-1-1-1-1-1-1,6.227807801939961e-06,0.059910089000368316,577,187.2306872425489,337.65419312116313,283.071000394762,1,0.0505449789998238
2004,7,8.0,separable,8184.658438426492,1-0-0-0-1-2-1-0-1,1.253910150601284e-05,0.059910089000368316,577,144.1819691154697,307.9907449941626,250.89979529062055,1,0.05106452299969533
2004,7,8.0,d_optimal,8184.658438426492,1-0-0-0-1-2-1-0-1,1.253910150601284e-05,0.059910089000368316,577,144.1819691154697,307.9907449941626,250.89979529062055,1,0.05199653799991211
2004,8,2.0,shortest,8000.0,1-1-1-1-1-1-1-1-1,6.227807801939961e-06,0.059910089000368316,577,166.48110991669418,271.7214773253941,250.82541856434312,1,0.05081364400029997
2004,8,2.0,separable,8184.658438426492,1-0-0-0-1-2-1-0-1,1.253910150601284e-05,0.059910089000368316,577,127.75683403272336,241.33840059548643,223.92774545914997,0,0.06920318700031203
2004,8,2.0,d_optimal,8184.658438426492,1-0-0-0-1-2-1-0-1,1.253910150601284e-05,0.059910089000368316,577,127.75683403272336,241.33840059548643,223.92774545914997,0,0.05366580500049167
2004,8,8.0,shortest,8000.0,1-1-1-1-1-1-1-1-1,6.227807801939961e-06,0.059910089000368316,577,213.35603840036356,338.2320433070154,333.5620758706707,1,0.04922013099985634
2004,8,8.0,separable,8184.658438426492,1-0-0-0-1-2-1-0-1,1.253910150601284e-05,0.059910089000368316,577,138.9617767041334,249.93454179594912,232.93209151604893,0,0.049027839999325806
2004,8,8.0,d_optimal,8184.658438426492,1-0-0-0-1-2-1-0-1,1.253910150601284e-05,0.059910089000368316,577,138.9617767041334,249.93454179594912,232.93209151604893,0,0.05520172300020931
2004,9,2.0,shortest,8000.0,1-1-1-1-1-1-1-1-1,6.227807801939961e-06,0.059910089000368316,577,187.13791565787648,310.1108663207282,273.8161686527433,1,0.05664614099987375
2004,9,2.0,separable,8184.658438426492,1-0-0-0-1-2-1-0-1,1.253910150601284e-05,0.059910089000368316,577,103.5973015038749,208.0676560191774,173.2874784752637,0,0.05210551199979818
2004,9,2.0,d_optimal,8184.658438426492,1-0-0-0-1-2-1-0-1,1.253910150601284e-05,0.059910089000368316,577,103.5973015038749,208.0676560191774,173.2874784752637,0,0.05121312699975533
2004,9,8.0,shortest,8000.0,1-1-1-1-1-1-1-1-1,6.227807801939961e-06,0.059910089000368316,577,156.93003749525843,256.4034428703275,226.96115016171825,1,0.05277223400025832
2004,9,8.0,separable,8184.658438426492,1-0-0-0-1-2-1-0-1,1.253910150601284e-05,0.059910089000368316,577,105.35218160402626,189.22833116900486,162.53875470111922,0,0.05194623199986381
2004,9,8.0,d_optimal,8184.658438426492,1-0-0-0-1-2-1-0-1,1.253910150601284e-05,0.059910089000368316,577,105.35218160402626,189.22833116900486,162.53875470111922,0,0.05501424900012353
2005,0,2.0,shortest,8000.0,1-1-1-1-1-1-1-1-1,9.980550406183398e-07,0.06399968200003059,577,109.73353451056181,114.10906094444755,166.5151303318013,0,0.055650960999628296
2005,0,2.0,separable,8123.105625617661,1-1-1-2-2-2-1-0-1,1.262654755792699e-06,0.06399968200003059,577,113.06599015274587,198.76530358491036,192.20246375926286,0,0.05513592399984191
2005,0,2.0,d_optimal,8123.105625617661,1-1-1-2-2-2-1-0-1,1.262654755792699e-06,0.06399968200003059,577,113.06599015274587,198.76530358491036,192.20246375926286,0,0.06157445499957248
2005,0,8.0,shortest,8000.0,1-1-1-1-1-1-1-1-1,9.980550406183398e-07,0.06399968200003059,577,166.35655462846083,263.5423032077105,248.85125806600257,1,0.06378782400042837
2005,0,8.0,separable,8123.105625617661,1-1-1-2-2-2-1-0-1,1.262654755792699e-06,0.06399968200003059,577,157.8410121411433,263.0165099320252,250.77042751941207,1,0.05673855100030778
2005,0,8.0,d_optimal,8123.105625617661,1-1-1-2-2-2-1-0-1,1.262654755792699e-06,0.06399968200003059,577,157.8410121411433,263.0165099320252,250.77042751941207,1,0.06372238400035712
2005,1,2.0,shortest,8000.0,1-1-1-1-1-1-1-1-1,9.980550406183398e-07,0.06399968200003059,577,145.51182998320428,203.97381868033892,234.36099072978197,0,0.05799148999994941
2005,1,2.0,separable,8123.105625617661,1-1-1-2-2-2-1-0-1,1.262654755792699e-06,0.06399968200003059,577,166.03070193570136,319.23218358430427,318.38107438167316,1,0.06657458700010466
2005,1,2.0,d_optimal,8123.105625617661,1-1-1-2-2-2-1-0-1,1.262654755792699e-06,0.06399968200003059,577,166.03070193570136,319.23218358430427,318.38107438167316,1,0.05330562200015265
2005,1,8.0,shortest,8000.0,1-1-1-1-1-1-1-1-1,9.980550406183398e-07,0.06399968200003059,577,210.56751481080124,379.87456755217914,377.85160562712446,1,0.06435062200034736
2005,1,8.0,separable,8123.105625617661,1-1-1-2-2-2-1-0-1,1.262654755792699e-06,0.06399968200003059,577,204.91801864713574,383.8508118601855,383.81838283182714,1,0.05768737200014584
2005,1,8.0,d_optimal,8123.105625617661,1-1-1-2-2-2-1-0-1,1.262654755792699e-06,0.06399968200003059,577,204.91801864713574,383.8508118601855,383.81838283182714,1,0.05181302099936147
2005,2,2.0,shortest,8000.0,1-1-1-1-1-1-1-1-1,9.980550406183398e-07,0.06399968200003059,577,134.47075484056734,228.77035330924568,220.8556429484546,0,0.0539422130004823
2005,2,2.0,separable,8123.105625617661,1-1-1-2-2-2-1-0-1,1.262654755792699e-06,0.06399968200003059,577,139.96624674462547,287.5530796762154,278.1606975309048,1,0.06109214800017071
2005,2,2.0,d_optimal,8123.105625617661,1-1-1-2-2-2-1-0-1,1.262654755792699e-06,0.06399968200003059,577,139.96624674462547,287.5530796762154,278.1606975309048,1,0.05265689499992732
2005,2,8.0,shortest,8000.0,1-1-1-1-1-1-1-1-1,9.980550406183398e-07,0.06399968200003059,577,175.55666574674592,307.716074874118,298.1244565138396,1,0.049281096999948204
2005,2,8.0,separable,8123.105625617661,1-1-1-2-2-2-1-0-1,1.262654755792699e-06,0.06399968200003059,577,185.5964745999758,331.3631730783114,322.2600317306567,1,0.05177112799992756
2005,2,8.0,d_optimal,8123.105625617661,1-1-1-2-2-2-1-0-1,1.262654755792699e-06,0.06399968200003059,577,185.5964745999758,331.3631730783114,322.2600317306567,1,0.05921576200034906
2005,3,2.0,shortest,8000.0,1-1-1-1-1-1-1-1-1,9.980550406183398e-07,0.06399968200003059,577,125.84145922597924,144.78470524407487,181.58852068021315,0,0.06645111099987844
2005,3,2.0,separable,8123.105625617661,1-1-1-2-2-2-1-0-1,1.262654755792699e-06,0.06399968200003059,577,134.37608289390047,220.8383755650002,208.55492250406263,0,0.05551762899995083
2005,3,2.0,d_optimal,8123.105625617661,1-1-1-2-2-2-1-0-1,1.262654755792699e-06,0.06399968200003059,577,134.37608289390047,220.8383755650002,208.55492250406263,0,0.05621572100062622
2005,3,8.0,shortest,8000.0,1-1-1-1-1-1-1-1-1,9.980550406183398e-07,0.06399968200003059,577,177.37261219793834,264.5511590151417,256.9469642362464,1,0.05651466299968888
2005,3,8.0,separable,8123.105625617661,1-1-1-2-2-2-1-0-1,1.262654755792699e-06,0.06399968200003059,577,169.77908533846028,284.7399869213636,266.98170421104015,1,0.058771056000296085
2005,3,8.0,d_optimal,8123.105625617661,1-1-1-2-2-2-1-0-1,1.262654755792699e-06,0.06399968200003059,577,169.77908533846028,284.7399869213636,266.98170421104015,1,0.05654399699960777
2005,4,2.0,shortest,8000.0,1-1-1-1-1-1-1-1-1,9.980550406183398e-07,0.06399968200003059,577,158.24041404930668,232.86458647170764,234.37959578810626,1,0.07650630599982833
2005,4,2.0,separable,8123.105625617661,1-1-1-2-2-2-1-0-1,1.262654755792699e-06,0.06399968200003059,577,176.18102011835032,339.2198441682621,318.29602644301633,1,0.056641885000317416
2005,4,2.0,d_optimal,8123.105625617661,1-1-1-2-2-2-1-0-1,1.262654755792699e-06,0.06399968200003059,577,176.18102011835032,339.2198441682621,318.29602644301633,1,0.05023126600008254
2005,4,8.0,shortest,8000.0,1-1-1-1-1-1-1-1-1,9.980550406183398e-07,0.06399968200003059,577,219.0928312044365,380.4033000315342,357.77499674193984,1,0.050022330000501825
2005,4,8.0,separable,8123.105625617661,1-1-1-2-2-2-1-0-1,1.262654755792699e-06,0.06399968200003059,577,218.98429382060476,406.89361029307065,385.36253192323807,1,0.05465946399999666
2005,4,8.0,d_optimal,8123.105625617661,1-1-1-2-2-2-1-0-1,1.262654755792699e-06,0.06399968200003059,577,218.98429382060476,406.89361029307065,385.36253192323807,1,0.04884708800000226
2005,5,2.0,shortest,8000.0,1-1-1-1-1-1-1-1-1,9.980550406183398e-07,0.06399968200003059,577,130.12181889218715,211.30332325004684,199.1282839318751,0,0.05592717099989386
2005,5,2.0,separable,8123.105625617661,1-1-1-2-2-2-1-0-1,1.262654755792699e-06,0.06399968200003059,577,140.84983721353183,294.98980865493866,269.34481918507663,1,0.059459784999489784
2005,5,2.0,d_optimal,8123.105625617661,1-1-1-2-2-2-1-0-1,1.262654755792699e-06,0.06399968200003059,577,140.84983721353183,294.98980865493866,269.34481918507663,1,0.05250255200007814
2005,5,8.0,shortest,8000.0,1-1-1-1-1-1-1-1-1,9.980550406183398e-07,0.06399968200003059,577,180.89742018404672,351.7158843246377,321.96999320704913,1,0.05596889499975077
2005,5,8.0,separable,8123.105625617661,1-1-1-2-2-2-1-0-1,1.262654755792699e-06,0.06399968200003059,577,183.88305748343205,363.6910355510499,336.90258922750877,1,0.05299317200024234
2005,5,8.0,d_optimal,8123.105625617661,1-1-1-2-2-2-1-0-1,1.262654755792699e-06,0.06399968200003059,577,183.88305748343205,363.6910355510499,336.90258922750877,1,0.052820812000391015
2005,6,2.0,shortest,8000.0,1-1-1-1-1-1-1-1-1,9.980550406183398e-07,0.06399968200003059,577,110.15886882974644,204.5298247599045,167.46782406244668,0,0.056599170000481536
2005,6,2.0,separable,8123.105625617661,1-1-1-2-2-2-1-0-1,1.262654755792699e-06,0.06399968200003059,577,127.76355670701354,297.6200820675969,236.72099496910778,1,0.05062536000059481
2005,6,2.0,d_optimal,8123.105625617661,1-1-1-2-2-2-1-0-1,1.262654755792699e-06,0.06399968200003059,577,127.76355670701354,297.6200820675969,236.72099496910778,1,0.051827703000526526
2005,6,8.0,shortest,8000.0,1-1-1-1-1-1-1-1-1,9.980550406183398e-07,0.06399968200003059,577,125.8933800878683,267.13781188217337,203.70199924620275,1,0.04623576900030457
2005,6,8.0,separable,8123.105625617661,1-1-1-2-2-2-1-0-1,1.262654755792699e-06,0.06399968200003059,577,137.7225202618187,298.7377529997309,237.85544106213862,1,0.04739672999949107
2005,6,8.0,d_optimal,8123.105625617661,1-1-1-2-2-2-1-0-1,1.262654755792699e-06,0.06399968200003059,577,137.7225202618187,298.7377529997309,237.85544106213862,1,0.06358326500048861
2005,7,2.0,shortest,8000.0,1-1-1-1-1-1-1-1-1,9.980550406183398e-07,0.06399968200003059,577,118.51948834000349,163.8465342478604,183.8747453616363,0,0.05381786500038288
2005,7,2.0,separable,8123.105625617661,1-1-1-2-2-2-1-0-1,1.262654755792699e-06,0.06399968200003059,577,135.16083310312405,270.4326830186682,239.73421053371496,1,0.05315922200043133
2005,7,2.0,d_optimal,8123.105625617661,1-1-1-2-2-2-1-0-1,1.262654755792699e-06,0.06399968200003059,577,135.16083310312405,270.4326830186682,239.73421053371496,1,0.06412426000042615
2005,7,8.0,shortest,8000.0,1-1-1-1-1-1-1-1-1,9.980550406183398e-07,0.06399968200003059,577,156.64723826255732,285.31539022128237,252.8889230216884,1,0.05896990600012941
2005,7,8.0,separable,8123.105625617661,1-1-1-2-2-2-1-0-1,1.262654755792699e-06,0.06399968200003059,577,155.76665342399028,307.5696086810837,273.1134578966586,1,0.05309108900019055
2005,7,8.0,d_optimal,8123.105625617661,1-1-1-2-2-2-1-0-1,1.262654755792699e-06,0.06399968200003059,577,155.76665342399028,307.5696086810837,273.1134578966586,1,0.047148650999588426
2005,8,2.0,shortest,8000.0,1-1-1-1-1-1-1-1-1,9.980550406183398e-07,0.06399968200003059,577,136.47885250975796,182.66923237856938,191.7755183737359,0,0.04681205799988675
2005,8,2.0,separable,8123.105625617661,1-1-1-2-2-2-1-0-1,1.262654755792699e-06,0.06399968200003059,577,143.30478339329923,258.0766458295007,239.57066617091522,1,0.047207134000018414
2005,8,2.0,d_optimal,8123.105625617661,1-1-1-2-2-2-1-0-1,1.262654755792699e-06,0.06399968200003059,577,143.30478339329923,258.0766458295007,239.57066617091522,1,0.047758585000337916
2005,8,8.0,shortest,8000.0,1-1-1-1-1-1-1-1-1,9.980550406183398e-07,0.06399968200003059,577,176.16114949324717,282.4192710479937,263.0350817968196,1,0.0552766659993722
2005,8,8.0,separable,8123.105625617661,1-1-1-2-2-2-1-0-1,1.262654755792699e-06,0.06399968200003059,577,172.31683122538183,299.007814534173,281.74770956975897,1,0.054235915999925055
2005,8,8.0,d_optimal,8123.105625617661,1-1-1-2-2-2-1-0-1,1.262654755792699e-06,0.06399968200003059,577,172.31683122538183,299.007814534173,281.74770956975897,1,0.05826213899945287
2005,9,2.0,shortest,8000.0,1-1-1-1-1-1-1-1-1,9.980550406183398e-07,0.06399968200003059,577,99.99643169799053,155.04734903005522,157.2053210916223,0,0.0597245250000924
2005,9,2.0,separable,8123.105625617661,1-1-1-2-2-2-1-0-1,1.262654755792699e-06,0.06399968200003059,577,114.52872445418895,236.70696646117526,219.37548976962117,0,0.05002865999995265
2005,9,2.0,d_optimal,8123.105625617661,1-1-1-2-2-2-1-0-1,1.262654755792699e-06,0.06399968200003059,577,114.52872445418895,236.70696646117526,219.37548976962117,0,0.054985576999570185
2005,9,8.0,shortest,8000.0,1-1-1-1-1-1-1-1-1,9.980550406183398e-07,0.06399968200003059,577,110.75265537524739,209.1045719392605,192.76852006134746,0,0.04670439599976817
2005,9,8.0,separable,8123.105625617661,1-1-1-2-2-2-1-0-1,1.262654755792699e-06,0.06399968200003059,577,122.73476431449839,241.9875299445671,223.06703632936902,0,0.048697641999751795
2005,9,8.0,d_optimal,8123.105625617661,1-1-1-2-2-2-1-0-1,1.262654755792699e-06,0.06399968200003059,577,122.73476431449839,241.9875299445671,223.06703632936902,0,0.04959895100000722
2006,0,2.0,shortest,8000.0,1-1-1-1-1-1-1-1-1,1.4781115888030854e-05,0.05911740799911058,577,68.7748736151153,61.52417472757196,126.4195545282173,0,0.0539616220003154
2006,0,2.0,separable,8123.105625617661,1-1-1-0-1-2-2-2-1,2.6077305375728036e-05,0.05911740799911058,577,58.939221228460774,61.23538518736647,104.36812127490794,0,0.05798923700058367
2006,0,2.0,d_optimal,8123.105625617661,1-1-1-0-1-2-2-2-1,2.6077305375728036e-05,0.05911740799911058,577,58.939221228460774,61.23538518736647,104.36812127490794,0,0.057333899000695965
2006,0,8.0,shortest,8000.0,1-1-1-1-1-1-1-1-1,1.4781115888030854e-05,0.05911740799911058,577,73.60983569446547,58.90700899015823,136.22848650171827,0,0.04914633800035517
2006,0,8.0,separable,8123.105625617661,1-1-1-0-1-2-2-2-1,2.6077305375728036e-05,0.05911740799911058,577,59.319105401533804,30.944239328384654,103.38882388126198,0,0.049212478999834275
2006,0,8.0,d_optimal,8123.105625617661,1-1-1-0-1-2-2-2-1,2.6077305375728036e-05,0.05911740799911058,577,59.319105401533804,30.944239328384654,103.38882388126198,0,0.05300546000034956
2006,1,2.0,shortest,8000.0,1-1-1-1-1-1-1-1-1,1.4781115888030854e-05,0.05911740799911058,577,66.05747286222396,31.53310431975599,108.68007663136682,0,0.0694950709994373
2006,1,2.0,separable,8123.105625617661,1-1-1-0-1-2-2-2-1,2.6077305375728036e-05,0.05911740799911058,577,56.87683846512352,15.820789158647004,92.50094954026918,0,0.07066528599989397
2006,1,2.0,d_optimal,8123.105625617661,1-1-1-0-1-2-2-2-1,2.6077305375728036e-05,0.05911740799911058,577,56.87683846512352,15.820789158647004,92.50094954026918,0,0.0631942780000827
2006,1,8.0,shortest,8000.0,1-1-1-1-1-1-1-1-1,1.4781115888030854e-05,0.05911740799911058,577,101.9999326089437,114.88428122867451,151.43999329327576,0,0.06434985099986079
2006,1,8.0,separable,8123.105625617661,1-1-1-0-1-2-2-2-1,2.6077305375728036e-05,0.05911740799911058,577,84.69107038050359,82.26223288343652,129.81630812070318,0,0.06012658100007684
2006,1,8.0,d_optimal,8123.105625617661,1-1-1-0-1-2-2-2-1,2.6077305375728036e-05,0.05911740799911058,577,84.69107038050359,82.26223288343652,129.81630812070318,0,0.06082071799937694
2006,2,2.0,shortest,8000.0,1-1-1-1-1-1-1-1-1,1.4781115888030854e-05,0.05911740799911058,577,62.13968226602805,51.38938344178543,113.63300103159578,0,0.059341527000469796
2006,2,2.0,separable,8123.105625617661,1-1-1-0-1-2-2-2-1,2.6077305375728036e-05,0.05911740799911058,577,54.20579313535955,58.10789061132576,101.40594375707506,0,0.06725505299982615
2006,2,2.0,d_optimal,8123.105625617661,1-1-1-0-1-2-2-2-1,2.6077305375728036e-05,0.05911740799911058,577,54.20579313535955,58.10789061132576,101.40594375707506,0,0.061971533999894746
2006,2,8.0,shortest,8000.0,1-1-1-1-1-1-1-1-1,1.4781115888030854e-05,0.05911740799911058,577,84.73765231723317,61.3403367021646,135.42529767780326,0,0.055986357000620046
2006,2,8.0,separable,8123.105625617661,1-1-1-0-1-2-2-2-1,2.6077305375728036e-05,0.05911740799911058,577,76.47635575983664,20.74287453031653,122.70627877266622,0,0.05641072100024758
2006,2,8.0,d_optimal,8123.105625617661,1-1-1-0-1-2-2-2-1,2.6077305375728036e-05,0.05911740799911058,577,76.47635575983664,20.74287453031653,122.70627877266622,0,0.050982749000468175
2006,3,2.0,shortest,8000.0,1-1-1-1-1-1-1-1-1,1.4781115888030854e-05,0.05911740799911058,577,53.252421355142694,46.44020179511681,89.7372307558727,0,0.058385293999890564
2006,3,2.0,separable,8123.105625617661,1-1-1-0-1-2-2-2-1,2.6077305375728036e-05,0.05911740799911058,577,44.970685662857925,43.73039136826177,80.0889811972444,0,0.060386052000467316
2006,3,2.0,d_optimal,8123.105625617661,1-1-1-0-1-2-2-2-1,2.6077305375728036e-05,0.05911740799911058,577,44.970685662857925,43.73039136826177,80.0889811972444,0,0.053616201000295405
2006,3,8.0,shortest,8000.0,1-1-1-1-1-1-1-1-1,1.4781115888030854e-05,0.05911740799911058,577,73.53245555137003,61.78991963385427,113.03276251042048,0,0.051979862999360193
2006,3,8.0,separable,8123.105625617661,1-1-1-0-1-2-2-2-1,2.6077305375728036e-05,0.05911740799911058,577,63.766914427558824,22.802274556364743,107.65455450743558,0,0.04859867300001497
2006,3,8.0,d_optimal,8123.105625617661,1-1-1-0-1-2-2-2-1,2.6077305375728036e-05,0.05911740799911058,577,63.766914427558824,22.802274556364743,107.65455450743558,0,0.05132268200031831
2006,4,2.0,shortest,8000.0,1-1-1-1-1-1-1-1-1,1.4781115888030854e-05,0.05911740799911058,577,51.109899773842955,31.121476172268316,92.51089152032127,0,0.058730445000037435
2006,4,2.0,separable,8123.105625617661,1-1-1-0-1-2-2-2-1,2.6077305375728036e-05,0.05911740799911058,577,44.21404312327247,48.73602986797198,77.79712339649228,0,0.05662558999938483
2006,4,2.0,d_optimal,8123.105625617661,1-1-1-0-1-2-2-2-1,2.6077305375728036e-05,0.05911740799911058,577,44.21404312327247,48.73602986797198,77.79712339649228,0,0.05529831800049578
2006,4,8.0,shortest,8000.0,1-1-1-1-1-1-1-1-1,1.4781115888030854e-05,0.05911740799911058,577,70.98438139004831,62.24485856973999,122.61024156410718,0,0.05248384300011821
2006,4,8.0,separable,8123.105625617661,1-1-1-0-1-2-2-2-1,2.6077305375728036e-05,0.05911740799911058,577,70.30412879302354,31.114584650528762,116.44894794568482,0,0.049178346999724454
2006,4,8.0,d_optimal,8123.105625617661,1-1-1-0-1-2-2-2-1,2.6077305375728036e-05,0.05911740799911058,577,70.30412879302354,31.114584650528762,116.44894794568482,0,0.051927794000221184
2006,5,2.0,shortest,8000.0,1-1-1-1-1-1-1-1-1,1.4781115888030854e-05,0.05911740799911058,577,50.57571685997921,17.94076864718166,84.74453406311477,0,0.05588270000043849
2006,5,2.0,separable,8123.105625617661,1-1-1-0-1-2-2-2-1,2.6077305375728036e-05,0.05911740799911058,577,45.749456844943005,15.710788343256711,73.9633154385901,0,0.05888803299967549
2006,5,2.0,d_optimal,8123.105625617661,1-1-1-0-1-2-2-2-1,2.6077305375728036e-05,0.05911740799911058,577,45.749456844943005,15.710788343256711,73.9633154385901,0,0.0563213919995178
2006,5,8.0,shortest,8000.0,1-1-1-1-1-1-1-1-1,1.4781115888030854e-05,0.05911740799911058,577,68.74893373507393,82.26508908936151,113.75458635360131,0,0.049544679999598884
2006,5,8.0,separable,8123.105625617661,1-1-1-0-1-2-2-2-1,2.6077305375728036e-05,0.05911740799911058,577,62.52497783642804,69.64893501144353,98.17997457672,0,0.05700256799991621
2006,5,8.0,d_optimal,8123.105625617661,1-1-1-0-1-2-2-2-1,2.6077305375728036e-05,0.05911740799911058,577,62.52497783642804,69.64893501144353,98.17997457672,0,0.07514110700049059
2006,6,2.0,shortest,8000.0,1-1-1-1-1-1-1-1-1,1.4781115888030854e-05,0.05911740799911058,577,72.94765973533245,25.6900927576204,107.41477702745482,0,0.05562009400000534
2006,6,2.0,separable,8123.105625617661,1-1-1-0-1-2-2-2-1,2.6077305375728036e-05,0.05911740799911058,577,66.26722611349777,19.158111996069955,109.74131858397413,0,0.054838263999954506
2006,6,2.0,d_optimal,8123.105625617661,1-1-1-0-1-2-2-2-1,2.6077305375728036e-05,0.05911740799911058,577,66.26722611349777,19.158111996069955,109.74131858397413,0,0.06621338199965976
2006,6,8.0,shortest,8000.0,1-1-1-1-1-1-1-1-1,1.4781115888030854e-05,0.05911740799911058,577,116.21141718906554,79.85308517389296,166.39662268662704,0,0.061260110000148416
2006,6,8.0,separable,8123.105625617661,1-1-1-0-1-2-2-2-1,2.6077305375728036e-05,0.05911740799911058,577,107.55662174873814,59.90071316014177,168.79872551361015,0,0.048779706000459555
2006,6,8.0,d_optimal,8123.105625617661,1-1-1-0-1-2-2-2-1,2.6077305375728036e-05,0.05911740799911058,577,107.55662174873814,59.90071316014177,168.79872551361015,0,0.051360548000047856
2006,7,2.0,shortest,8000.0,1-1-1-1-1-1-1-1-1,1.4781115888030854e-05,0.05911740799911058,577,64.47249204608865,41.425511412288145,106.12771582454289,0,0.05164320499989117
2006,7,2.0,separable,8123.105625617661,1-1-1-0-1-2-2-2-1,2.6077305375728036e-05,0.05911740799911058,577,54.617472035046276,44.35602876707555,82.3674154162268,0,0.05445586799942248
2006,7,2.0,d_optimal,8123.105625617661,1-1-1-0-1-2-2-2-1,2.6077305375728036e-05,0.05911740799911058,577,54.617472035046276,44.35602876707555,82.3674154162268,0,0.051332576000277186
2006,7,8.0,shortest,8000.0,1-1-1-1-1-1-1-1-1,1.4781115888030854e-05,0.05911740799911058,577,94.1524578608379,84.82812696337486,156.15081845090126,0,0.04602233700006764
2006,7,8.0,separable,8123.105625617661,1-1-1-0-1-2-2-2-1,2.6077305375728036e-05,0.05911740799911058,577,79.34941874050575,41.68834088537169,123.41846763567746,0,0.04736564300037571
2006,7,8.0,d_optimal,8123.105625617661,1-1-1-0-1-2-2-2-1,2.6077305375728036e-05,0.05911740799911058,577,79.34941874050575,41.68834088537169,123.41846763567746,0,0.04653557100027683
2006,8,2.0,shortest,8000.0,1-1-1-1-1-1-1-1-1,1.4781115888030854e-05,0.05911740799911058,577,78.40612517560469,34.26449673216108,131.59492891106134,0,0.051696285000616626
2006,8,2.0,separable,8123.105625617661,1-1-1-0-1-2-2-2-1,2.6077305375728036e-05,0.05911740799911058,577,60.10757536080093,10.771637135529222,102.06100734502472,0,0.05623760499929631
2006,8,2.0,d_optimal,8123.105625617661,1-1-1-0-1-2-2-2-1,2.6077305375728036e-05,0.05911740799911058,577,60.10757536080093,10.771637135529222,102.06100734502472,0,0.061837280999498034
2006,8,8.0,shortest,8000.0,1-1-1-1-1-1-1-1-1,1.4781115888030854e-05,0.05911740799911058,577,92.10858645402288,69.76302269695012,166.06333666285227,0,0.048180181999669
2006,8,8.0,separable,8123.105625617661,1-1-1-0-1-2-2-2-1,2.6077305375728036e-05,0.05911740799911058,577,82.15156870700463,16.49854728207681,154.14043323577738,0,0.051160942999558756
2006,8,8.0,d_optimal,8123.105625617661,1-1-1-0-1-2-2-2-1,2.6077305375728036e-05,0.05911740799911058,577,82.15156870700463,16.49854728207681,154.14043323577738,0,0.05157704500015825
2006,9,2.0,shortest,8000.0,1-1-1-1-1-1-1-1-1,1.4781115888030854e-05,0.05911740799911058,577,70.18812727157425,49.63253685836332,118.28149632271098,0,0.05503066500023124
2006,9,2.0,separable,8123.105625617661,1-1-1-0-1-2-2-2-1,2.6077305375728036e-05,0.05911740799911058,577,66.07514714273495,28.580824003521908,117.51168448085123,0,0.05557176000002073
2006,9,2.0,d_optimal,8123.105625617661,1-1-1-0-1-2-2-2-1,2.6077305375728036e-05,0.05911740799911058,577,66.07514714273495,28.580824003521908,117.51168448085123,0,0.05870347400013998
2006,9,8.0,shortest,8000.0,1-1-1-1-1-1-1-1-1,1.4781115888030854e-05,0.05911740799911058,577,88.2447545134396,72.29455803755187,145.3630166911804,0,0.05251359700014291
2006,9,8.0,separable,8123.105625617661,1-1-1-0-1-2-2-2-1,2.6077305375728036e-05,0.05911740799911058,577,71.21815751135154,32.2399121929445,127.89182348057216,0,0.05133139600002323
2006,9,8.0,d_optimal,8123.105625617661,1-1-1-0-1-2-2-2-1,2.6077305375728036e-05,0.05911740799911058,577,71.21815751135154,32.2399121929445,127.89182348057216,0,0.052039062000403646
2007,0,2.0,shortest,8000.0,1-1-1-1-1-1-1-1-1,3.1839503360285054e-06,0.06026147400007176,577,78.71529100584566,77.14408958889743,134.65546311797007,0,0.05372915099997044
2007,0,2.0,separable,8061.55281280883,1-2-2-2-2-2-2-1-1,5.017123144340201e-06,0.06026147400007176,577,66.15529232441352,75.20177800736968,93.90784938811427,0,0.05894335599987244
2007,0,2.0,d_optimal,8123.105625617661,1-2-2-2-2-1-2-1-1,5.020973175998041e-06,0.06026147400007176,577,78.98795055314902,70.80108796427888,128.9242575816724,0,0.05713219399967784
2007,0,8.0,shortest,8000.0,1-1-1-1-1-1-1-1-1,3.1839503360285054e-06,0.06026147400007176,577,145.08966805551222,109.35664518405733,245.41204060077544,1,0.0495561470006578
2007,0,8.0,separable,8061.55281280883,1-2-2-2-2-2-2-1-1,5.017123144340201e-06,0.06026147400007176,577,130.48659290542517,124.73798593481635,210.6397518068179,0,0.04795883800034062
2007,0,8.0,d_optimal,8123.105625617661,1-2-2-2-2-1-2-1-1,5.020973175998041e-06,0.06026147400007176,577,137.36756464530944,120.55518214444211,224.1549824758155,1,0.04847883200000069
2007,1,2.0,shortest,8000.0,1-1-1-1-1-1-1-1-1,3.1839503360285054e-06,0.06026147400007176,577,64.11306496986298,57.71175967170217,113.59810234571815,0,0.05448457599959511
2007,1,2.0,separable,8061.55281280883,1-2-2-2-2-2-2-1-1,5.017123144340201e-06,0.06026147400007176,577,50.87694995849101,59.27072664398057,83.67175896293436,0,0.05900254500011215
2007,1,2.0,d_optimal,8123.105625617661,1-2-2-2-2-1-2-1-1,5.020973175998041e-06,0.06026147400007176,577,60.25884912080338,55.17901202380095,98.92567322497926,0,0.055797941000491846
2007,1,8.0,shortest,8000.0,1-1-1-1-1-1-1-1-1,3.1839503360285054e-06,0.06026147400007176,577,114.90291508212654,70.56669079347371,181.81708907986527,0,0.05164801199953217
2007,1,8.0,separable,8061.55281280883,1-2-2-2-2-2-2-1-1,5.017123144340201e-06,0.06026147400007176,577,102.1250385756045,87.61464105374476,178.71644192324723,0,0.055851723000159836
2007,1,8.0,d_optimal,8123.105625617661,1-2-2-2-2-1-2-1-1,5.020973175998041e-06,0.06026147400007176,577,116.77938036650274,88.22385704571366,208.01375533454038,0,0.05537274000016623
2007,2,2.0,shortest,8000.0,1-1-1-1-1-1-1-1-1,3.1839503360285054e-06,0.06026147400007176,577,56.42906311991792,48.716631005675,93.37904668535336,0,0.05492457499985903
2007,2,2.0,separable,8061.55281280883,1-2-2-2-2-2-2-1-1,5.017123144340201e-06,0.06026147400007176,577,57.39274941617441,30.060540918183854,94.17806872833823,0,0.0528688839995084
2007,2,2.0,d_optimal,8123.105625617661,1-2-2-2-2-1-2-1-1,5.020973175998041e-06,0.06026147400007176,577,66.15754121536594,32.77244336841346,105.5317001573588,0,0.0500674290005918
2007,2,8.0,shortest,8000.0,1-1-1-1-1-1-1-1-1,3.1839503360285054e-06,0.06026147400007176,577,108.66846126674108,71.82806653376481,179.79684223787214,0,0.0471904589994665
2007,2,8.0,separable,8061.55281280883,1-2-2-2-2-2-2-1-1,5.017123144340201e-06,0.06026147400007176,577,106.93442646942852,59.95812857447994,179.25319107889484,0,0.045904079000138154
2007,2,8.0,d_optimal,8123.105625617661,1-2-2-2-2-1-2-1-1,5.020973175998041e-06,0.06026147400007176,577,119.20339320494968,66.70054775436941,204.2057627881083,0,0.04607027900055982
2007,3,2.0,shortest,8000.0,1-1-1-1-1-1-1-1-1,3.1839503360285054e-06,0.06026147400007176,577,64.21363864054037,96.60659692600363,119.16816784818432,0,0.050400449999870034
2007,3,2.0,separable,8061.55281280883,1-2-2-2-2-2-2-1-1,5.017123144340201e-06,0.06026147400007176,577,48.72888578072138,99.424030795117,81.64653367966808,0,0.047940018999725
2007,3,2.0,d_optimal,8123.105625617661,1-2-2-2-2-1-2-1-1,5.020973175998041e-06,0.06026147400007176,577,63.658112439304716,95.3169475515281,101.65711291364812,0,0.05364040800031944
2007,3,8.0,shortest,8000.0,1-1-1-1-1-1-1-1-1,3.1839503360285054e-06,0.06026147400007176,577,103.38035909359239,122.56586572212716,176.05161680402782,0,0.046250561000306334
2007,3,8.0,separable,8061.55281280883,1-2-2-2-2-2-2-1-1,5.017123144340201e-06,0.06026147400007176,577,104.21600102035887,144.72084503778942,178.9155464525904,0,0.048018708000199695
2007,3,8.0,d_optimal,8123.105625617661,1-2-2-2-2-1-2-1-1,5.020973175998041e-06,0.06026147400007176,577,115.14723205096233,150.8689246621918,202.16136111778087,0,0.044744689999788534
2007,4,2.0,shortest,8000.0,1-1-1-1-1-1-1-1-1,3.1839503360285054e-06,0.06026147400007176,577,68.35651172596607,82.64644873215482,109.84167314545319,0,0.04764891000013449
2007,4,2.0,separable,8061.55281280883,1-2-2-2-2-2-2-1-1,5.017123144340201e-06,0.06026147400007176,577,62.67297951350862,83.89752259894794,109.42853084309111,0,0.04936789299972588
2007,4,2.0,d_optimal,8123.105625617661,1-2-2-2-2-1-2-1-1,5.020973175998041e-06,0.06026147400007176,577,74.72029361331842,80.84317732041117,121.18406113881518,0,0.05297426299966901
2007,4,8.0,shortest,8000.0,1-1-1-1-1-1-1-1-1,3.1839503360285054e-06,0.06026147400007176,577,113.16293388858456,122.13616249045374,184.01413178691203,0,0.055962741000257665
2007,4,8.0,separable,8061.55281280883,1-2-2-2-2-2-2-1-1,5.017123144340201e-06,0.06026147400007176,577,114.66298823957867,127.61829380534681,180.09496880594673,0,0.0484575099999347
2007,4,8.0,d_optimal,8123.105625617661,1-2-2-2-2-1-2-1-1,5.020973175998041e-06,0.06026147400007176,577,123.49687553587933,134.42850388366548,199.85308823173978,0,0.048581668000224454
2007,5,2.0,shortest,8000.0,1-1-1-1-1-1-1-1-1,3.1839503360285054e-06,0.06026147400007176,577,68.98794225983399,51.065904077395544,108.90460880161466,0,0.051791247999972256
2007,5,2.0,separable,8061.55281280883,1-2-2-2-2-2-2-1-1,5.017123144340201e-06,0.06026147400007176,577,65.57626618780772,50.400981508209,108.49585579226867,0,0.050020307000522735
2007,5,2.0,d_optimal,8123.105625617661,1-2-2-2-2-1-2-1-1,5.020973175998041e-06,0.06026147400007176,577,79.45233828970309,48.00139835601609,126.84541894024095,0,0.051519568000003346
2007,5,8.0,shortest,8000.0,1-1-1-1-1-1-1-1-1,3.1839503360285054e-06,0.06026147400007176,577,145.19711807213585,64.09810644178687,234.27745036782787,1,0.0490729579996696
2007,5,8.0,separable,8061.55281280883,1-2-2-2-2-2-2-1-1,5.017123144340201e-06,0.06026147400007176,577,132.77969599271796,75.46392562780991,212.34807715164467,0,0.04592842599959113
2007,5,8.0,d_optimal,8123.105625617661,1-2-2-2-2-1-2-1-1,5.020973175998041e-06,0.06026147400007176,577,141.14431957069309,84.69955861547407,221.9730839125157,1,0.04766176999964955
2007,6,2.0,shortest,8000.0,1-1-1-1-1-1-1-1-1,3.1839503360285054e-06,0.06026147400007176,577,72.54672833111768,50.698422658542995,121.91154019722394,0,0.0479234139993423
2007,6,2.0,separable,8061.55281280883,1-2-2-2-2-2-2-1-1,5.017123144340201e-06,0.06026147400007176,577,59.26011090908977,63.01256516413111,104.9930265776406,0,0.05627971800004161
2007,6,2.0,d_optimal,8123.105625617661,1-2-2-2-2-1-2-1-1,5.020973175998041e-06,0.06026147400007176,577,71.03675288480872,74.79864963666039,110.68443801933488,0,0.048841488999642024
2007,6,8.0,shortest,8000.0,1-1-1-1-1-1-1-1-1,3.1839503360285054e-06,0.06026147400007176,577,135.42535049026898,83.03448001419422,191.73851896917395,0,0.047909623999657924
2007,6,8.0,separable,8061.55281280883,1-2-2-2-2-2-2-1-1,5.017123144340201e-06,0.06026147400007176,577,136.20190132136014,109.59380235634794,196.25101115117994,0,0.05200195600082225
2007,6,8.0,d_optimal,8123.105625617661,1-2-2-2-2-1-2-1-1,5.020973175998041e-06,0.06026147400007176,577,144.9358190295227,123.69069628454402,209.5453729067719,0,0.04512926999996125
2007,7,2.0,shortest,8000.0,1-1-1-1-1-1-1-1-1,3.1839503360285054e-06,0.06026147400007176,577,69.59823530358041,105.75368497189241,114.24037844787527,0,0.048965685999974085
2007,7,2.0,separable,8061.55281280883,1-2-2-2-2-2-2-1-1,5.017123144340201e-06,0.06026147400007176,577,57.004429497891955,108.9029384692223,99.98716623440298,0,0.04906352500074718
2007,7,2.0,d_optimal,8123.105625617661,1-2-2-2-2-1-2-1-1,5.020973175998041e-06,0.06026147400007176,577,61.169456466562146,104.6368449775957,110.29310113479889,0,0.048385240999778034
2007,7,8.0,shortest,8000.0,1-1-1-1-1-1-1-1-1,3.1839503360285054e-06,0.06026147400007176,577,134.9281425558865,129.773967167122,254.95470870936666,1,0.04574338600014016
2007,7,8.0,separable,8061.55281280883,1-2-2-2-2-2-2-1-1,5.017123144340201e-06,0.06026147400007176,577,126.5990678199794,176.36795315150016,217.35899487851756,0,0.04957822099913756
2007,7,8.0,d_optimal,8123.105625617661,1-2-2-2-2-1-2-1-1,5.020973175998041e-06,0.06026147400007176,577,133.22727661908908,175.83288988737206,227.94386130116678,1,0.04531349799981399
2007,8,2.0,shortest,8000.0,1-1-1-1-1-1-1-1-1,3.1839503360285054e-06,0.06026147400007176,577,88.52838239862493,64.68147621867656,140.57061417949473,0,0.0503101139993305
2007,8,2.0,separable,8061.55281280883,1-2-2-2-2-2-2-1-1,5.017123144340201e-06,0.06026147400007176,577,75.48812595120673,61.448837628214896,126.23825314730637,0,0.04934344599951146
2007,8,2.0,d_optimal,8123.105625617661,1-2-2-2-2-1-2-1-1,5.020973175998041e-06,0.06026147400007176,577,90.9730353174416,71.03235777869668,142.07296468737314,0,0.05368980200000806
2007,8,8.0,shortest,8000.0,1-1-1-1-1-1-1-1-1,3.1839503360285054e-06,0.06026147400007176,577,129.28456387558285,88.37171715477763,218.00449678655178,0,0.04614099599984911
2007,8,8.0,separable,8061.55281280883,1-2-2-2-2-2-2-1-1,5.017123144340201e-06,0.06026147400007176,577,129.32955243693536,137.41617935099768,220.83570330822016,0,0.06217063399981271
2007,8,8.0,d_optimal,8123.105625617661,1-2-2-2-2-1-2-1-1,5.020973175998041e-06,0.06026147400007176,577,137.3659729949442,100.37334758009978,241.54720526155924,1,0.04767013200034853
2007,9,2.0,shortest,8000.0,1-1-1-1-1-1-1-1-1,3.1839503360285054e-06,0.06026147400007176,577,68.40474768950214,19.438113312129047,128.29628592473676,0,0.049293951999970886
2007,9,2.0,separable,8061.55281280883,1-2-2-2-2-2-2-1-1,5.017123144340201e-06,0.06026147400007176,577,53.56319314950735,23.583932972085332,93.06440935120911,0,0.0544334339992929
2007,9,2.0,d_optimal,8123.105625617661,1-2-2-2-2-1-2-1-1,5.020973175998041e-06,0.06026147400007176,577,68.05698237443275,19.214522187949502,126.23554774557795,0,0.05220526199991582
2007,9,8.0,shortest,8000.0,1-1-1-1-1-1-1-1-1,3.1839503360285054e-06,0.06026147400007176,577,151.37378489223735,78.70580295622945,239.29648979577027,1,0.05778729299981933
2007,9,8.0,separable,8061.55281280883,1-2-2-2-2-2-2-1-1,5.017123144340201e-06,0.06026147400007176,577,133.47235679485644,91.09503140872337,203.59670259351515,0,0.0461791429997902
2007,9,8.0,d_optimal,8123.105625617661,1-2-2-2-2-1-2-1-1,5.020973175998041e-06,0.06026147400007176,577,154.62799980859245,88.35735365066408,256.5424079990329,1,0.04829237100057071
2008,0,2.0,shortest,8000.0,1-1-1-1-1-1-1-1-1,1.4932627930334597e-06,0.056586360999972385,577,51.279145632991245,113.75863815573224,73.89666484701382,0,0.056286769000507775
2008,0,2.0,separable,8123.105625617661,1-1-0-1-1-2-2-2-1,2.858495124703379e-06,0.056586360999972385,577,67.49148750367902,189.35546840447898,118.41921002875334,0,0.050437306000276294
2008,0,2.0,d_optimal,8123.105625617661,1-1-0-0-1-2-2-2-1,3.0698777663040718e-06,0.056586360999972385,577,60.55832739204352,156.11850789904378,101.72254023468723,0,0.04918783199991594
2008,0,8.0,shortest,8000.0,1-1-1-1-1-1-1-1-1,1.4932627930334597e-06,0.056586360999972385,577,53.7214408248654,80.254779512712,84.0616079220314,0,0.04522996199921181
2008,0,8.0,separable,8123.105625617661,1-1-0-1-1-2-2-2-1,2.858495124703379e-06,0.056586360999972385,577,43.76632342417841,102.2253453027324,74.62415696823291,0,0.04672710999966512
2008,0,8.0,d_optimal,8123.105625617661,1-1-0-0-1-2-2-2-1,3.0698777663040718e-06,0.056586360999972385,577,50.70324158602238,125.6845897010555,83.43498368438114,0,0.04934837400014658
2008,1,2.0,shortest,8000.0,1-1-1-1-1-1-1-1-1,1.4932627930334597e-06,0.056586360999972385,577,70.33873587257126,39.03885091496075,99.33099699542174,0,0.04801383100038947
2008,1,2.0,separable,8123.105625617661,1-1-0-1-1-2-2-2-1,2.858495124703379e-06,0.056586360999972385,577,75.73940782382351,115.93897341508375,133.38306333380984,0,0.04983609900045849
2008,1,2.0,d_optimal,8123.105625617661,1-1-0-0-1-2-2-2-1,3.0698777663040718e-06,0.056586360999972385,577,65.41206810640233,70.80517360160411,100.22666242465162,0,0.04925983999964956
2008,1,8.0,shortest,8000.0,1-1-1-1-1-1-1-1-1,1.4932627930334597e-06,0.056586360999972385,577,58.00634614085428,72.86421004135208,82.49687269177092,0,0.04554062000079284
2008,1,8.0,separable,8123.105625617661,1-1-0-1-1-2-2-2-1,2.858495124703379e-06,0.056586360999972385,577,56.26496222742988,74.00440954274212,80.16861222756563,0,0.04761279600006674
2008,1,8.0,d_optimal,8123.105625617661,1-1-0-0-1-2-2-2-1,3.0698777663040718e-06,0.056586360999972385,577,58.09250475238732,70.05454119036303,86.27135256455914,0,0.05097349499919801
2008,2,2.0,shortest,8000.0,1-1-1-1-1-1-1-1-1,1.4932627930334597e-06,0.056586360999972385,577,110.865550385403,109.5448944294633,186.43025177770858,0,0.05171519299983629
2008,2,2.0,separable,8123.105625617661,1-1-0-1-1-2-2-2-1,2.858495124703379e-06,0.056586360999972385,577,110.0483214704196,162.83607255781985,181.5272776100501,0,0.049531558999660774
2008,2,2.0,d_optimal,8123.105625617661,1-1-0-0-1-2-2-2-1,3.0698777663040718e-06,0.056586360999972385,577,110.07727354195336,165.76038754265502,170.1795428848178,0,0.04890255100053764
2008,2,8.0,shortest,8000.0,1-1-1-1-1-1-1-1-1,1.4932627930334597e-06,0.056586360999972385,577,112.0096613702272,115.95856319705612,187.7514075012525,0,0.05669084900000598
2008,2,8.0,separable,8123.105625617661,1-1-0-1-1-2-2-2-1,2.858495124703379e-06,0.056586360999972385,577,88.63029160126285,125.0487946233924,145.39506985640688,0,0.04492586300057155
2008,2,8.0,d_optimal,8123.105625617661,1-1-0-0-1-2-2-2-1,3.0698777663040718e-06,0.056586360999972385,577,98.03783334088492,137.93678687780348,145.72456331175607,0,0.04544465499930084
2008,3,2.0,shortest,8000.0,1-1-1-1-1-1-1-1-1,1.4932627930334597e-06,0.056586360999972385,577,94.54944252163638,55.29319081837642,126.66110398775955,0,0.049949459999879764
2008,3,2.0,separable,8123.105625617661,1-1-0-1-1-2-2-2-1,2.858495124703379e-06,0.056586360999972385,577,109.62502967655212,106.69363853060106,198.05509844980054,0,0.05051818800075125
2008,3,2.0,d_optimal,8123.105625617661,1-1-0-0-1-2-2-2-1,3.0698777663040718e-06,0.056586360999972385,577,121.29690191695776,140.78497315488966,182.17462587502422,0,0.05245576099969185
2008,3,8.0,shortest,8000.0,1-1-1-1-1-1-1-1-1,1.4932627930334597e-06,0.056586360999972385,577,125.85486346646886,106.64048667000657,180.97997809372603,0,0.044759491000149865
2008,3,8.0,separable,8123.105625617661,1-1-0-1-1-2-2-2-1,2.858495124703379e-06,0.056586360999972385,577,113.30786389524305,97.66409617173078,160.90922866188555,0,0.04569460200036701
2008,3,8.0,d_optimal,8123.105625617661,1-1-0-0-1-2-2-2-1,3.0698777663040718e-06,0.056586360999972385,577,114.99365275893959,108.3606582225308,156.60611512441963,0,0.045397353999760526
2008,4,2.0,shortest,8000.0,1-1-1-1-1-1-1-1-1,1.4932627930334597e-06,0.056586360999972385,577,93.43633590978818,61.49814249082138,128.95530902541117,0,0.04957849999937025
2008,4,2.0,separable,8123.105625617661,1-1-0-1-1-2-2-2-1,2.858495124703379e-06,0.056586360999972385,577,92.73276195832112,39.07718655488928,193.05691489211515,0,0.05377852499987057
2008,4,2.0,d_optimal,8123.105625617661,1-1-0-0-1-2-2-2-1,3.0698777663040718e-06,0.056586360999972385,577,69.9362349679446,5.8202263557291065,130.8985546323433,0,0.04885663200002455
2008,4,8.0,shortest,8000.0,1-1-1-1-1-1-1-1-1,1.4932627930334597e-06,0.056586360999972385,577,104.0118098013296,25.41165941290499,169.37037967348974,0,0.045462011999916285
2008,4,8.0,separable,8123.105625617661,1-1-0-1-1-2-2-2-1,2.858495124703379e-06,0.056586360999972385,577,104.86817838194409,76.98427729835042,152.08358913172125,0,0.04708464899977116
2008,4,8.0,d_optimal,8123.105625617661,1-1-0-0-1-2-2-2-1,3.0698777663040718e-06,0.056586360999972385,577,102.30220354678319,8.591995985035295,156.74515419799465,0,0.05220523699972546
2008,5,2.0,shortest,8000.0,1-1-1-1-1-1-1-1-1,1.4932627930334597e-06,0.056586360999972385,577,86.29868608854036,86.80105063672326,127.85949422049026,0,0.05220828799974697
2008,5,2.0,separable,8123.105625617661,1-1-0-1-1-2-2-2-1,2.858495124703379e-06,0.056586360999972385,577,85.28213912104874,119.10395208305115,131.86560966551053,0,0.05367696200028149
2008,5,2.0,d_optimal,8123.105625617661,1-1-0-0-1-2-2-2-1,3.0698777663040718e-06,0.056586360999972385,577,84.36029405188701,116.85190947824991,139.96742148277667,0,0.05826436200004537
2008,5,8.0,shortest,8000.0,1-1-1-1-1-1-1-1-1,1.4932627930334597e-06,0.056586360999972385,577,99.32820401804304,9.917906460513084,142.64899566956038,0,0.05377852600031474
2008,5,8.0,separable,8123.105625617661,1-1-0-1-1-2-2-2-1,2.858495124703379e-06,0.056586360999972385,577,89.82002937626312,46.95909434885179,137.95046932718768,0,0.049156112999298784
2008,5,8.0,d_optimal,8123.105625617661,1-1-0-0-1-2-2-2-1,3.0698777663040718e-06,0.056586360999972385,577,91.47080942770401,52.26875759083104,150.27835327845102,0,0.0468077319992517
2008,6,2.0,shortest,8000.0,1-1-1-1-1-1-1-1-1,1.4932627930334597e-06,0.056586360999972385,577,70.08553122395435,63.86439581979995,115.16046798945014,0,0.0537890019995757
2008,6,2.0,separable,8123.105625617661,1-1-0-1-1-2-2-2-1,2.858495124703379e-06,0.056586360999972385,577,78.50796562439122,116.25437769037524,114.13730092936893,0,0.05397284800073976
2008,6,2.0,d_optimal,8123.105625617661,1-1-0-0-1-2-2-2-1,3.0698777663040718e-06,0.056586360999972385,577,78.44271897738217,115.42951474104309,129.30078955573723,0,0.05423112900007254
2008,6,8.0,shortest,8000.0,1-1-1-1-1-1-1-1-1,1.4932627930334597e-06,0.056586360999972385,577,86.58515915219891,91.24433877392838,126.22787815250945,0,0.05278589899990038
2008,6,8.0,separable,8123.105625617661,1-1-0-1-1-2-2-2-1,2.858495124703379e-06,0.056586360999972385,577,90.02338522197218,132.4390190297545,121.76974914086172,0,0.05086983799992595
2008,6,8.0,d_optimal,8123.105625617661,1-1-0-0-1-2-2-2-1,3.0698777663040718e-06,0.056586360999972385,577,80.81274993930583,145.79600229965786,132.59612580152663,0,0.049093929000264325
2008,7,2.0,shortest,8000.0,1-1-1-1-1-1-1-1-1,1.4932627930334597e-06,0.056586360999972385,577,110.52633779794631,108.67573408376346,150.81097627279325,0,0.05086390900032711
2008,7,2.0,separable,8123.105625617661,1-1-0-1-1-2-2-2-1,2.858495124703379e-06,0.056586360999972385,577,106.14093919230403,150.5683480872835,164.919124011494,0,0.053792576999512676
2008,7,2.0,d_optimal,8123.105625617661,1-1-0-0-1-2-2-2-1,3.0698777663040718e-06,0.056586360999972385,577,97.68798850331574,151.6620511496099,154.84876462645926,0,0.05312140400019416
2008,7,8.0,shortest,8000.0,1-1-1-1-1-1-1-1-1,1.4932627930334597e-06,0.056586360999972385,577,123.52074512312973,118.98563465229392,171.3908428783398,0,0.046609131999503006
2008,7,8.0,separable,8123.105625617661,1-1-0-1-1-2-2-2-1,2.858495124703379e-06,0.056586360999972385,577,120.47672607708763,160.22574429245228,164.32956058036433,0,0.05106029600028705
2008,7,8.0,d_optimal,8123.105625617661,1-1-0-0-1-2-2-2-1,3.0698777663040718e-06,0.056586360999972385,577,111.42128163039244,125.55483417876272,153.85045481217168,0,0.046416830999987724
2008,8,2.0,shortest,8000.0,1-1-1-1-1-1-1-1-1,1.4932627930334597e-06,0.056586360999972385,577,99.4387497571985,134.00689281554764,149.90245946982168,0,0.05558974700034014
2008,8,2.0,separable,8123.105625617661,1-1-0-1-1-2-2-2-1,2.858495124703379e-06,0.056586360999972385,577,119.42499028800103,175.0566923388439,204.9570922451787,0,0.051069680000182416
2008,8,2.0,d_optimal,8123.105625617661,1-1-0-0-1-2-2-2-1,3.0698777663040718e-06,0.056586360999972385,577,103.52737348142244,160.8223415436278,162.39551960345278,0,0.051693111000531644
2008,8,8.0,shortest,8000.0,1-1-1-1-1-1-1-1-1,1.4932627930334597e-06,0.056586360999972385,577,100.49142325646515,67.1036526122856,145.19399453258734,0,0.05460726599994814
2008,8,8.0,separable,8123.105625617661,1-1-0-1-1-2-2-2-1,2.858495124703379e-06,0.056586360999972385,577,113.2979852920155,157.29523791747877,165.72245930195945,0,0.05335990399998991
2008,8,8.0,d_optimal,8123.105625617661,1-1-0-0-1-2-2-2-1,3.0698777663040718e-06,0.056586360999972385,577,107.2500278465664,121.06329956158024,164.59310361293603,0,0.051618477000374696
2008,9,2.0,shortest,8000.0,1-1-1-1-1-1-1-1-1,1.4932627930334597e-06,0.056586360999972385,577,75.98775264326639,151.53557191497214,114.75156846300426,0,0.055474494000009145
2008,9,2.0,separable,8123.105625617661,1-1-0-1-1-2-2-2-1,2.858495124703379e-06,0.056586360999972385,577,95.76901245079594,183.3568415708376,170.8664145442879,0,0.05335449599988351
2008,9,2.0,d_optimal,8123.105625617661,1-1-0-0-1-2-2-2-1,3.0698777663040718e-06,0.056586360999972385,577,101.40607050112281,196.10213033358733,164.5438045335028,0,0.051915996000388986
2008,9,8.0,shortest,8000.0,1-1-1-1-1-1-1-1-1,1.4932627930334597e-06,0.056586360999972385,577,94.19616883467431,132.38189897662104,141.866647542712,0,0.0470539629995983
2008,9,8.0,separable,8123.105625617661,1-1-0-1-1-2-2-2-1,2.858495124703379e-06,0.056586360999972385,577,81.5856647375011,140.88754580938436,129.2335368916025,0,0.04898549599965918
2008,9,8.0,d_optimal,8123.105625617661,1-1-0-0-1-2-2-2-1,3.0698777663040718e-06,0.056586360999972385,577,82.97047883092985,154.84664395209288,121.47831391481752,0,0.05332997900040937
2009,0,2.0,shortest,8000.0,1-1-1-1-1-1-1-1-1,3.013537974200967e-06,0.055091576000450004,577,124.21605683327878,73.73453092862151,209.3016886275439,0,0.05061419300000125
2009,0,2.0,separable,8123.105625617661,1-2-2-2-1-1-0-0-1,4.589275480279362e-06,0.055091576000450004,577,109.73748694896045,58.43956871736374,181.95883444635473,0,0.05119968599956337
2009,0,2.0,d_optimal,8123.105625617661,1-2-2-2-1-1-0-0-1,4.589275480279362e-06,0.055091576000450004,577,109.73748694896045,58.43956871736374,181.95883444635473,0,0.05154278299960424
2009,0,8.0,shortest,8000.0,1-1-1-1-1-1-1-1-1,3.013537974200967e-06,0.055091576000450004,577,208.82425955793562,138.76364953078678,317.7911707488568,1,0.04700905400022748
2009,0,8.0,separable,8123.105625617661,1-2-2-2-1-1-0-0-1,4.589275480279362e-06,0.055091576000450004,577,198.0585640339,139.98560124344763,300.70655124475854,1,0.04606353899998794
2009,0,8.0,d_optimal,8123.105625617661,1-2-2-2-1-1-0-0-1,4.589275480279362e-06,0.055091576000450004,577,198.0585640339,139.98560124344763,300.70655124475854,1,0.04697144799956732
2009,1,2.0,shortest,8000.0,1-1-1-1-1-1-1-1-1,3.013537974200967e-06,0.055091576000450004,577,96.09505652972354,50.85198303038549,160.81451087182177,0,0.04950423799982673
2009,1,2.0,separable,8123.105625617661,1-2-2-2-1-1-0-0-1,4.589275480279362e-06,0.055091576000450004,577,78.85747716691989,84.38685458132855,143.7347975825659,0,0.05171391099975153
2009,1,2.0,d_optimal,8123.105625617661,1-2-2-2-1-1-0-0-1,4.589275480279362e-06,0.055091576000450004,577,78.85747716691989,84.38685458132855,143.7347975825659,0,0.051328210000065155
2009,1,8.0,shortest,8000.0,1-1-1-1-1-1-1-1-1,3.013537974200967e-06,0.055091576000450004,577,138.39381701449648,93.10637052277772,207.86596856342933,0,0.04577326100024948
2009,1,8.0,separable,8123.105625617661,1-2-2-2-1-1-0-0-1,4.589275480279362e-06,0.055091576000450004,577,118.65594194481599,71.26087739448502,186.75244130540568,0,0.047033892999934324
2009,1,8.0,d_optimal,8123.105625617661,1-2-2-2-1-1-0-0-1,4.589275480279362e-06,0.055091576000450004,577,118.65594194481599,71.26087739448502,186.75244130540568,0,0.047738143999595195
2009,2,2.0,shortest,8000.0,1-1-1-1-1-1-1-1-1,3.013537974200967e-06,0.055091576000450004,577,115.16038600841173,52.40543227857739,176.81063757364836,0,0.050835195999752614
2009,2,2.0,separable,8123.105625617661,1-2-2-2-1-1-0-0-1,4.589275480279362e-06,0.055091576000450004,577,110.57019218905099,115.25108629372122,169.66943142032787,0,0.050050152000039816
2009,2,2.0,d_optimal,8123.105625617661,1-2-2-2-1-1-0-0-1,4.589275480279362e-06,0.055091576000450004,577,110.57019218905099,115.25108629372122,169.66943142032787,0,0.051057641999250336
2009,2,8.0,shortest,8000.0,1-1-1-1-1-1-1-1-1,3.013537974200967e-06,0.055091576000450004,577,164.09059907419763,183.17642770740088,253.2579704153116,1,0.04696008100017934
2009,2,8.0,separable,8123.105625617661,1-2-2-2-1-1-0-0-1,4.589275480279362e-06,0.055091576000450004,577,156.69668520911213,174.30362608903383,219.59565635992777,0,0.04834487999960402
2009,2,8.0,d_optimal,8123.105625617661,1-2-2-2-1-1-0-0-1,4.589275480279362e-06,0.055091576000450004,577,156.69668520911213,174.30362608903383,219.59565635992777,0,0.04805013599980157
2009,3,2.0,shortest,8000.0,1-1-1-1-1-1-1-1-1,3.013537974200967e-06,0.055091576000450004,577,93.68250875968609,125.8743608019758,125.8743608019758,0,0.048457779999807826
2009,3,2.0,separable,8123.105625617661,1-2-2-2-1-1-0-0-1,4.589275480279362e-06,0.055091576000450004,577,93.97209827941192,144.79600096822543,140.30763049961425,0,0.05032545599988225
2009,3,2.0,d_optimal,8123.105625617661,1-2-2-2-1-1-0-0-1,4.589275480279362e-06,0.055091576000450004,577,93.97209827941192,144.79600096822543,140.30763049961425,0,0.05078974699972605
2009,3,8.0,shortest,8000.0,1-1-1-1-1-1-1-1-1,3.013537974200967e-06,0.055091576000450004,577,126.67086977907675,136.95060184148846,165.49092542701536,0,0.0472612459998345
2009,3,8.0,separable,8123.105625617661,1-2-2-2-1-1-0-0-1,4.589275480279362e-06,0.055091576000450004,577,119.03563134606006,137.7298210291656,161.49580209328428,0,0.04728350900040823
2009,3,8.0,d_optimal,8123.105625617661,1-2-2-2-1-1-0-0-1,4.589275480279362e-06,0.055091576000450004,577,119.03563134606006,137.7298210291656,161.49580209328428,0,0.04661924599986378
2009,4,2.0,shortest,8000.0,1-1-1-1-1-1-1-1-1,3.013537974200967e-06,0.055091576000450004,577,83.49286699994396,42.04209377891422,130.15181575809,0,0.05148061999989295
2009,4,2.0,separable,8123.105625617661,1-2-2-2-1-1-0-0-1,4.589275480279362e-06,0.055091576000450004,577,86.52628332636623,120.24454652916377,129.45268517423722,0,0.04995419800070522
2009,4,2.0,d_optimal,8123.105625617661,1-2-2-2-1-1-0-0-1,4.589275480279362e-06,0.055091576000450004,577,86.52628332636623,120.24454652916377,129.45268517423722,0,0.05322713399982604
2009,4,8.0,shortest,8000.0,1-1-1-1-1-1-1-1-1,3.013537974200967e-06,0.055091576000450004,577,115.7419340234312,107.49031003681611,189.3304720831264,0,0.04796246299974882
2009,4,8.0,separable,8123.105625617661,1-2-2-2-1-1-0-0-1,4.589275480279362e-06,0.055091576000450004,577,107.81938488285414,87.94767026956353,180.05451567297678,0,0.04692628999964654
2009,4,8.0,d_optimal,8123.105625617661,1-2-2-2-1-1-0-0-1,4.589275480279362e-06,0.055091576000450004,577,107.81938488285414,87.94767026956353,180.05451567297678,0,0.04670105000059266
2009,5,2.0,shortest,8000.0,1-1-1-1-1-1-1-1-1,3.013537974200967e-06,0.055091576000450004,577,90.21839425091515,116.63519946784768,136.8349329288013,0,0.04960652299996582
2009,5,2.0,separable,8123.105625617661,1-2-2-2-1-1-0-0-1,4.589275480279362e-06,0.055091576000450004,577,84.43858759229425,137.7951323189642,137.7951323189642,0,0.05161804599993047
2009,5,2.0,d_optimal,8123.105625617661,1-2-2-2-1-1-0-0-1,4.589275480279362e-06,0.055091576000450004,577,84.43858759229425,137.7951323189642,137.7951323189642,0,0.05041745600010472
2009,5,8.0,shortest,8000.0,1-1-1-1-1-1-1-1-1,3.013537974200967e-06,0.055091576000450004,577,133.39289709920263,155.5258631059608,227.4278574478765,0,0.045594211000207
2009,5,8.0,separable,8123.105625617661,1-2-2-2-1-1-0-0-1,4.589275480279362e-06,0.055091576000450004,577,106.5935562738963,104.23580930780847,170.0303247919207,0,0.04462091400000645
2009,5,8.0,d_optimal,8123.105625617661,1-2-2-2-1-1-0-0-1,4.589275480279362e-06,0.055091576000450004,577,106.5935562738963,104.23580930780847,170.0303247919207,0,0.045846981999602576
2009,6,2.0,shortest,8000.0,1-1-1-1-1-1-1-1-1,3.013537974200967e-06,0.055091576000450004,577,85.70442240109718,31.26843511700993,139.93054239819872,0,0.05134898100004648
2009,6,2.0,separable,8123.105625617661,1-2-2-2-1-1-0-0-1,4.589275480279362e-06,0.055091576000450004,577,81.15673474614894,62.93804350291528,125.05324953494323,0,0.05405960900043283
2009,6,2.0,d_optimal,8123.105625617661,1-2-2-2-1-1-0-0-1,4.589275480279362e-06,0.055091576000450004,577,81.15673474614894,62.93804350291528,125.05324953494323,0,0.05150656899968453
2009,6,8.0,shortest,8000.0,1-1-1-1-1-1-1-1-1,3.013537974200967e-06,0.055091576000450004,577,144.2737632395744,151.38792069434024,258.26929166472564,1,0.04632108799978596
2009,6,8.0,separable,8123.105625617661,1-2-2-2-1-1-0-0-1,4.589275480279362e-06,0.055091576000450004,577,129.41311823477656,108.00824461045481,206.1383128354922,0,0.04770473400003539
2009,6,8.0,d_optimal,8123.105625617661,1-2-2-2-1-1-0-0-1,4.589275480279362e-06,0.055091576000450004,577,129.41311823477656,108.00824461045481,206.1383128354922,0,0.04855497699918487
2009,7,2.0,shortest,8000.0,1-1-1-1-1-1-1-1-1,3.013537974200967e-06,0.055091576000450004,577,85.21288044955774,52.714192069043946,142.63225104406186,0,0.04914824200022849
2009,7,2.0,separable,8123.105625617661,1-2-2-2-1-1-0-0-1,4.589275480279362e-06,0.055091576000450004,577,81.33160351307967,72.53851966291415,122.33801108752458,0,0.04995130299994344
2009,7,2.0,d_optimal,8123.105625617661,1-2-2-2-1-1-0-0-1,4.589275480279362e-06,0.055091576000450004,577,81.33160351307967,72.53851966291415,122.33801108752458,0,0.04890434299977642
2009,7,8.0,shortest,8000.0,1-1-1-1-1-1-1-1-1,3.013537974200967e-06,0.055091576000450004,577,95.7915522484564,84.47280654751052,156.01192145876217,0,0.04555993900066824
2009,7,8.0,separable,8123.105625617661,1-2-2-2-1-1-0-0-1,4.589275480279362e-06,0.055091576000450004,577,104.44711602919377,95.01565319306405,146.6573920466789,0,0.04574561899971741
2009,7,8.0,d_optimal,8123.105625617661,1-2-2-2-1-1-0-0-1,4.589275480279362e-06,0.055091576000450004,577,104.44711602919377,95.01565319306405,146.6573920466789,0,0.04715813000075286
2009,8,2.0,shortest,8000.0,1-1-1-1-1-1-1-1-1,3.013537974200967e-06,0.055091576000450004,577,82.22395218818012,5.699301583958154,129.01216900305275,0,0.05127108299984684
2009,8,2.0,separable,8123.105625617661,1-2-2-2-1-1-0-0-1,4.589275480279362e-06,0.055091576000450004,577,71.3584690333519,86.45684271387255,118.57236195409799,0,0.05063647699989815
2009,8,2.0,d_optimal,8123.105625617661,1-2-2-2-1-1-0-0-1,4.589275480279362e-06,0.055091576000450004,577,71.3584690333519,86.45684271387255,118.57236195409799,0,0.05027483100002428
2009,8,8.0,shortest,8000.0,1-1-1-1-1-1-1-1-1,3.013537974200967e-06,0.055091576000450004,577,109.88148689868319,111.65771493447414,172.30300946963985,0,0.04701718799969967
2009,8,8.0,separable,8123.105625617661,1-2-2-2-1-1-0-0-1,4.589275480279362e-06,0.055091576000450004,577,98.11341068871336,110.44952436618581,151.31040437816984,0,0.04774708700006158
2009,8,8.0,d_optimal,8123.105625617661,1-2-2-2-1-1-0-0-1,4.589275480279362e-06,0.055091576000450004,577,98.11341068871336,110.44952436618581,151.31040437816984,0,0.046424913999544515
2009,9,2.0,shortest,8000.0,1-1-1-1-1-1-1-1-1,3.013537974200967e-06,0.055091576000450004,577,105.01344897500982,56.93312406686621,163.5148618354157,0,0.04753898400031176
2009,9,2.0,separable,8123.105625617661,1-2-2-2-1-1-0-0-1,4.589275480279362e-06,0.055091576000450004,577,102.14941836323929,123.86295737681334,146.98131026256374,0,0.04837583700009418
2009,9,2.0,d_optimal,8123.105625617661,1-2-2-2-1-1-0-0-1,4.589275480279362e-06,0.055091576000450004,577,102.14941836323929,123.86295737681334,146.98131026256374,0,0.04989256400040176
2009,9,8.0,shortest,8000.0,1-1-1-1-1-1-1-1-1,3.013537974200967e-06,0.055091576000450004,577,165.65208413980898,64.1856203407084,278.8835522046886,1,0.04696754199994757
2009,9,8.0,separable,8123.105625617661,1-2-2-2-1-1-0-0-1,4.589275480279362e-06,0.055091576000450004,577,141.1419158902579,91.93639027125039,246.08765902078954,1,0.04890014700049505
2009,9,8.0,d_optimal,8123.105625617661,1-2-2-2-1-1-0-0-1,4.589275480279362e-06,0.055091576000450004,577,141.1419158902579,91.93639027125039,246.08765902078954,1,0.04619320500023605
2010,0,2.0,shortest,8000.0,1-1-1-1-1-1-1-1-1,1.096433499773156e-05,0.06182442599947535,577,72.62947981377107,45.75964483908333,114.12238280344339,0,0.04975626900068164
2010,0,2.0,separable,8061.55281280883,1-2-2-2-2-2-1-1-1,2.0738368775702636e-05,0.06182442599947535,577,74.80031440597874,45.85265372598695,121.7946800552913,0,0.05262259200026165
2010,0,2.0,d_optimal,8123.105625617661,1-2-2-2-2-2-1-0-1,2.0796955372982164e-05,0.06182442599947535,577,73.73820583701871,54.703559977150675,121.7946800552913,0,0.05469993600036105
2010,0,8.0,shortest,8000.0,1-1-1-1-1-1-1-1-1,1.096433499773156e-05,0.06182442599947535,577,101.51011339598764,60.16798143747755,151.94025858077157,0,0.04617967400008638
2010,0,8.0,separable,8061.55281280883,1-2-2-2-2-2-1-1-1,2.0738368775702636e-05,0.06182442599947535,577,99.4366938699182,66.65195711640429,146.62711032864124,0,0.04906040900004882
2010,0,8.0,d_optimal,8123.105625617661,1-2-2-2-2-2-1-0-1,2.0796955372982164e-05,0.06182442599947535,577,99.08334727210438,67.47594184176548,144.48144974583636,0,0.047514937999949325
2010,1,2.0,shortest,8000.0,1-1-1-1-1-1-1-1-1,1.096433499773156e-05,0.06182442599947535,577,74.35187142486302,27.891941368841568,117.54079206984977,0,0.05214774599971861
2010,1,2.0,separable,8061.55281280883,1-2-2-2-2-2-1-1-1,2.0738368775702636e-05,0.06182442599947535,577,77.69056892978006,50.39446456178556,120.72847905458318,0,0.05221657000038249
2010,1,2.0,d_optimal,8123.105625617661,1-2-2-2-2-2-1-0-1,2.0796955372982164e-05,0.06182442599947535,577,75.96607204124312,42.52497407116021,116.4088713724092,0,0.05107466700064833
2010,1,8.0,shortest,8000.0,1-1-1-1-1-1-1-1-1,1.096433499773156e-05,0.06182442599947535,577,104.32867066811124,92.51673540022006,177.67125347541463,0,0.04629562999980408
2010,1,8.0,separable,8061.55281280883,1-2-2-2-2-2-1-1-1,2.0738368775702636e-05,0.06182442599947535,577,112.61340522390198,131.99160744659403,198.9579012466455,0,0.05130890999953408
2010,1,8.0,d_optimal,8123.105625617661,1-2-2-2-2-2-1-0-1,2.0796955372982164e-05,0.06182442599947535,577,108.20122725499955,102.75169588302265,180.54947213936018,0,0.04788055900007748
2010,2,2.0,shortest,8000.0,1-1-1-1-1-1-1-1-1,1.096433499773156e-05,0.06182442599947535,577,81.49689522813586,63.24049826789864,142.7036080501333,0,0.06851105699934124
2010,2,2.0,separable,8061.55281280883,1-2-2-2-2-2-1-1-1,2.0738368775702636e-05,0.06182442599947535,577,82.11140642756398,71.25735150142245,147.69796711597618,0,0.05206520199953957
2010,2,2.0,d_optimal,8123.105625617661,1-2-2-2-2-2-1-0-1,2.0796955372982164e-05,0.06182442599947535,577,80.7787435841887,72.87041343974536,147.69796711597618,0,0.052864967999994406
2010,2,8.0,shortest,8000.0,1-1-1-1-1-1-1-1-1,1.096433499773156e-05,0.06182442599947535,577,111.62514706284409,28.024388577486015,182.16384557485654,0,0.04900685899974633
2010,2,8.0,separable,8061.55281280883,1-2-2-2-2-2-1-1-1,2.0738368775702636e-05,0.06182442599947535,577,107.89376381462043,36.22999282322021,181.0632357343786,0,0.047571262999554165
2010,2,8.0,d_optimal,8123.105625617661,1-2-2-2-2-2-1-0-1,2.0796955372982164e-05,0.06182442599947535,577,104.03590637151459,22.39660390404325,181.0632357343786,0,0.04610043399952701
2010,3,2.0,shortest,8000.0,1-1-1-1-1-1-1-1-1,1.096433499773156e-05,0.06182442599947535,577,74.10942324675057,44.42894115561524,127.0610770975593,0,0.05316322699945886
2010,3,2.0,separable,8061.55281280883,1-2-2-2-2-2-1-1-1,2.0738368775702636e-05,0.06182442599947535,577,83.14781449758189,25.847997367635372,137.5345550060378,0,0.0629863390004175
2010,3,2.0,d_optimal,8123.105625617661,1-2-2-2-2-2-1-0-1,2.0796955372982164e-05,0.06182442599947535,577,78.06190037501821,42.453773627888665,137.5345550060378,0,0.06336432900025102
2010,3,8.0,shortest,8000.0,1-1-1-1-1-1-1-1-1,1.096433499773156e-05,0.06182442599947535,577,115.13885846372997,73.8330666663159,157.51483149762353,0,0.04989724099959858
2010,3,8.0,separable,8061.55281280883,1-2-2-2-2-2-1-1-1,2.0738368775702636e-05,0.06182442599947535,577,104.18023051407043,33.3771689241967,153.68312499509807,0,0.04979874699984066
2010,3,8.0,d_optimal,8123.105625617661,1-2-2-2-2-2-1-0-1,2.0796955372982164e-05,0.06182442599947535,577,102.13634262859158,30.486240089667604,153.68312499509807,0,0.04718099400088249
2010,4,2.0,shortest,8000.0,1-1-1-1-1-1-1-1-1,1.096433499773156e-05,0.06182442599947535,577,79.80504854311319,52.385905497972594,130.91222354700213,0,0.049283895999906235
2010,4,2.0,separable,8061.55281280883,1-2-2-2-2-2-1-1-1,2.0738368775702636e-05,0.06182442599947535,577,81.03731015279662,51.000832268845876,124.83177463915428,0,0.05068928699984099
2010,4,2.0,d_optimal,8123.105625617661,1-2-2-2-2-2-1-0-1,2.0796955372982164e-05,0.06182442599947535,577,77.79349167415235,34.85881118858099,124.83177463915428,0,0.053074113000548095
2010,4,8.0,shortest,8000.0,1-1-1-1-1-1-1-1-1,1.096433499773156e-05,0.06182442599947535,577,107.38774565518217,172.56152365428088,151.2638821966789,0,0.04567200900055468
2010,4,8.0,separable,8061.55281280883,1-2-2-2-2-2-1-1-1,2.0738368775702636e-05,0.06182442599947535,577,112.06438973595908,192.02683878554183,155.93663790114007,0,0.0494650790005835
2010,4,8.0,d_optimal,8123.105625617661,1-2-2-2-2-2-1-0-1,2.0796955372982164e-05,0.06182442599947535,577,107.60172782393909,173.91123346520632,147.99847845415835,0,0.049494284000502375
2010,5,2.0,shortest,8000.0,1-1-1-1-1-1-1-1-1,1.096433499773156e-05,0.06182442599947535,577,78.36071021484439,43.613289796332374,116.13212021546215,0,0.05338759599999321
2010,5,2.0,separable,8061.55281280883,1-2-2-2-2-2-1-1-1,2.0738368775702636e-05,0.06182442599947535,577,78.87972701553272,49.16249128006667,129.08541137988502,0,0.05426870500014047
2010,5,2.0,d_optimal,8123.105625617661,1-2-2-2-2-2-1-0-1,2.0796955372982164e-05,0.06182442599947535,577,78.1467323418326,40.7876216077924,129.08541137988502,0,0.05302802400001383
2010,5,8.0,shortest,8000.0,1-1-1-1-1-1-1-1-1,1.096433499773156e-05,0.06182442599947535,577,104.85282023213588,171.3253090262409,154.8399186220073,0,0.04996480400041037
2010,5,8.0,separable,8061.55281280883,1-2-2-2-2-2-1-1-1,2.0738368775702636e-05,0.06182442599947535,577,106.67154746166662,184.8298583786682,172.20636445620954,0,0.05109834199993202
2010,5,8.0,d_optimal,8123.105625617661,1-2-2-2-2-2-1-0-1,2.0796955372982164e-05,0.06182442599947535,577,102.37227113686392,164.6196815118553,156.76197444410857,0,0.04793430100016849
2010,6,2.0,shortest,8000.0,1-1-1-1-1-1-1-1-1,1.096433499773156e-05,0.06182442599947535,577,80.9033923279905,30.329192667147446,146.93964356863077,0,0.05304067199995188
2010,6,2.0,separable,8061.55281280883,1-2-2-2-2-2-1-1-1,2.0738368775702636e-05,0.06182442599947535,577,75.36597854776589,35.428506182657465,147.47567735343853,0,0.05596997099928558
2010,6,2.0,d_optimal,8123.105625617661,1-2-2-2-2-2-1-0-1,2.0796955372982164e-05,0.06182442599947535,577,74.31853350977296,38.9085024010845,147.47567735343853,0,0.05331820099945617
2010,6,8.0,shortest,8000.0,1-1-1-1-1-1-1-1-1,1.096433499773156e-05,0.06182442599947535,577,101.38682402893153,103.4365459475567,158.69978943113563,0,0.05401218799943308
2010,6,8.0,separable,8061.55281280883,1-2-2-2-2-2-1-1-1,2.0738368775702636e-05,0.06182442599947535,577,96.10503497213172,84.60888579801819,157.9489376631012,0,0.05450221200044325
2010,6,8.0,d_optimal,8123.105625617661,1-2-2-2-2-2-1-0-1,2.0796955372982164e-05,0.06182442599947535,577,95.04007512958175,76.66491484590654,157.9489376631012,0,0.05473099499977252
2010,7,2.0,shortest,8000.0,1-1-1-1-1-1-1-1-1,1.096433499773156e-05,0.06182442599947535,577,96.47701380254902,51.33114203795433,151.32167445787726,0,0.05757831000028091
2010,7,2.0,separable,8061.55281280883,1-2-2-2-2-2-1-1-1,2.0738368775702636e-05,0.06182442599947535,577,93.58744141862647,66.74695177065156,146.31810558415364,0,0.061395206000270264
2010,7,2.0,d_optimal,8123.105625617661,1-2-2-2-2-2-1-0-1,2.0796955372982164e-05,0.06182442599947535,577,90.50695764598336,60.74081793719513,144.22152276706032,0,0.07449185899986333
2010,7,8.0,shortest,8000.0,1-1-1-1-1-1-1-1-1,1.096433499773156e-05,0.06182442599947535,577,128.95279123986737,175.0239491644207,210.85038703651378,0,0.04773831900001824
2010,7,8.0,separable,8061.55281280883,1-2-2-2-2-2-1-1-1,2.0738368775702636e-05,0.06182442599947535,577,131.85337187529402,180.19747190256206,223.7511256847139,0,0.05163996299961582
2010,7,8.0,d_optimal,8123.105625617661,1-2-2-2-2-2-1-0-1,2.0796955372982164e-05,0.06182442599947535,577,126.25729307276369,153.67447089629886,213.55551860228613,0,0.050181033000626485
2010,8,2.0,shortest,8000.0,1-1-1-1-1-1-1-1-1,1.096433499773156e-05,0.06182442599947535,577,84.01076667551987,42.08346161058565,149.7332723468079,0,0.055758364999746846
2010,8,2.0,separable,8061.55281280883,1-2-2-2-2-2-1-1-1,2.0738368775702636e-05,0.06182442599947535,577,82.41187121545669,43.28523731079127,142.1152192291962,0,0.05984946499938815
2010,8,2.0,d_optimal,8123.105625617661,1-2-2-2-2-2-1-0-1,2.0796955372982164e-05,0.06182442599947535,577,80.035244180528,40.46407628380756,142.1152192291962,0,0.05358481700022821
2010,8,8.0,shortest,8000.0,1-1-1-1-1-1-1-1-1,1.096433499773156e-05,0.06182442599947535,577,116.5772517789638,120.36848889191201,176.67691607959512,0,0.05298709500038967
2010,8,8.0,separable,8061.55281280883,1-2-2-2-2-2-1-1-1,2.0738368775702636e-05,0.06182442599947535,577,120.33471949678851,129.95582666893193,190.42141041696405,0,0.04818370999964827
2010,8,8.0,d_optimal,8123.105625617661,1-2-2-2-2-2-1-0-1,2.0796955372982164e-05,0.06182442599947535,577,115.05951562768503,105.04639830615105,174.1154301478117,0,0.046733122999285115
2010,9,2.0,shortest,8000.0,1-1-1-1-1-1-1-1-1,1.096433499773156e-05,0.06182442599947535,577,90.28252488944848,30.08428218635244,174.7450362384092,0,0.05249683600050048
2010,9,2.0,separable,8061.55281280883,1-2-2-2-2-2-1-1-1,2.0738368775702636e-05,0.06182442599947535,577,86.99226139570874,28.86380405371614,172.17404417311607,0,0.053304653999475704
2010,9,2.0,d_optimal,8123.105625617661,1-2-2-2-2-2-1-0-1,2.0796955372982164e-05,0.06182442599947535,577,84.62355981233986,40.28716254128346,172.17404417311607,0,0.052461702000073274
2010,9,8.0,shortest,8000.0,1-1-1-1-1-1-1-1-1,1.096433499773156e-05,0.06182442599947535,577,111.38933280372974,51.87227924838008,204.35229672896057,0,0.04762004100030026
2010,9,8.0,separable,8061.55281280883,1-2-2-2-2-2-1-1-1,2.0738368775702636e-05,0.06182442599947535,577,126.30158206305215,108.84134903668728,215.34612221678927,0,0.04720043799989071
2010,9,8.0,d_optimal,8123.105625617661,1-2-2-2-2-2-1-0-1,2.0796955372982164e-05,0.06182442599947535,577,123.68117600626019,91.22719533159585,215.34612221678927,0,0.046544808999897214
2011,0,2.0,shortest,8000.0,1-1-1-1-1-1-1-1-1,6.521092116855882e-06,0.05554901899995457,577,112.91414986188116,32.4012760721008,183.7017343515319,0,0.053267668000444246
2011,0,2.0,separable,8184.658438426492,1-2-1-2-1-1-1-2-1,9.288657541468697e-06,0.05554901899995457,577,107.75966072209555,28.022756796165297,196.86467681420845,0,0.053367910000815755
2011,0,2.0,d_optimal,8184.658438426492,1-2-1-2-1-1-2-2-1,9.652609075593158e-06,0.05554901899995457,577,104.3266712421466,42.60483242888744,196.86467681420845,0,0.05396806899989315
2011,0,8.0,shortest,8000.0,1-1-1-1-1-1-1-1-1,6.521092116855882e-06,0.05554901899995457,577,123.86454348297588,31.39444991307035,203.46807837896947,0,0.0489174179992915
2011,0,8.0,separable,8184.658438426492,1-2-1-2-1-1-1-2-1,9.288657541468697e-06,0.05554901899995457,577,135.27633112210705,21.8427538105619,224.83377187447815,0,0.047211263999997755
2011,0,8.0,d_optimal,8184.658438426492,1-2-1-2-1-1-2-2-1,9.652609075593158e-06,0.05554901899995457,577,132.29467289595138,2.6280963070307104,217.35585726446794,0,0.0469599649995871
2011,1,2.0,shortest,8000.0,1-1-1-1-1-1-1-1-1,6.521092116855882e-06,0.05554901899995457,577,108.7061627151755,34.091027999663766,160.82870811327587,0,0.06171214499954658
2011,1,2.0,separable,8184.658438426492,1-2-1-2-1-1-1-2-1,9.288657541468697e-06,0.05554901899995457,577,121.07231989109133,44.180919693801236,186.82295652562678,0,0.054461248000734486
2011,1,2.0,d_optimal,8184.658438426492,1-2-1-2-1-1-2-2-1,9.652609075593158e-06,0.05554901899995457,577,120.44243837643613,37.92859729683427,186.82295652562678,0,0.05343152499972348
2011,1,8.0,shortest,8000.0,1-1-1-1-1-1-1-1-1,6.521092116855882e-06,0.05554901899995457,577,102.26481068784481,30.936359640889723,162.6011226025431,0,0.047411126000042714
2011,1,8.0,separable,8184.658438426492,1-2-1-2-1-1-1-2-1,9.288657541468697e-06,0.05554901899995457,577,117.29560512831334,33.71995068763633,190.51118926545948,0,0.049393775999305944
2011,1,8.0,d_optimal,8184.658438426492,1-2-1-2-1-1-2-2-1,9.652609075593158e-06,0.05554901899995457,577,114.98522841243408,46.12675680724031,189.8374589040674,0,0.04801233199941635
2011,2,2.0,shortest,8000.0,1-1-1-1-1-1-1-1-1,6.521092116855882e-06,0.05554901899995457,577,117.07587730319256,38.3866363789138,194.28149588070394,0,0.05311584899936861
2011,2,2.0,separable,8184.658438426492,1-2-1-2-1-1-1-2-1,9.288657541468697e-06,0.05554901899995457,577,114.84813964444453,56.13449164535963,203.61267988923822,0,0.05742768199979764
2011,2,2.0,d_optimal,8184.658438426492,1-2-1-2-1-1-2-2-1,9.652609075593158e-06,0.05554901899995457,577,110.24157590440927,35.941561810467654,203.61267988923822,0,0.057509566000589984
2011,2,8.0,shortest,8000.0,1-1-1-1-1-1-1-1-1,6.521092116855882e-06,0.05554901899995457,577,132.30092182878488,6.870490869085021,213.03492160277483,0,0.053544655999758106
2011,2,8.0,separable,8184.658438426492,1-2-1-2-1-1-1-2-1,9.288657541468697e-06,0.05554901899995457,577,140.4228201844989,58.72852489560375,235.41950241137633,1,0.055118790000051376
2011,2,8.0,d_optimal,8184.658438426492,1-2-1-2-1-1-2-2-1,9.652609075593158e-06,0.05554901899995457,577,135.97697443601643,39.34397271726048,232.5612258417555,1,0.051696860000447487
2011,3,2.0,shortest,8000.0,1-1-1-1-1-1-1-1-1,6.521092116855882e-06,0.05554901899995457,577,86.5591155909922,11.621995173088289,149.1864014671159,0,0.05911223200018867
2011,3,2.0,separable,8184.658438426492,1-2-1-2-1-1-1-2-1,9.288657541468697e-06,0.05554901899995457,577,92.81772953983959,18.91114035221988,161.86069100885913,0,0.05729271899963351
2011,3,2.0,d_optimal,8184.658438426492,1-2-1-2-1-1-2-2-1,9.652609075593158e-06,0.05554901899995457,577,92.13027247637609,11.412472079335247,161.86069100885913,0,0.056883660999119456
2011,3,8.0,shortest,8000.0,1-1-1-1-1-1-1-1-1,6.521092116855882e-06,0.05554901899995457,577,81.58500736097274,67.11692517672344,128.57636934242925,0,0.06649707100041269
2011,3,8.0,separable,8184.658438426492,1-2-1-2-1-1-1-2-1,9.288657541468697e-06,0.05554901899995457,577,84.2733088459997,59.47876807180911,140.5527825339319,0,0.06660681599987583
2011,3,8.0,d_optimal,8184.658438426492,1-2-1-2-1-1-2-2-1,9.652609075593158e-06,0.05554901899995457,577,81.60486452735543,56.122617697145145,140.5527825339319,0,0.0691670879996309
2011,4,2.0,shortest,8000.0,1-1-1-1-1-1-1-1-1,6.521092116855882e-06,0.05554901899995457,577,97.68604252232086,70.70539715430856,154.68975136161322,0,0.07019552899964765
2011,4,2.0,separable,8184.658438426492,1-2-1-2-1-1-1-2-1,9.288657541468697e-06,0.05554901899995457,577,95.24296689620101,11.110042498894936,173.93432344107345,0,0.07231622200015408
2011,4,2.0,d_optimal,8184.658438426492,1-2-1-2-1-1-2-2-1,9.652609075593158e-06,0.05554901899995457,577,96.58281926046622,53.48304907172192,173.93432344107345,0,0.0569929659995978
2011,4,8.0,shortest,8000.0,1-1-1-1-1-1-1-1-1,6.521092116855882e-06,0.05554901899995457,577,91.33846588023842,61.02263107755074,151.58479983175712,0,0.053376071999991836
2011,4,8.0,separable,8184.658438426492,1-2-1-2-1-1-1-2-1,9.288657541468697e-06,0.05554901899995457,577,94.54516709384771,72.64929526932467,164.2121779788914,0,0.05530370899941772
2011,4,8.0,d_optimal,8184.658438426492,1-2-1-2-1-1-2-2-1,9.652609075593158e-06,0.05554901899995457,577,92.08061833510915,77.26534987427776,164.2121779788914,0,0.06223659500028589
2011,5,2.0,shortest,8000.0,1-1-1-1-1-1-1-1-1,6.521092116855882e-06,0.05554901899995457,577,99.0889520523588,19.153781134117132,165.7953668420435,0,0.06493661799959227
2011,5,2.0,separable,8184.658438426492,1-2-1-2-1-1-1-2-1,9.288657541468697e-06,0.05554901899995457,577,114.61987674372628,31.24176052830639,182.33328663616587,0,0.05793016100051318
2011,5,2.0,d_optimal,8184.658438426492,1-2-1-2-1-1-2-2-1,9.652609075593158e-06,0.05554901899995457,577,104.53032346040959,23.155778182893954,172.25903981509128,0,0.06202296399987972
2011,5,8.0,shortest,8000.0,1-1-1-1-1-1-1-1-1,6.521092116855882e-06,0.05554901899995457,577,101.15683070529334,45.677098183863954,164.35982096142106,0,0.05489097600002424
2011,5,8.0,separable,8184.658438426492,1-2-1-2-1-1-1-2-1,9.288657541468697e-06,0.05554901899995457,577,110.24189207279092,39.213466059364244,170.73311251267967,0,0.0559267689995977
2011,5,8.0,d_optimal,8184.658438426492,1-2-1-2-1-1-2-2-1,9.652609075593158e-06,0.05554901899995457,577,106.27970761374213,39.662857723059524,167.67799177088412,0,0.05190260000017588
2011,6,2.0,shortest,8000.0,1-1-1-1-1-1-1-1-1,6.521092116855882e-06,0.05554901899995457,577,114.45920473196983,34.318975401600234,193.4499914574788,0,0.05801377700026933
2011,6,2.0,separable,8184.658438426492,1-2-1-2-1-1-1-2-1,9.288657541468697e-06,0.05554901899995457,577,117.76124682741711,10.909207344671366,192.9458795299093,0,0.05731207799999538
2011,6,2.0,d_optimal,8184.658438426492,1-2-1-2-1-1-2-2-1,9.652609075593158e-06,0.05554901899995457,577,112.50551711235813,3.006139107722255,189.7599654948529,0,0.05655536799986294
2011,6,8.0,shortest,8000.0,1-1-1-1-1-1-1-1-1,6.521092116855882e-06,0.05554901899995457,577,127.3648399063688,50.24449016972383,217.4515874947312,0,0.05026462400019227
2011,6,8.0,separable,8184.658438426492,1-2-1-2-1-1-1-2-1,9.288657541468697e-06,0.05554901899995457,577,128.2579982075745,57.83467759888301,227.57610705332985,0,0.04798250699968776
2011,6,8.0,d_optimal,8184.658438426492,1-2-1-2-1-1-2-2-1,9.652609075593158e-06,0.05554901899995457,577,122.99486535034275,37.12952673828783,213.24369768478945,0,0.046277745999759645
2011,7,2.0,shortest,8000.0,1-1-1-1-1-1-1-1-1,6.521092116855882e-06,0.05554901899995457,577,117.55275797358308,29.783987799213214,191.45489444377213,0,0.07727373399939097
2011,7,2.0,separable,8184.658438426492,1-2-1-2-1-1-1-2-1,9.288657541468697e-06,0.05554901899995457,577,116.5836671402353,9.541020446369787,204.02820475930392,0,0.05082817900074588
2011,7,2.0,d_optimal,8184.658438426492,1-2-1-2-1-1-2-2-1,9.652609075593158e-06,0.05554901899995457,577,112.95682399485098,19.38341978893801,201.68570517978688,0,0.04979774500043277
2011,7,8.0,shortest,8000.0,1-1-1-1-1-1-1-1-1,6.521092116855882e-06,0.05554901899995457,577,143.91483842946923,56.387010786436306,239.68980761293383,1,0.044753568000487576
2011,7,8.0,separable,8184.658438426492,1-2-1-2-1-1-1-2-1,9.288657541468697e-06,0.05554901899995457,577,140.8694545257781,55.25786579687117,236.4347077490117,0,0.05893530699995608
2011,7,8.0,d_optimal,8184.658438426492,1-2-1-2-1-1-2-2-1,9.652609075593158e-06,0.05554901899995457,577,135.7231854691125,60.35384580140196,234.86665935155958,0,0.0457672669999738
2011,8,2.0,shortest,8000.0,1-1-1-1-1-1-1-1-1,6.521092116855882e-06,0.05554901899995457,577,125.09789141172138,41.426238324212754,214.68737629867977,0,0.05272743400018953
2011,8,2.0,separable,8184.658438426492,1-2-1-2-1-1-1-2-1,9.288657541468697e-06,0.05554901899995457,577,119.74425126694572,45.025485535650944,224.79998623854783,0,0.05648958800065884
2011,8,2.0,d_optimal,8184.658438426492,1-2-1-2-1-1-2-2-1,9.652609075593158e-06,0.05554901899995457,577,116.66641304296874,45.94191887239895,224.79998623854783,0,0.05298502200002986
2011,8,8.0,shortest,8000.0,1-1-1-1-1-1-1-1-1,6.521092116855882e-06,0.05554901899995457,577,138.52636329003514,59.590881819011564,254.55755012488825,1,0.04862756999955309
2011,8,8.0,separable,8184.658438426492,1-2-1-2-1-1-1-2-1,9.288657541468697e-06,0.05554901899995457,577,151.51005947171282,45.71182677844967,266.3060826463693,1,0.04775952099953429
2011,8,8.0,d_optimal,8184.658438426492,1-2-1-2-1-1-2-2-1,9.652609075593158e-06,0.05554901899995457,577,149.2533831363146,56.47009545988932,266.3060826463693,1,0.046800233999420016
2011,9,2.0,shortest,8000.0,1-1-1-1-1-1-1-1-1,6.521092116855882e-06,0.05554901899995457,577,111.88323366098531,19.626287635780415,177.1765382979336,0,0.052878041000440135
2011,9,2.0,separable,8184.658438426492,1-2-1-2-1-1-1-2-1,9.288657541468697e-06,0.05554901899995457,577,118.16640747318962,22.140729097685682,190.51831462444335,0,0.055777823999960674
2011,9,2.0,d_optimal,8184.658438426492,1-2-1-2-1-1-2-2-1,9.652609075593158e-06,0.05554901899995457,577,120.12042739873074,43.322111533120314,181.95691127363426,0,0.05436162899968622
2011,9,8.0,shortest,8000.0,1-1-1-1-1-1-1-1-1,6.521092116855882e-06,0.05554901899995457,577,153.0109210898128,11.63854256712845,254.4827137383458,1,0.04961340699992434
2011,9,8.0,separable,8184.658438426492,1-2-1-2-1-1-1-2-1,9.288657541468697e-06,0.05554901899995457,577,152.02207124378478,18.00417197931485,260.2294091976306,1,0.04613083500044013
2011,9,8.0,d_optimal,8184.658438426492,1-2-1-2-1-1-2-2-1,9.652609075593158e-06,0.05554901899995457,577,148.54123469549953,27.155285205805708,257.570636615037,1,0.045986445999915304
2012,0,2.0,shortest,8000.0,1-1-1-1-1-1-1-1-1,6.348911295929848e-06,0.056220401999780734,577,76.0029157723034,145.29378506056898,131.5797697613329,0,0.05136539900013304
2012,0,2.0,separable,8123.105625617661,1-1-0-1-1-2-2-2-1,9.496731346840749e-06,0.056220401999780734,577,95.16271400231388,203.67760053510463,195.4733262104454,0,0.05566630599969358
2012,0,2.0,d_optimal,8123.105625617661,1-1-0-1-2-2-2-2-1,1.000803896765174e-05,0.056220401999780734,577,91.65351075143262,176.6318149332257,164.94130712411996,0,0.05294495099951746
2012,0,8.0,shortest,8000.0,1-1-1-1-1-1-1-1-1,6.348911295929848e-06,0.056220401999780734,577,84.53335058228153,172.72781868499987,145.8402892636642,0,0.04630174299927603
2012,0,8.0,separable,8123.105625617661,1-1-0-1-1-2-2-2-1,9.496731346840749e-06,0.056220401999780734,577,98.24350420219392,194.99177167374773,167.17208968467372,0,0.04617753500042454
2012,0,8.0,d_optimal,8123.105625617661,1-1-0-1-2-2-2-2-1,1.000803896765174e-05,0.056220401999780734,577,96.90357276657545,167.16117452684273,134.68643193913815,0,0.04727834500044992
2012,1,2.0,shortest,8000.0,1-1-1-1-1-1-1-1-1,6.348911295929848e-06,0.056220401999780734,577,58.5023897864871,139.3733993279554,117.20031230804611,0,0.049466295999991416
2012,1,2.0,separable,8123.105625617661,1-1-0-1-1-2-2-2-1,9.496731346840749e-06,0.056220401999780734,577,63.84192295393274,156.39402170776938,130.32952339063706,0,0.05073155400077667
2012,1,2.0,d_optimal,8123.105625617661,1-1-0-1-2-2-2-2-1,1.000803896765174e-05,0.056220401999780734,577,77.47935418185843,192.54003405713036,167.33058280162052,0,0.04950260000077833
2012,1,8.0,shortest,8000.0,1-1-1-1-1-1-1-1-1,6.348911295929848e-06,0.056220401999780734,577,74.68172634817275,176.9372571786296,142.89785775806618,0,0.045913472000393085
2012,1,8.0,separable,8123.105625617661,1-1-0-1-1-2-2-2-1,9.496731346840749e-06,0.056220401999780734,577,77.35718488850544,193.68757087383392,157.3805266768351,0,0.046442554000350356
2012,1,8.0,d_optimal,8123.105625617661,1-1-0-1-2-2-2-2-1,1.000803896765174e-05,0.056220401999780734,577,76.4574078433334,185.47852119154388,149.49825172113069,0,0.0487494400003925
2012,2,2.0,shortest,8000.0,1-1-1-1-1-1-1-1-1,6.348911295929848e-06,0.056220401999780734,577,93.3080761519447,172.52052711666803,169.58081920499146,0,0.05530787499992584
2012,2,2.0,separable,8123.105625617661,1-1-0-1-1-2-2-2-1,9.496731346840749e-06,0.056220401999780734,577,108.37324098198398,220.0315323628507,216.541024402972,0,0.05733155799953238
2012,2,2.0,d_optimal,8123.105625617661,1-1-0-1-2-2-2-2-1,1.000803896765174e-05,0.056220401999780734,577,113.43385682961417,233.0744107029577,223.35355829228467,0,0.05167857200012804
2012,2,8.0,shortest,8000.0,1-1-1-1-1-1-1-1-1,6.348911295929848e-06,0.056220401999780734,577,144.7860210594731,263.57537209222966,250.23176846921066,1,0.051957933000267076
2012,2,8.0,separable,8123.105625617661,1-1-0-1-1-2-2-2-1,9.496731346840749e-06,0.056220401999780734,577,127.34247840017983,248.9672981168264,230.05710336518396,1,0.04855829499956599
2012,2,8.0,d_optimal,8123.105625617661,1-1-0-1-2-2-2-2-1,1.000803896765174e-05,0.056220401999780734,577,145.47342121724213,279.0767303657081,259.07826411408973,1,0.04961741300030553
2012,3,2.0,shortest,8000.0,1-1-1-1-1-1-1-1-1,6.348911295929848e-06,0.056220401999780734,577,86.99020590588007,144.0834933106319,141.6406364718343,0,0.055450059999202495
2012,3,2.0,separable,8123.105625617661,1-1-0-1-1-2-2-2-1,9.496731346840749e-06,0.056220401999780734,577,84.53751887969798,166.4778452167477,163.2948515109029,0,0.0532816199993249
2012,3,2.0,d_optimal,8123.105625617661,1-1-0-1-2-2-2-2-1,1.000803896765174e-05,0.056220401999780734,577,82.79959841873652,156.41238629496004,152.64597193612673,0,0.051530931999877794
2012,3,8.0,shortest,8000.0,1-1-1-1-1-1-1-1-1,6.348911295929848e-06,0.056220401999780734,577,105.53753458692997,171.82723104318478,163.13566038124026,0,0.04685448199961684
2012,3,8.0,separable,8123.105625617661,1-1-0-1-1-2-2-2-1,9.496731346840749e-06,0.056220401999780734,577,99.81386259205293,182.1716193310577,169.68483875496938,0,0.04885361800006649
2012,3,8.0,d_optimal,8123.105625617661,1-1-0-1-2-2-2-2-1,1.000803896765174e-05,0.056220401999780734,577,103.77629328941323,186.62183223313187,173.1714222529571,0,0.04934169300031499
2012,4,2.0,shortest,8000.0,1-1-1-1-1-1-1-1-1,6.348911295929848e-06,0.056220401999780734,577,75.78756474484285,122.15377821389754,127.37872322665048,0,0.05457575799937331
2012,4,2.0,separable,8123.105625617661,1-1-0-1-1-2-2-2-1,9.496731346840749e-06,0.056220401999780734,577,93.1124239798506,182.0278534704603,190.2082943428509,0,0.05618971300009434
2012,4,2.0,d_optimal,8123.105625617661,1-1-0-1-2-2-2-2-1,1.000803896765174e-05,0.056220401999780734,577,94.03840992743483,184.25113213611468,188.9650661545893,0,0.055426771999918856
2012,4,8.0,shortest,8000.0,1-1-1-1-1-1-1-1-1,6.348911295929848e-06,0.056220401999780734,577,118.95624159262512,228.60112135442498,219.65806591039075,0,0.04946285599999101
2012,4,8.0,separable,8123.105625617661,1-1-0-1-1-2-2-2-1,9.496731346840749e-06,0.056220401999780734,577,98.95864513904718,209.28277734651329,199.23281084016432,0,0.04773643299995456
2012,4,8.0,d_optimal,8123.105625617661,1-1-0-1-2-2-2-2-1,1.000803896765174e-05,0.056220401999780734,577,103.57353780115584,217.3430178763556,206.82357441749394,0,0.048658773000170186
2012,5,2.0,shortest,8000.0,1-1-1-1-1-1-1-1-1,6.348911295929848e-06,0.056220401999780734,577,96.55594319524269,174.17828722852698,195.32534889429985,0,0.04954680300033942
2012,5,2.0,separable,8123.105625617661,1-1-0-1-1-2-2-2-1,9.496731346840749e-06,0.056220401999780734,577,101.78596785781467,209.7957845184437,210.2940035334129,0,0.052467477999925904
2012,5,2.0,d_optimal,8123.105625617661,1-1-0-1-2-2-2-2-1,1.000803896765174e-05,0.056220401999780734,577,110.04060955882593,224.0572670661966,224.22932456700312,0,0.05562359799932892
2012,5,8.0,shortest,8000.0,1-1-1-1-1-1-1-1-1,6.348911295929848e-06,0.056220401999780734,577,149.24317188604942,266.2068320516217,271.20289157661875,1,0.05481327699999383
2012,5,8.0,separable,8123.105625617661,1-1-0-1-1-2-2-2-1,9.496731346840749e-06,0.056220401999780734,577,132.75614602593927,263.0711342784423,253.64176903652924,1,0.053722581999863905
2012,5,8.0,d_optimal,8123.105625617661,1-1-0-1-2-2-2-2-1,1.000803896765174e-05,0.056220401999780734,577,131.48098216389627,259.85263013996007,250.5426814084685,1,0.04935661599938612
2012,6,2.0,shortest,8000.0,1-1-1-1-1-1-1-1-1,6.348911295929848e-06,0.056220401999780734,577,74.23891039777287,157.50821488497297,158.65343492943242,0,0.05300046199954522
2012,6,2.0,separable,8123.105625617661,1-1-0-1-1-2-2-2-1,9.496731346840749e-06,0.056220401999780734,577,73.83215919620021,149.07226913290106,150.34258014243753,0,0.06882129600035114
2012,6,2.0,d_optimal,8123.105625617661,1-1-0-1-2-2-2-2-1,1.000803896765174e-05,0.056220401999780734,577,82.57756813814437,163.51487082709426,164.28791822855865,0,0.0555510990006951
2012,6,8.0,shortest,8000.0,1-1-1-1-1-1-1-1-1,6.348911295929848e-06,0.056220401999780734,577,68.69425567870819,131.13870646612486,124.99695620968663,0,0.048080160000608885
2012,6,8.0,separable,8123.105625617661,1-1-0-1-1-2-2-2-1,9.496731346840749e-06,0.056220401999780734,577,82.49121136719839,163.02617998675734,155.537686951794,0,0.04922215300030075
2012,6,8.0,d_optimal,8123.105625617661,1-1-0-1-2-2-2-2-1,1.000803896765174e-05,0.056220401999780734,577,80.86781143698235,156.92394298578543,149.45275189270168,0,0.048231690000648086
2012,7,2.0,shortest,8000.0,1-1-1-1-1-1-1-1-1,6.348911295929848e-06,0.056220401999780734,577,93.11168409711898,195.74811111504718,196.51553784194914,0,0.05377541100006056
2012,7,2.0,separable,8123.105625617661,1-1-0-1-1-2-2-2-1,9.496731346840749e-06,0.056220401999780734,577,101.56808816790323,235.68785083320694,234.85821788891192,0,0.054950142999587115
2012,7,2.0,d_optimal,8123.105625617661,1-1-0-1-2-2-2-2-1,1.000803896765174e-05,0.056220401999780734,577,102.5969581713628,232.5716871182446,231.95034155250357,0,0.05640254300033121
2012,7,8.0,shortest,8000.0,1-1-1-1-1-1-1-1-1,6.348911295929848e-06,0.056220401999780734,577,95.18936808476005,223.30444852159764,211.9344706296704,0,0.05593270500048675
2012,7,8.0,separable,8123.105625617661,1-1-0-1-1-2-2-2-1,9.496731346840749e-06,0.056220401999780734,577,100.45830486119206,247.0296038603712,230.16674649903175,0,0.0518627560004461
2012,7,8.0,d_optimal,8123.105625617661,1-1-0-1-2-2-2-2-1,1.000803896765174e-05,0.056220401999780734,577,100.47441747974626,244.72888942573192,228.92154148977275,0,0.04721229099959601
2012,8,2.0,shortest,8000.0,1-1-1-1-1-1-1-1-1,6.348911295929848e-06,0.056220401999780734,577,75.53537975158753,127.41818666508803,134.67628970021303,0,0.05695494699921255
2012,8,2.0,separable,8123.105625617661,1-1-0-1-1-2-2-2-1,9.496731346840749e-06,0.056220401999780734,577,87.3850187234609,167.7997441556577,167.98184723994427,0,0.05434596200029773
2012,8,2.0,d_optimal,8123.105625617661,1-1-0-1-2-2-2-2-1,1.000803896765174e-05,0.056220401999780734,577,91.36478254633465,171.08951207232613,171.39684081396936,0,0.05462226899999223
2012,8,8.0,shortest,8000.0,1-1-1-1-1-1-1-1-1,6.348911295929848e-06,0.056220401999780734,577,112.12324486325713,198.4701944599013,198.4701944599013,0,0.049867056000039156
2012,8,8.0,separable,8123.105625617661,1-1-0-1-1-2-2-2-1,9.496731346840749e-06,0.056220401999780734,577,106.24810627832926,203.53872305641596,195.03704707141074,0,0.04886173900013091
2012,8,8.0,d_optimal,8123.105625617661,1-1-0-1-2-2-2-2-1,1.000803896765174e-05,0.056220401999780734,577,105.44937812569648,197.52475818739856,188.31346459413402,0,0.050640942999962135
2012,9,2.0,shortest,8000.0,1-1-1-1-1-1-1-1-1,6.348911295929848e-06,0.056220401999780734,577,75.16282756813862,149.94361303967472,149.94361303967472,0,0.05227815700072824
2012,9,2.0,separable,8123.105625617661,1-1-0-1-1-2-2-2-1,9.496731346840749e-06,0.056220401999780734,577,86.552725746274,192.58931596333716,192.58931596333716,0,0.052146483999422344
2012,9,2.0,d_optimal,8123.105625617661,1-1-0-1-2-2-2-2-1,1.000803896765174e-05,0.056220401999780734,577,99.99697001972618,223.91390976161392,223.91390976161392,0,0.05345963499985373
2012,9,8.0,shortest,8000.0,1-1-1-1-1-1-1-1-1,6.348911295929848e-06,0.056220401999780734,577,89.09122824117375,194.8743517698015,190.4403481394558,0,0.047083888000088336
2012,9,8.0,separable,8123.105625617661,1-1-0-1-1-2-2-2-1,9.496731346840749e-06,0.056220401999780734,577,92.74152901391311,220.49300531513586,210.79455136439498,0,0.047923645000082615
2012,9,8.0,d_optimal,8123.105625617661,1-1-0-1-2-2-2-2-1,1.000803896765174e-05,0.056220401999780734,577,98.93401366108974,237.8577217766252,228.4389771667775,0,0.047905516999890096
2013,0,2.0,shortest,8000.0,1-1-1-1-1-1-1-1-1,1.7027063280462496e-07,0.056213748999653035,577,65.37173171376526,162.18931851347693,109.41524876420367,0,0.048865685000237136
2013,0,2.0,separable,8184.658438426492,1-0-0-1-0-1-0-0-1,3.472663134437899e-07,0.056213748999653035,577,81.86192527388638,196.54952326054516,165.69003222052538,0,0.04985015999955067
2013,0,2.0,d_optimal,8184.658438426492,1-0-0-1-0-1-0-0-1,3.472663134437899e-07,0.056213748999653035,577,81.86192527388638,196.54952326054516,165.69003222052538,0,0.048945044999527454
2013,0,8.0,shortest,8000.0,1-1-1-1-1-1-1-1-1,1.7027063280462496e-07,0.056213748999653035,577,109.73440898342155,176.78054584915776,162.19754910986333,0,0.045798469000146724
2013,0,8.0,separable,8184.658438426492,1-0-0-1-0-1-0-0-1,3.472663134437899e-07,0.056213748999653035,577,112.11783317057623,206.53120616129866,176.57143963452435,0,0.04611845099952916
2013,0,8.0,d_optimal,8184.658438426492,1-0-0-1-0-1-0-0-1,3.472663134437899e-07,0.056213748999653035,577,112.11783317057623,206.53120616129866,176.57143963452435,0,0.045314318999771785
2013,1,2.0,shortest,8000.0,1-1-1-1-1-1-1-1-1,1.7027063280462496e-07,0.056213748999653035,577,63.82370540893378,110.0898006088702,101.00152527262041,0,0.04888121200019668
2013,1,2.0,separable,8184.658438426492,1-0-0-1-0-1-0-0-1,3.472663134437899e-07,0.056213748999653035,577,82.45136750737248,161.77183453118963,142.43412722977757,0,0.04899509499955457
2013,1,2.0,d_optimal,8184.658438426492,1-0-0-1-0-1-0-0-1,3.472663134437899e-07,0.056213748999653035,577,82.45136750737248,161.77183453118963,142.43412722977757,0,0.05200658600006136
2013,1,8.0,shortest,8000.0,1-1-1-1-1-1-1-1-1,1.7027063280462496e-07,0.056213748999653035,577,99.66044506042452,157.56848489899272,158.1270606584677,0,0.04680895799992868
2013,1,8.0,separable,8184.658438426492,1-0-0-1-0-1-0-0-1,3.472663134437899e-07,0.056213748999653035,577,93.79984954808317,157.16361393257247,156.7274394003199,0,0.04543379400001868
2013,1,8.0,d_optimal,8184.658438426492,1-0-0-1-0-1-0-0-1,3.472663134437899e-07,0.056213748999653035,577,93.79984954808317,157.16361393257247,156.7274394003199,0,0.045681757999773254
2013,2,2.0,shortest,8000.0,1-1-1-1-1-1-1-1-1,1.7027063280462496e-07,0.056213748999653035,577,78.52027266455342,180.21584394346587,144.48650325872055,0,0.046589575999860244
2013,2,2.0,separable,8184.658438426492,1-0-0-1-0-1-0-0-1,3.472663134437899e-07,0.056213748999653035,577,106.70255586840716,242.83629819998052,215.19825619746373,0,0.04971010400004161
2013,2,2.0,d_optimal,8184.658438426492,1-0-0-1-0-1-0-0-1,3.472663134437899e-07,0.056213748999653035,577,106.70255586840716,242.83629819998052,215.19825619746373,0,0.04864375499982998
2013,2,8.0,shortest,8000.0,1-1-1-1-1-1-1-1-1,1.7027063280462496e-07,0.056213748999653035,577,113.54360009182712,194.0189731188356,179.57895924986224,0,0.045336516999668675
2013,2,8.0,separable,8184.658438426492,1-0-0-1-0-1-0-0-1,3.472663134437899e-07,0.056213748999653035,577,120.37905085868762,229.4713652081495,211.6840628737329,0,0.04789928299942403
2013,2,8.0,d_optimal,8184.658438426492,1-0-0-1-0-1-0-0-1,3.472663134437899e-07,0.056213748999653035,577,120.37905085868762,229.4713652081495,211.6840628737329,0,0.04432330999952683
2013,3,2.0,shortest,8000.0,1-1-1-1-1-1-1-1-1,1.7027063280462496e-07,0.056213748999653035,577,89.17945196486092,192.9415390959982,164.2174276895621,0,0.06186300900026254
2013,3,2.0,separable,8184.658438426492,1-0-0-1-0-1-0-0-1,3.472663134437899e-07,0.056213748999653035,577,106.27526781598324,217.6806679987734,208.59353246248727,0,0.04751452199980122
2013,3,2.0,d_optimal,8184.658438426492,1-0-0-1-0-1-0-0-1,3.472663134437899e-07,0.056213748999653035,577,106.27526781598324,217.6806679987734,208.59353246248727,0,0.0465811849999227
2013,3,8.0,shortest,8000.0,1-1-1-1-1-1-1-1-1,1.7027063280462496e-07,0.056213748999653035,577,100.36508091784593,205.76436360472792,175.3243125434288,0,0.04517380300057994
2013,3,8.0,separable,8184.658438426492,1-0-0-1-0-1-0-0-1,3.472663134437899e-07,0.056213748999653035,577,110.10858163293781,222.82067977537005,199.3537884573618,0,0.044668941000054474
2013,3,8.0,d_optimal,8184.658438426492,1-0-0-1-0-1-0-0-1,3.472663134437899e-07,0.056213748999653035,577,110.10858163293781,222.82067977537005,199.3537884573618,0,0.04412338800011639
2013,4,2.0,shortest,8000.0,1-1-1-1-1-1-1-1-1,1.7027063280462496e-07,0.056213748999653035,577,110.8501904934075,232.3654459944669,199.6545825633512,0,0.0458976129993971
2013,4,2.0,separable,8184.658438426492,1-0-0-1-0-1-0-0-1,3.472663134437899e-07,0.056213748999653035,577,104.78642787456212,221.8462761807327,197.83973933075197,0,0.046474524000586825
2013,4,2.0,d_optimal,8184.658438426492,1-0-0-1-0-1-0-0-1,3.472663134437899e-07,0.056213748999653035,577,104.78642787456212,221.8462761807327,197.83973933075197,0,0.046816829999443144
2013,4,8.0,shortest,8000.0,1-1-1-1-1-1-1-1-1,1.7027063280462496e-07,0.056213748999653035,577,109.23508058865131,166.58813613093102,160.66894034174516,0,0.04326737700012018
2013,4,8.0,separable,8184.658438426492,1-0-0-1-0-1-0-0-1,3.472663134437899e-07,0.056213748999653035,577,109.33827913367904,197.82106650136694,185.30950831061432,0,0.04311953500018717
2013,4,8.0,d_optimal,8184.658438426492,1-0-0-1-0-1-0-0-1,3.472663134437899e-07,0.056213748999653035,577,109.33827913367904,197.82106650136694,185.30950831061432,0,0.04375442099990323
2013,5,2.0,shortest,8000.0,1-1-1-1-1-1-1-1-1,1.7027063280462496e-07,0.056213748999653035,577,95.30780634758331,178.7464718530367,151.7600035303219,0,0.04772402900016459
2013,5,2.0,separable,8184.658438426492,1-0-0-1-0-1-0-0-1,3.472663134437899e-07,0.056213748999653035,577,120.89878671189454,253.5457409076894,229.5896685994072,1,0.04809799099984957
2013,5,2.0,d_optimal,8184.658438426492,1-0-0-1-0-1-0-0-1,3.472663134437899e-07,0.056213748999653035,577,120.89878671189454,253.5457409076894,229.5896685994072,1,0.04987556299965945
2013,5,8.0,shortest,8000.0,1-1-1-1-1-1-1-1-1,1.7027063280462496e-07,0.056213748999653035,577,155.80231341927362,270.9567917778168,247.01378967623774,1,0.04784772499988321
2013,5,8.0,separable,8184.658438426492,1-0-0-1-0-1-0-0-1,3.472663134437899e-07,0.056213748999653035,577,155.88018341683846,286.64325786502565,268.0450190358706,1,0.045561567000731884
2013,5,8.0,d_optimal,8184.658438426492,1-0-0-1-0-1-0-0-1,3.472663134437899e-07,0.056213748999653035,577,155.88018341683846,286.64325786502565,268.0450190358706,1,0.043591956999989634
2013,6,2.0,shortest,8000.0,1-1-1-1-1-1-1-1-1,1.7027063280462496e-07,0.056213748999653035,577,54.92337343298935,81.83619845935881,92.79935994501515,0,0.04669011900023179
2013,6,2.0,separable,8184.658438426492,1-0-0-1-0-1-0-0-1,3.472663134437899e-07,0.056213748999653035,577,66.77790698244682,137.21227127472983,113.56222080901378,0,0.053312084000026516
2013,6,2.0,d_optimal,8184.658438426492,1-0-0-1-0-1-0-0-1,3.472663134437899e-07,0.056213748999653035,577,66.77790698244682,137.21227127472983,113.56222080901378,0,0.05071794299965404
2013,6,8.0,shortest,8000.0,1-1-1-1-1-1-1-1-1,1.7027063280462496e-07,0.056213748999653035,577,120.80487181596652,221.56693217616382,214.8627861253561,0,0.044416128999728244
2013,6,8.0,separable,8184.658438426492,1-0-0-1-0-1-0-0-1,3.472663134437899e-07,0.056213748999653035,577,105.52811720663645,193.05190340114547,187.2856982813569,0,0.04486466600064887
2013,6,8.0,d_optimal,8184.658438426492,1-0-0-1-0-1-0-0-1,3.472663134437899e-07,0.056213748999653035,577,105.52811720663645,193.05190340114547,187.2856982813569,0,0.04484671899990644
2013,7,2.0,shortest,8000.0,1-1-1-1-1-1-1-1-1,1.7027063280462496e-07,0.056213748999653035,577,73.81062217067172,142.34580480954546,110.7577445412443,0,0.04696705600053974
2013,7,2.0,separable,8184.658438426492,1-0-0-1-0-1-0-0-1,3.472663134437899e-07,0.056213748999653035,577,94.44919088366508,151.34633560466466,156.4677214010616,0,0.05169912200017279
2013,7,2.0,d_optimal,8184.658438426492,1-0-0-1-0-1-0-0-1,3.472663134437899e-07,0.056213748999653035,577,94.44919088366508,151.34633560466466,156.4677214010616,0,0.04606845199941745
2013,7,8.0,shortest,8000.0,1-1-1-1-1-1-1-1-1,1.7027063280462496e-07,0.056213748999653035,577,121.52227272381576,220.12647292946093,197.99766395391907,0,0.043687451000550936
2013,7,8.0,separable,8184.658438426492,1-0-0-1-0-1-0-0-1,3.472663134437899e-07,0.056213748999653035,577,112.12100817783016,189.37318343752497,167.56840048990884,0,0.04509478299951297
2013,7,8.0,d_optimal,8184.658438426492,1-0-0-1-0-1-0-0-1,3.472663134437899e-07,0.056213748999653035,577,112.12100817783016,189.37318343752497,167.56840048990884,0,0.045010707000074035
2013,8,2.0,shortest,8000.0,1-1-1-1-1-1-1-1-1,1.7027063280462496e-07,0.056213748999653035,577,70.83826881204264,118.25507470053914,113.35225083172413,0,0.046683047999977134
2013,8,2.0,separable,8184.658438426492,1-0-0-1-0-1-0-0-1,3.472663134437899e-07,0.056213748999653035,577,93.92985064391354,158.38334297012443,179.39019072918555,0,0.05006112200044299
2013,8,2.0,d_optimal,8184.658438426492,1-0-0-1-0-1-0-0-1,3.472663134437899e-07,0.056213748999653035,577,93.92985064391354,158.38334297012443,179.39019072918555,0,0.051384197000515996
2013,8,8.0,shortest,8000.0,1-1-1-1-1-1-1-1-1,1.7027063280462496e-07,0.056213748999653035,577,122.47019203215746,193.70306019072163,177.99172298948403,0,0.052570065999134385
2013,8,8.0,separable,8184.658438426492,1-0-0-1-0-1-0-0-1,3.472663134437899e-07,0.056213748999653035,577,119.6697891284391,201.2186341382531,192.6899584392928,0,0.044815641999775835
2013,8,8.0,d_optimal,8184.658438426492,1-0-0-1-0-1-0-0-1,3.472663134437899e-07,0.056213748999653035,577,119.6697891284391,201.2186341382531,192.6899584392928,0,0.04761809799947514
2013,9,2.0,shortest,8000.0,1-1-1-1-1-1-1-1-1,1.7027063280462496e-07,0.056213748999653035,577,96.20106418682184,212.74587675894244,180.4863083572216,0,0.04635071699976834
2013,9,2.0,separable,8184.658438426492,1-0-0-1-0-1-0-0-1,3.472663134437899e-07,0.056213748999653035,577,95.4579690044786,191.30099287738747,166.19992956581302,0,0.06137388200022542
2013,9,2.0,d_optimal,8184.658438426492,1-0-0-1-0-1-0-0-1,3.472663134437899e-07,0.056213748999653035,577,95.4579690044786,191.30099287738747,166.19992956581302,0,0.053165493000051356
2013,9,8.0,shortest,8000.0,1-1-1-1-1-1-1-1-1,1.7027063280462496e-07,0.056213748999653035,577,112.1161462864051,169.3880277161884,155.78369134581192,0,0.04933698100012407
2013,9,8.0,separable,8184.658438426492,1-0-0-1-0-1-0-0-1,3.472663134437899e-07,0.056213748999653035,577,110.70399862912123,182.68323143523136,166.76472657597105,0,0.06986220799990406
2013,9,8.0,d_optimal,8184.658438426492,1-0-0-1-0-1-0-0-1,3.472663134437899e-07,0.056213748999653035,577,110.70399862912123,182.68323143523136,166.76472657597105,0,0.04885857899989787
2014,0,2.0,shortest,8000.0,1-1-1-1-1-1-1-1-1,1.901682712710614e-06,0.060152570999889576,577,96.73452621746769,71.45747256769624,178.5776985569251,0,0.0585362020001412
2014,0,2.0,separable,8184.658438426492,1-0-0-0-1-2-1-2-1,3.06630055759203e-06,0.060152570999889576,577,87.95376745768645,49.16229295586232,175.16079251966565,0,0.0613959350002915
2014,0,2.0,d_optimal,8184.658438426492,1-0-0-0-1-2-1-2-1,3.06630055759203e-06,0.060152570999889576,577,87.95376745768645,49.16229295586232,175.16079251966565,0,0.05048000399983721
2014,0,8.0,shortest,8000.0,1-1-1-1-1-1-1-1-1,1.901682712710614e-06,0.060152570999889576,577,107.94744287561278,115.45425970201224,202.00907640313835,0,0.04599886600044556
2014,0,8.0,separable,8184.658438426492,1-0-0-0-1-2-1-2-1,3.06630055759203e-06,0.060152570999889576,577,102.26841977574108,98.6145070298207,188.40985269014985,0,0.04689369599964266
2014,0,8.0,d_optimal,8184.658438426492,1-0-0-0-1-2-1-2-1,3.06630055759203e-06,0.060152570999889576,577,102.26841977574108,98.6145070298207,188.40985269014985,0,0.04695409700070741
2014,1,2.0,shortest,8000.0,1-1-1-1-1-1-1-1-1,1.901682712710614e-06,0.060152570999889576,577,86.2294012147428,61.20876785613046,143.61837624157698,0,0.05054144600035215
2014,1,2.0,separable,8184.658438426492,1-0-0-0-1-2-1-2-1,3.06630055759203e-06,0.060152570999889576,577,78.23772131016082,28.00123169552496,127.98945595642085,0,0.04896025299967732
2014,1,2.0,d_optimal,8184.658438426492,1-0-0-0-1-2-1-2-1,3.06630055759203e-06,0.060152570999889576,577,78.23772131016082,28.00123169552496,127.98945595642085,0,0.05161493500054348
2014,1,8.0,shortest,8000.0,1-1-1-1-1-1-1-1-1,1.901682712710614e-06,0.060152570999889576,577,98.14084876033377,57.367508845774736,157.12823192687097,0,0.05665525600034016
2014,1,8.0,separable,8184.658438426492,1-0-0-0-1-2-1-2-1,3.06630055759203e-06,0.060152570999889576,577,97.24083362750818,21.571217111520586,162.73220136419738,0,0.05109968899978412
2014,1,8.0,d_optimal,8184.658438426492,1-0-0-0-1-2-1-2-1,3.06630055759203e-06,0.060152570999889576,577,97.24083362750818,21.571217111520586,162.73220136419738,0,0.04685166199942614
2014,2,2.0,shortest,8000.0,1-1-1-1-1-1-1-1-1,1.901682712710614e-06,0.060152570999889576,577,82.7984205912622,41.11794641058113,134.12800043853687,0,0.05129416300042067
2014,2,2.0,separable,8184.658438426492,1-0-0-0-1-2-1-2-1,3.06630055759203e-06,0.060152570999889576,577,78.02361316356702,37.33196449115926,125.10068564845899,0,0.05279961199994432
2014,2,2.0,d_optimal,8184.658438426492,1-0-0-0-1-2-1-2-1,3.06630055759203e-06,0.060152570999889576,577,78.02361316356702,37.33196449115926,125.10068564845899,0,0.05399046799993812
2014,2,8.0,shortest,8000.0,1-1-1-1-1-1-1-1-1,1.901682712710614e-06,0.060152570999889576,577,94.94281567319486,85.64906341123427,138.37369927780625,0,0.046444108999821765
2014,2,8.0,separable,8184.658438426492,1-0-0-0-1-2-1-2-1,3.06630055759203e-06,0.060152570999889576,577,98.64639679594596,98.56695594047869,141.93576684142104,0,0.04595996699936222
2014,2,8.0,d_optimal,8184.658438426492,1-0-0-0-1-2-1-2-1,3.06630055759203e-06,0.060152570999889576,577,98.64639679594596,98.56695594047869,141.93576684142104,0,0.047565228000166826
2014,3,2.0,shortest,8000.0,1-1-1-1-1-1-1-1-1,1.901682712710614e-06,0.060152570999889576,577,92.91060057559656,34.144124431048525,178.9065967699881,0,0.05120839200026239
2014,3,2.0,separable,8184.658438426492,1-0-0-0-1-2-1-2-1,3.06630055759203e-06,0.060152570999889576,577,80.91551133233926,13.586007350928913,146.50752685892724,0,0.0488229840002532
2014,3,2.0,d_optimal,8184.658438426492,1-0-0-0-1-2-1-2-1,3.06630055759203e-06,0.060152570999889576,577,80.91551133233926,13.586007350928913,146.50752685892724,0,0.04917393399955472
2014,3,8.0,shortest,8000.0,1-1-1-1-1-1-1-1-1,1.901682712710614e-06,0.060152570999889576,577,103.30421620195953,28.94968509636208,160.75305024885898,0,0.052991409999776806
2014,3,8.0,separable,8184.658438426492,1-0-0-0-1-2-1-2-1,3.06630055759203e-06,0.060152570999889576,577,100.49425567633885,39.72171576321348,164.22592234718607,0,0.04635432200029754
2014,3,8.0,d_optimal,8184.658438426492,1-0-0-0-1-2-1-2-1,3.06630055759203e-06,0.060152570999889576,577,100.49425567633885,39.72171576321348,164.22592234718607,0,0.04494745099964348
2014,4,2.0,shortest,8000.0,1-1-1-1-1-1-1-1-1,1.901682712710614e-06,0.060152570999889576,577,102.10185062540504,95.43177854827145,186.3244387151274,0,0.0491668929998923
2014,4,2.0,separable,8184.658438426492,1-0-0-0-1-2-1-2-1,3.06630055759203e-06,0.060152570999889576,577,96.26354276715371,49.218355752891775,177.75021690239257,0,0.0507621000006111
2014,4,2.0,d_optimal,8184.658438426492,1-0-0-0-1-2-1-2-1,3.06630055759203e-06,0.060152570999889576,577,96.26354276715371,49.218355752891775,177.75021690239257,0,0.05074472199976299
2014,4,8.0,shortest,8000.0,1-1-1-1-1-1-1-1-1,1.901682712710614e-06,0.060152570999889576,577,140.19944150017037,131.10704344803216,243.1746704751477,1,0.04623972900026274
2014,4,8.0,separable,8184.658438426492,1-0-0-0-1-2-1-2-1,3.06630055759203e-06,0.060152570999889576,577,135.0214535056115,93.20648219259608,249.6810079838773,1,0.046137445999193005
2014,4,8.0,d_optimal,8184.658438426492,1-0-0-0-1-2-1-2-1,3.06630055759203e-06,0.060152570999889576,577,135.0214535056115,93.20648219259608,249.6810079838773,1,0.04994880300000659
2014,5,2.0,shortest,8000.0,1-1-1-1-1-1-1-1-1,1.901682712710614e-06,0.060152570999889576,577,77.4805118986348,45.11597984247675,144.72326218111886,0,0.05305983499965805
2014,5,2.0,separable,8184.658438426492,1-0-0-0-1-2-1-2-1,3.06630055759203e-06,0.060152570999889576,577,74.32245948544318,10.157354620499621,140.98968984423604,0,0.0516292969996357
2014,5,2.0,d_optimal,8184.658438426492,1-0-0-0-1-2-1-2-1,3.06630055759203e-06,0.060152570999889576,577,74.32245948544318,10.157354620499621,140.98968984423604,0,0.05380874999991647
2014,5,8.0,shortest,8000.0,1-1-1-1-1-1-1-1-1,1.901682712710614e-06,0.060152570999889576,577,101.47578838434815,54.3372608238967,154.11187993357075,0,0.04921184799968614
2014,5,8.0,separable,8184.658438426492,1-0-0-0-1-2-1-2-1,3.06630055759203e-06,0.060152570999889576,577,93.72009875121228,43.651299105412924,148.92323711326944,0,0.047493616000792827
2014,5,8.0,d_optimal,8184.658438426492,1-0-0-0-1-2-1-2-1,3.06630055759203e-06,0.060152570999889576,577,93.72009875121228,43.651299105412924,148.92323711326944,0,0.04825593599980493
2014,6,2.0,shortest,8000.0,1-1-1-1-1-1-1-1-1,1.901682712710614e-06,0.060152570999889576,577,86.77264937179244,92.66582272384763,152.99159033039575,0,0.04902903099991818
2014,6,2.0,separable,8184.658438426492,1-0-0-0-1-2-1-2-1,3.06630055759203e-06,0.060152570999889576,577,77.25327984964109,47.957133676787784,145.42327013179,0,0.04998395300026459
2014,6,2.0,d_optimal,8184.658438426492,1-0-0-0-1-2-1-2-1,3.06630055759203e-06,0.060152570999889576,577,77.25327984964109,47.957133676787784,145.42327013179,0,0.0521216959996309
2014,6,8.0,shortest,8000.0,1-1-1-1-1-1-1-1-1,1.901682712710614e-06,0.060152570999889576,577,94.24836507513886,84.57915566311375,164.7326005383849,0,0.046668901999510126
2014,6,8.0,separable,8184.658438426492,1-0-0-0-1-2-1-2-1,3.06630055759203e-06,0.060152570999889576,577,88.2688290394088,70.24987139480022,166.44626795914056,0,0.04686020100052701
2014,6,8.0,d_optimal,8184.658438426492,1-0-0-0-1-2-1-2-1,3.06630055759203e-06,0.060152570999889576,577,88.2688290394088,70.24987139480022,166.44626795914056,0,0.04608770499999082
2014,7,2.0,shortest,8000.0,1-1-1-1-1-1-1-1-1,1.901682712710614e-06,0.060152570999889576,577,103.59526598026547,61.770018080804725,197.94079157804987,0,0.048871494000195526
2014,7,2.0,separable,8184.658438426492,1-0-0-0-1-2-1-2-1,3.06630055759203e-06,0.060152570999889576,577,98.51582385307302,27.94501867115971,200.66981655507107,0,0.05007496899997932
2014,7,2.0,d_optimal,8184.658438426492,1-0-0-0-1-2-1-2-1,3.06630055759203e-06,0.060152570999889576,577,98.51582385307302,27.94501867115971,200.66981655507107,0,0.05004750799980684
2014,7,8.0,shortest,8000.0,1-1-1-1-1-1-1-1-1,1.901682712710614e-06,0.060152570999889576,577,147.1802681112677,81.66516541502695,271.452730621475,1,0.052439665999372664
2014,7,8.0,separable,8184.658438426492,1-0-0-0-1-2-1-2-1,3.06630055759203e-06,0.060152570999889576,577,140.0853934553853,79.96992260798476,264.1492233469225,1,0.05177521500081639
2014,7,8.0,d_optimal,8184.658438426492,1-0-0-0-1-2-1-2-1,3.06630055759203e-06,0.060152570999889576,577,140.0853934553853,79.96992260798476,264.1492233469225,1,0.05081410299953859
2014,8,2.0,shortest,8000.0,1-1-1-1-1-1-1-1-1,1.901682712710614e-06,0.060152570999889576,577,89.30234850732452,47.517534768594686,173.6408431128737,0,0.050668944999415544
2014,8,2.0,separable,8184.658438426492,1-0-0-0-1-2-1-2-1,3.06630055759203e-06,0.060152570999889576,577,89.69521353597929,32.42983404196434,181.2642734373782,0,0.05115846400076407
2014,8,2.0,d_optimal,8184.658438426492,1-0-0-0-1-2-1-2-1,3.06630055759203e-06,0.060152570999889576,577,89.69521353597929,32.42983404196434,181.2642734373782,0,0.05300681199969404
2014,8,8.0,shortest,8000.0,1-1-1-1-1-1-1-1-1,1.901682712710614e-06,0.060152570999889576,577,92.92606429555627,100.27819230686026,163.9349515497762,0,0.04532036799992056
2014,8,8.0,separable,8184.658438426492,1-0-0-0-1-2-1-2-1,3.06630055759203e-06,0.060152570999889576,577,94.74961845575153,91.39487319495359,182.268705412575,0,0.055622877000132576
2014,8,8.0,d_optimal,8184.658438426492,1-0-0-0-1-2-1-2-1,3.06630055759203e-06,0.060152570999889576,577,94.74961845575153,91.39487319495359,182.268705412575,0,0.047964856999897165
2014,9,2.0,shortest,8000.0,1-1-1-1-1-1-1-1-1,1.901682712710614e-06,0.060152570999889576,577,84.54379342684854,70.5795986220112,138.61439604367237,0,0.06906326900025306
2014,9,2.0,separable,8184.658438426492,1-0-0-0-1-2-1-2-1,3.06630055759203e-06,0.060152570999889576,577,96.84738329804011,35.169296784256794,200.3682132788239,0,0.049084004999713216
2014,9,2.0,d_optimal,8184.658438426492,1-0-0-0-1-2-1-2-1,3.06630055759203e-06,0.060152570999889576,577,96.84738329804011,35.169296784256794,200.3682132788239,0,0.04972236699995847
2014,9,8.0,shortest,8000.0,1-1-1-1-1-1-1-1-1,1.901682712710614e-06,0.060152570999889576,577,98.19742856903186,78.54839897733905,162.17606955712498,0,0.0455280109999876
2014,9,8.0,separable,8184.658438426492,1-0-0-0-1-2-1-2-1,3.06630055759203e-06,0.060152570999889576,577,97.07583922077596,67.45125152111962,159.02190146936076,0,0.04592218499965384
2014,9,8.0,d_optimal,8184.658438426492,1-0-0-0-1-2-1-2-1,3.06630055759203e-06,0.060152570999889576,577,97.07583922077596,67.45125152111962,159.02190146936076,0,0.04684902400003921
2015,0,2.0,shortest,8000.0,1-1-1-1-1-1-1-1-1,9.380768926550644e-06,0.05425397199996951,577,58.203244264638855,105.68817850046553,100.51554632707696,0,0.0501085999994757
2015,0,2.0,separable,8061.55281280883,1-2-2-2-2-2-2-1-1,1.2371109184788004e-05,0.05425397199996951,577,49.7830946501636,89.07968211483825,91.39946140602467,0,0.050999944000068353
2015,0,2.0,d_optimal,8123.105625617661,1-1-2-2-2-2-1-0-1,1.4190116741083312e-05,0.05425397199996951,577,63.801444667203704,90.64038865759679,128.45284519414864,0,0.05117272600000433
2015,0,8.0,shortest,8000.0,1-1-1-1-1-1-1-1-1,9.380768926550644e-06,0.05425397199996951,577,78.52858188573116,152.60177646972744,120.90249456736602,0,0.04614603400023043
2015,0,8.0,separable,8061.55281280883,1-2-2-2-2-2-2-1-1,1.2371109184788004e-05,0.05425397199996951,577,72.88597393472124,122.60574283951536,125.78137161080123,0,0.046263941000688646
2015,0,8.0,d_optimal,8123.105625617661,1-1-2-2-2-2-1-0-1,1.4190116741083312e-05,0.05425397199996951,577,77.81288467838681,138.50014893061928,145.84201603770563,0,0.04649193499972171
2015,1,2.0,shortest,8000.0,1-1-1-1-1-1-1-1-1,9.380768926550644e-06,0.05425397199996951,577,47.808198980803645,11.225109195153781,69.68539497021962,0,0.05157191699981922
2015,1,2.0,separable,8061.55281280883,1-2-2-2-2-2-2-1-1,1.2371109184788004e-05,0.05425397199996951,577,48.034495746981136,28.761548904979495,69.40419344394537,0,0.051016510000408744
2015,1,2.0,d_optimal,8123.105625617661,1-1-2-2-2-2-1-0-1,1.4190116741083312e-05,0.05425397199996951,577,53.67995498392335,12.210723006656991,84.77714528603822,0,0.05122492400005285
2015,1,8.0,shortest,8000.0,1-1-1-1-1-1-1-1-1,9.380768926550644e-06,0.05425397199996951,577,45.5908905328416,24.92870599834143,79.6269602359122,0,0.046510372999364336
2015,1,8.0,separable,8061.55281280883,1-2-2-2-2-2-2-1-1,1.2371109184788004e-05,0.05425397199996951,577,46.78635162900143,29.865434624180185,78.11525001490523,0,0.04682368599969777
2015,1,8.0,d_optimal,8123.105625617661,1-1-2-2-2-2-1-0-1,1.4190116741083312e-05,0.05425397199996951,577,50.29217439051164,16.136080764636937,89.79739352650608,0,0.04627079100009723
2015,2,2.0,shortest,8000.0,1-1-1-1-1-1-1-1-1,9.380768926550644e-06,0.05425397199996951,577,48.52551778971092,39.76025240590587,92.4726808025594,0,0.054014482000638964
2015,2,2.0,separable,8061.55281280883,1-2-2-2-2-2-2-1-1,1.2371109184788004e-05,0.05425397199996951,577,49.575921437143634,29.08493741878555,107.08066130886834,0,0.05069651700068789
2015,2,2.0,d_optimal,8123.105625617661,1-1-2-2-2-2-1-0-1,1.4190116741083312e-05,0.05425397199996951,577,50.298363896814266,36.656466528513036,111.6194682327882,0,0.049314582999613776
2015,2,8.0,shortest,8000.0,1-1-1-1-1-1-1-1-1,9.380768926550644e-06,0.05425397199996951,577,60.6954286374149,84.52730944992072,109.69090282285003,0,0.04537681199963117
2015,2,8.0,separable,8061.55281280883,1-2-2-2-2-2-2-1-1,1.2371109184788004e-05,0.05425397199996951,577,63.785880041620416,80.52094294369354,128.01267148865875,0,0.046597193999332376
2015,2,8.0,d_optimal,8123.105625617661,1-1-2-2-2-2-1-0-1,1.4190116741083312e-05,0.05425397199996951,577,67.42817133709866,90.64512307242286,128.51188445848237,0,0.04695885000000999
2015,3,2.0,shortest,8000.0,1-1-1-1-1-1-1-1-1,9.380768926550644e-06,0.05425397199996951,577,52.33140996817224,111.96053155896882,82.80917839586648,0,0.051142580000487214
2015,3,2.0,separable,8061.55281280883,1-2-2-2-2-2-2-1-1,1.2371109184788004e-05,0.05425397199996951,577,54.72912553483252,111.37123911358663,83.44722013314008,0,0.05145487099980528
2015,3,2.0,d_optimal,8123.105625617661,1-1-2-2-2-2-1-0-1,1.4190116741083312e-05,0.05425397199996951,577,64.80941878008603,122.9242239520436,112.84297389103179,0,0.05233669000062946
2015,3,8.0,shortest,8000.0,1-1-1-1-1-1-1-1-1,9.380768926550644e-06,0.05425397199996951,577,67.31394451828368,134.62782724025882,103.67160695022042,0,0.04640117800045118
2015,3,8.0,separable,8061.55281280883,1-2-2-2-2-2-2-1-1,1.2371109184788004e-05,0.05425397199996951,577,69.3522006898279,125.67398340186327,103.08520958311404,0,0.04770213000028889
2015,3,8.0,d_optimal,8123.105625617661,1-1-2-2-2-2-1-0-1,1.4190116741083312e-05,0.05425397199996951,577,71.5097378636154,128.20480438484887,103.53248877569078,0,0.04936836399974709
2015,4,2.0,shortest,8000.0,1-1-1-1-1-1-1-1-1,9.380768926550644e-06,0.05425397199996951,577,44.97051978837341,29.28105122495903,73.49604182452063,0,0.05068068200034759
2015,4,2.0,separable,8061.55281280883,1-2-2-2-2-2-2-1-1,1.2371109184788004e-05,0.05425397199996951,577,46.46945926368884,19.72706423607483,76.58828977923785,0,0.051584627000011096
2015,4,2.0,d_optimal,8123.105625617661,1-1-2-2-2-2-1-0-1,1.4190116741083312e-05,0.05425397199996951,577,47.20370232000846,23.086182791659837,81.82149935527109,0,0.051972921999549726
2015,4,8.0,shortest,8000.0,1-1-1-1-1-1-1-1-1,9.380768926550644e-06,0.05425397199996951,577,54.60615797849105,83.86881887342938,80.9918997149518,0,0.046199454000088735
2015,4,8.0,separable,8061.55281280883,1-2-2-2-2-2-2-1-1,1.2371109184788004e-05,0.05425397199996951,577,53.567772014856914,81.97425969507185,81.97425969507185,0,0.048041672999715956
2015,4,8.0,d_optimal,8123.105625617661,1-1-2-2-2-2-1-0-1,1.4190116741083312e-05,0.05425397199996951,577,58.77836506014162,90.32940124658448,96.30751470611358,0,0.047788240000045334
2015,5,2.0,shortest,8000.0,1-1-1-1-1-1-1-1-1,9.380768926550644e-06,0.05425397199996951,577,34.06921294825208,25.24806101365189,56.99976842534038,0,0.05012691800038738
2015,5,2.0,separable,8061.55281280883,1-2-2-2-2-2-2-1-1,1.2371109184788004e-05,0.05425397199996951,577,37.58648412159636,5.108296715658976,67.34210796269849,0,0.0509291669995946
2015,5,2.0,d_optimal,8123.105625617661,1-1-2-2-2-2-1-0-1,1.4190116741083312e-05,0.05425397199996951,577,32.388278070592285,28.03550748012815,56.41203247165117,0,0.057194607999917935
2015,5,8.0,shortest,8000.0,1-1-1-1-1-1-1-1-1,9.380768926550644e-06,0.05425397199996951,577,59.46986857981395,42.509036264174775,81.85877858912458,0,0.04815770799996244
2015,5,8.0,separable,8061.55281280883,1-2-2-2-2-2-2-1-1,1.2371109184788004e-05,0.05425397199996951,577,59.34517621719179,39.22776227116185,111.61943866984176,0,0.04913774599936005
2015,5,8.0,d_optimal,8123.105625617661,1-1-2-2-2-2-1-0-1,1.4190116741083312e-05,0.05425397199996951,577,52.08470851904308,51.167498347770156,87.73265344724787,0,0.046015916999749606
2015,6,2.0,shortest,8000.0,1-1-1-1-1-1-1-1-1,9.380768926550644e-06,0.05425397199996951,577,40.917639548018194,29.94297068635687,71.5850271734389,0,0.05060274500010564
2015,6,2.0,separable,8061.55281280883,1-2-2-2-2-2-2-1-1,1.2371109184788004e-05,0.05425397199996951,577,48.96206017270734,28.67158439014883,90.24422492069418,0,0.0516801210005724
2015,6,2.0,d_optimal,8123.105625617661,1-1-2-2-2-2-1-0-1,1.4190116741083312e-05,0.05425397199996951,577,44.8347413842682,34.87111692478239,79.76599892326784,0,0.05207746899941412
2015,6,8.0,shortest,8000.0,1-1-1-1-1-1-1-1-1,9.380768926550644e-06,0.05425397199996951,577,56.65389044378968,86.91055821542396,95.05414839159315,0,0.04626299000028666
2015,6,8.0,separable,8061.55281280883,1-2-2-2-2-2-2-1-1,1.2371109184788004e-05,0.05425397199996951,577,63.055287399188586,90.19463437643542,115.14676589061085,0,0.04704605100050685
2015,6,8.0,d_optimal,8123.105625617661,1-1-2-2-2-2-1-0-1,1.4190116741083312e-05,0.05425397199996951,577,62.31322157599192,76.2709365881482,122.53959653412346,0,0.0462130440000692
2015,7,2.0,shortest,8000.0,1-1-1-1-1-1-1-1-1,9.380768926550644e-06,0.05425397199996951,577,39.984058603636655,34.10525658987491,70.8262134160874,0,0.05050075100007234
2015,7,2.0,separable,8061.55281280883,1-2-2-2-2-2-2-1-1,1.2371109184788004e-05,0.05425397199996951,577,45.513649292184176,22.187569165382893,92.85617070908074,0,0.05022334299974318
2015,7,2.0,d_optimal,8123.105625617661,1-1-2-2-2-2-1-0-1,1.4190116741083312e-05,0.05425397199996951,577,49.32089910865645,24.00771113357395,94.81812793656094,0,0.05146396899999672
2015,7,8.0,shortest,8000.0,1-1-1-1-1-1-1-1-1,9.380768926550644e-06,0.05425397199996951,577,46.9330462979166,65.05103987087598,85.45259031175594,0,0.04525582200039935
2015,7,8.0,separable,8061.55281280883,1-2-2-2-2-2-2-1-1,1.2371109184788004e-05,0.05425397199996951,577,53.40413481592735,44.480618969443825,111.28827841529906,0,0.0470035980006287
2015,7,8.0,d_optimal,8123.105625617661,1-1-2-2-2-2-1-0-1,1.4190116741083312e-05,0.05425397199996951,577,51.67448812502103,60.57290557868231,94.20264954161553,0,0.04595107100067253
2015,8,2.0,shortest,8000.0,1-1-1-1-1-1-1-1-1,9.380768926550644e-06,0.05425397199996951,577,42.72802834392765,74.93699899109635,73.46482931143588,0,0.05267981800079724
2015,8,2.0,separable,8061.55281280883,1-2-2-2-2-2-2-1-1,1.2371109184788004e-05,0.05425397199996951,577,33.31575596507148,66.3265647380645,56.380149503482755,0,0.054167781999240106
2015,8,2.0,d_optimal,8123.105625617661,1-1-2-2-2-2-1-0-1,1.4190116741083312e-05,0.05425397199996951,577,33.42355457214992,63.434931475933176,62.44362607039878,0,0.05186457899981178
2015,8,8.0,shortest,8000.0,1-1-1-1-1-1-1-1-1,9.380768926550644e-06,0.05425397199996951,577,60.7991345725372,103.55641145005322,102.31474577457058,0,0.04644118999931379
2015,8,8.0,separable,8061.55281280883,1-2-2-2-2-2-2-1-1,1.2371109184788004e-05,0.05425397199996951,577,40.38249686759316,87.93743929356162,71.1981897544131,0,0.05212361899975804
2015,8,8.0,d_optimal,8123.105625617661,1-1-2-2-2-2-1-0-1,1.4190116741083312e-05,0.05425397199996951,577,48.49494504794402,98.7366014052275,82.79943629595157,0,0.05011385900070309
2015,9,2.0,shortest,8000.0,1-1-1-1-1-1-1-1-1,9.380768926550644e-06,0.05425397199996951,577,65.00979334521334,69.8259272649141,126.62598326827788,0,0.054183664999982284
2015,9,2.0,separable,8061.55281280883,1-2-2-2-2-2-2-1-1,1.2371109184788004e-05,0.05425397199996951,577,57.57783372448357,54.459643456853016,119.13349931648777,0,0.054022202999476576
2015,9,2.0,d_optimal,8123.105625617661,1-1-2-2-2-2-1-0-1,1.4190116741083312e-05,0.05425397199996951,577,60.72039421678743,71.45942608884708,118.16933176841765,0,0.051033675000326184
2015,9,8.0,shortest,8000.0,1-1-1-1-1-1-1-1-1,9.380768926550644e-06,0.05425397199996951,577,82.57138050055204,117.53366595417995,146.4926186090124,0,0.045820906000699324
2015,9,8.0,separable,8061.55281280883,1-2-2-2-2-2-2-1-1,1.2371109184788004e-05,0.05425397199996951,577,62.87871180355765,87.22492336913446,104.34792575463564,0,0.047458783999900334
2015,9,8.0,d_optimal,8123.105625617661,1-1-2-2-2-2-1-0-1,1.4190116741083312e-05,0.05425397199996951,577,74.06412371761277,115.7098740429227,126.6025706407328,0,0.04774102999999741
2016,0,2.0,shortest,8000.0,1-1-1-1-1-1-1-1-1,1.2580143756493176e-05,0.05429680599991116,577,115.85652792289251,117.02547988946937,186.48430020852268,0,0.04862233899984858
2016,0,2.0,separable,8123.105625617661,1-0-0-0-0-1-2-1-1,2.79129367819941e-05,0.05429680599991116,577,106.67793485231552,106.74885508097373,183.0448262403296,0,0.05098734599960153
2016,0,2.0,d_optimal,8123.105625617661,1-0-0-0-0-1-2-1-1,2.79129367819941e-05,0.05429680599991116,577,106.67793485231552,106.74885508097373,183.0448262403296,0,0.05011082399960287
2016,0,8.0,shortest,8000.0,1-1-1-1-1-1-1-1-1,1.2580143756493176e-05,0.05429680599991116,577,147.01080062382596,139.6470176796189,234.80022518923732,1,0.047805256999708945
2016,0,8.0,separable,8123.105625617661,1-0-0-0-0-1-2-1-1,2.79129367819941e-05,0.05429680599991116,577,143.7063354491027,129.15612653348305,242.1536075602639,1,0.046667442000398296
2016,0,8.0,d_optimal,8123.105625617661,1-0-0-0-0-1-2-1-1,2.79129367819941e-05,0.05429680599991116,577,143.7063354491027,129.15612653348305,242.1536075602639,1,0.04502488500020263
2016,1,2.0,shortest,8000.0,1-1-1-1-1-1-1-1-1,1.2580143756493176e-05,0.05429680599991116,577,65.06475629185938,91.93222504460412,109.26092838288118,0,0.049652343000161636
2016,1,2.0,separable,8123.105625617661,1-0-0-0-0-1-2-1-1,2.79129367819941e-05,0.05429680599991116,577,61.97645892981203,88.52806952225724,110.57493930458158,0,0.051964749000035226
2016,1,2.0,d_optimal,8123.105625617661,1-0-0-0-0-1-2-1-1,2.79129367819941e-05,0.05429680599991116,577,61.97645892981203,88.52806952225724,110.57493930458158,0,0.051581401000476035
2016,1,8.0,shortest,8000.0,1-1-1-1-1-1-1-1-1,1.2580143756493176e-05,0.05429680599991116,577,95.60303786643257,116.73458569926892,184.44007175502358,0,0.046731057000215515
2016,1,8.0,separable,8123.105625617661,1-0-0-0-0-1-2-1-1,2.79129367819941e-05,0.05429680599991116,577,103.22433904654946,112.08032424528776,183.35514832694705,0,0.04936728299981041
2016,1,8.0,d_optimal,8123.105625617661,1-0-0-0-0-1-2-1-1,2.79129367819941e-05,0.05429680599991116,577,103.22433904654946,112.08032424528776,183.35514832694705,0,0.05373959600001399
2016,2,2.0,shortest,8000.0,1-1-1-1-1-1-1-1-1,1.2580143756493176e-05,0.05429680599991116,577,54.8051898378899,105.3684898800851,89.25228333533508,0,0.053065659999447234
2016,2,2.0,separable,8123.105625617661,1-0-0-0-0-1-2-1-1,2.79129367819941e-05,0.05429680599991116,577,60.778606686867526,108.9115875294349,95.3436902654435,0,0.052769453000109934
2016,2,2.0,d_optimal,8123.105625617661,1-0-0-0-0-1-2-1-1,2.79129367819941e-05,0.05429680599991116,577,60.778606686867526,108.9115875294349,95.3436902654435,0,0.049995929999568034
2016,2,8.0,shortest,8000.0,1-1-1-1-1-1-1-1-1,1.2580143756493176e-05,0.05429680599991116,577,89.75606846902764,104.15551463655807,149.17677582589675,0,0.04541570400033379
2016,2,8.0,separable,8123.105625617661,1-0-0-0-0-1-2-1-1,2.79129367819941e-05,0.05429680599991116,577,89.35906187788325,121.64707604206527,136.77376216307354,0,0.04534266400060005
2016,2,8.0,d_optimal,8123.105625617661,1-0-0-0-0-1-2-1-1,2.79129367819941e-05,0.05429680599991116,577,89.35906187788325,121.64707604206527,136.77376216307354,0,0.04611797300003673
2016,3,2.0,shortest,8000.0,1-1-1-1-1-1-1-1-1,1.2580143756493176e-05,0.05429680599991116,577,103.09425043372768,133.3724984796964,207.70567457826598,0,0.04788440599986643
2016,3,2.0,separable,8123.105625617661,1-0-0-0-0-1-2-1-1,2.79129367819941e-05,0.05429680599991116,577,99.52908670494328,132.71356314505442,184.38878205750132,0,0.04906727000070532
2016,3,2.0,d_optimal,8123.105625617661,1-0-0-0-0-1-2-1-1,2.79129367819941e-05,0.05429680599991116,577,99.52908670494328,132.71356314505442,184.38878205750132,0,0.049135232000480755
2016,3,8.0,shortest,8000.0,1-1-1-1-1-1-1-1-1,1.2580143756493176e-05,0.05429680599991116,577,130.7055282301259,178.48238290652492,234.82769190920916,1,0.04454571199948987
2016,3,8.0,separable,8123.105625617661,1-0-0-0-0-1-2-1-1,2.79129367819941e-05,0.05429680599991116,577,140.8192173856179,184.9736183031373,256.17119688418165,1,0.044589147000806406
2016,3,8.0,d_optimal,8123.105625617661,1-0-0-0-0-1-2-1-1,2.79129367819941e-05,0.05429680599991116,577,140.8192173856179,184.9736183031373,256.17119688418165,1,0.04484257000058278
2016,4,2.0,shortest,8000.0,1-1-1-1-1-1-1-1-1,1.2580143756493176e-05,0.05429680599991116,577,97.8893402902584,105.65885886341712,176.06241631177807,0,0.047646277000239934
2016,4,2.0,separable,8123.105625617661,1-0-0-0-0-1-2-1-1,2.79129367819941e-05,0.05429680599991116,577,99.02764748237723,104.05343297762191,176.93172318698277,0,0.04919679500017082
2016,4,2.0,d_optimal,8123.105625617661,1-0-0-0-0-1-2-1-1,2.79129367819941e-05,0.05429680599991116,577,99.02764748237723,104.05343297762191,176.93172318698277,0,0.04901155599964113
2016,4,8.0,shortest,8000.0,1-1-1-1-1-1-1-1-1,1.2580143756493176e-05,0.05429680599991116,577,143.04075979923562,120.46067716341823,242.87457362584692,1,0.044181782999658026
2016,4,8.0,separable,8123.105625617661,1-0-0-0-0-1-2-1-1,2.79129367819941e-05,0.05429680599991116,577,137.65696807182505,121.64260369935101,251.2750971911186,1,0.04602995000004739
2016,4,8.0,d_optimal,8123.105625617661,1-0-0-0-0-1-2-1-1,2.79129367819941e-05,0.05429680599991116,577,137.65696807182505,121.64260369935101,251.2750971911186,1,0.04564107300029718
2016,5,2.0,shortest,8000.0,1-1-1-1-1-1-1-1-1,1.2580143756493176e-05,0.05429680599991116,577,111.08478284911187,113.11392203616317,233.12739279281902,0,0.04805207999925187
2016,5,2.0,separable,8123.105625617661,1-0-0-0-0-1-2-1-1,2.79129367819941e-05,0.05429680599991116,577,111.05932889650163,112.22849716746981,236.34561208697758,1,0.05250246000014158
2016,5,2.0,d_optimal,8123.105625617661,1-0-0-0-0-1-2-1-1,2.79129367819941e-05,0.05429680599991116,577,111.05932889650163,112.22849716746981,236.34561208697758,1,0.050157984999714245
2016,5,8.0,shortest,8000.0,1-1-1-1-1-1-1-1-1,1.2580143756493176e-05,0.05429680599991116,577,137.14251754622586,155.43287483065504,263.2102035033547,1,0.04501479900045524
2016,5,8.0,separable,8123.105625617661,1-0-0-0-0-1-2-1-1,2.79129367819941e-05,0.05429680599991116,577,138.97431076930891,150.40548701745487,265.91803386338665,1,0.04838788500001101
2016,5,8.0,d_optimal,8123.105625617661,1-0-0-0-0-1-2-1-1,2.79129367819941e-05,0.05429680599991116,577,138.97431076930891,150.40548701745487,265.91803386338665,1,0.04537204799999017
2016,6,2.0,shortest,8000.0,1-1-1-1-1-1-1-1-1,1.2580143756493176e-05,0.05429680599991116,577,98.35950990177219,125.40387555307699,164.96705628343005,0,0.05073263200029032
2016,6,2.0,separable,8123.105625617661,1-0-0-0-0-1-2-1-1,2.79129367819941e-05,0.05429680599991116,577,103.25543842106202,121.85458084960896,166.6974845256899,0,0.054395384000599734
2016,6,2.0,d_optimal,8123.105625617661,1-0-0-0-0-1-2-1-1,2.79129367819941e-05,0.05429680599991116,577,103.25543842106202,121.85458084960896,166.6974845256899,0,0.05259756400027982
2016,6,8.0,shortest,8000.0,1-1-1-1-1-1-1-1-1,1.2580143756493176e-05,0.05429680599991116,577,131.42849725234765,167.94313635961842,212.86162779918033,0,0.050846582999838574
2016,6,8.0,separable,8123.105625617661,1-0-0-0-0-1-2-1-1,2.79129367819941e-05,0.05429680599991116,577,139.65885826494386,170.61631411380066,232.58084259442867,1,0.04997386800005188
2016,6,8.0,d_optimal,8123.105625617661,1-0-0-0-0-1-2-1-1,2.79129367819941e-05,0.05429680599991116,577,139.65885826494386,170.61631411380066,232.58084259442867,1,0.048594236000099045
2016,7,2.0,shortest,8000.0,1-1-1-1-1-1-1-1-1,1.2580143756493176e-05,0.05429680599991116,577,82.61358070375627,112.6630646753845,164.46542798974332,0,0.051142618999620026
2016,7,2.0,separable,8123.105625617661,1-0-0-0-0-1-2-1-1,2.79129367819941e-05,0.05429680599991116,577,81.23101774773338,118.17043555404764,168.57885961001705,0,0.05431277999923623
2016,7,2.0,d_optimal,8123.105625617661,1-0-0-0-0-1-2-1-1,2.79129367819941e-05,0.05429680599991116,577,81.23101774773338,118.17043555404764,168.57885961001705,0,0.05004190999989078
2016,7,8.0,shortest,8000.0,1-1-1-1-1-1-1-1-1,1.2580143756493176e-05,0.05429680599991116,577,109.80800792965078,155.56594552851118,221.95098631068527,0,0.05222416099968541
2016,7,8.0,separable,8123.105625617661,1-0-0-0-0-1-2-1-1,2.79129367819941e-05,0.05429680599991116,577,103.65066393124367,150.51001083982655,206.98322579610533,0,0.049644291000731755
2016,7,8.0,d_optimal,8123.105625617661,1-0-0-0-0-1-2-1-1,2.79129367819941e-05,0.05429680599991116,577,103.65066393124367,150.51001083982655,206.98322579610533,0,0.04928307600039261
2016,8,2.0,shortest,8000.0,1-1-1-1-1-1-1-1-1,1.2580143756493176e-05,0.05429680599991116,577,110.70085835503404,109.94570516303756,205.07791641839373,1,0.05143936699914775
2016,8,2.0,separable,8123.105625617661,1-0-0-0-0-1-2-1-1,2.79129367819941e-05,0.05429680599991116,577,119.72030439685507,103.54713363716935,213.70688623077126,1,0.055723317000229144
2016,8,2.0,d_optimal,8123.105625617661,1-0-0-0-0-1-2-1-1,2.79129367819941e-05,0.05429680599991116,577,119.72030439685507,103.54713363716935,213.70688623077126,1,0.056699939999816706
2016,8,8.0,shortest,8000.0,1-1-1-1-1-1-1-1-1,1.2580143756493176e-05,0.05429680599991116,577,150.3816845398455,173.82427734247804,264.9507396703583,1,0.05348311900070257
2016,8,8.0,separable,8123.105625617661,1-0-0-0-0-1-2-1-1,2.79129367819941e-05,0.05429680599991116,577,155.12391916134425,139.4717121997319,271.64369040659034,1,0.04764045100000658
2016,8,8.0,d_optimal,8123.105625617661,1-0-0-0-0-1-2-1-1,2.79129367819941e-05,0.05429680599991116,577,155.12391916134425,139.4717121997319,271.64369040659034,1,0.05115706000015052
2016,9,2.0,shortest,8000.0,1-1-1-1-1-1-1-1-1,1.2580143756493176e-05,0.05429680599991116,577,57.68486450573532,121.88114959014122,119.93723511726236,0,0.052094894999754615
2016,9,2.0,separable,8123.105625617661,1-0-0-0-0-1-2-1-1,2.79129367819941e-05,0.05429680599991116,577,58.15510811419531,116.27817538363162,107.97484395830843,0,0.05014367200055858
2016,9,2.0,d_optimal,8123.105625617661,1-0-0-0-0-1-2-1-1,2.79129367819941e-05,0.05429680599991116,577,58.15510811419531,116.27817538363162,107.97484395830843,0,0.05340444000012212
2016,9,8.0,shortest,8000.0,1-1-1-1-1-1-1-1-1,1.2580143756493176e-05,0.05429680599991116,577,93.87664256341718,152.35481811064292,161.3466128189356,0,0.04808799100010219
2016,9,8.0,separable,8123.105625617661,1-0-0-0-0-1-2-1-1,2.79129367819941e-05,0.05429680599991116,577,88.23239406203236,142.62496691442172,147.88948382384882,0,0.047457800000302086
2016,9,8.0,d_optimal,8123.105625617661,1-0-0-0-0-1-2-1-1,2.79129367819941e-05,0.05429680599991116,577,88.23239406203236,142.62496691442172,147.88948382384882,0,0.04679445000056148
2017,0,2.0,shortest,8000.0,1-1-1-1-1-1-1-1-1,5.057376115234133e-07,0.05493893400034722,577,62.509580939590926,56.464113852562825,105.91932717786597,0,0.046630102000563056
2017,0,2.0,separable,8184.658438426492,1-0-1-0-0-1-2-2-1,9.160847681983425e-07,0.05493893400034722,577,65.48467667446191,42.26489215050777,134.60963113685307,0,0.04710759199952008
2017,0,2.0,d_optimal,8123.105625617661,1-2-2-1-2-2-2-2-1,1.1007533738557824e-06,0.05493893400034722,577,76.94465372915042,47.59950266881382,130.57407587762592,0,0.047404980000465
2017,0,8.0,shortest,8000.0,1-1-1-1-1-1-1-1-1,5.057376115234133e-07,0.05493893400034722,577,82.22517331395478,85.91454514116722,136.75811844019168,0,0.04757107100067515
2017,0,8.0,separable,8184.658438426492,1-0-1-0-0-1-2-2-1,9.160847681983425e-07,0.05493893400034722,577,82.62966151254645,71.98830767940352,161.59057085622075,0,0.0441096300000936
2017,0,8.0,d_optimal,8123.105625617661,1-2-2-1-2-2-2-2-1,1.1007533738557824e-06,0.05493893400034722,577,91.30898853303948,107.89164728608726,159.6548696002485,0,0.044446818999858806
2017,1,2.0,shortest,8000.0,1-1-1-1-1-1-1-1-1,5.057376115234133e-07,0.05493893400034722,577,85.05303544260934,78.42859631457114,139.26986003564815,0,0.04671644199970615
2017,1,2.0,separable,8184.658438426492,1-0-1-0-0-1-2-2-1,9.160847681983425e-07,0.05493893400034722,577,82.48058489535522,81.42563959756485,142.9411563758633,0,0.0484523100003571
2017,1,2.0,d_optimal,8123.105625617661,1-2-2-1-2-2-2-2-1,1.1007533738557824e-06,0.05493893400034722,577,104.4098980857421,88.11788836708777,165.7367670226723,0,0.04645721199995023
2017,1,8.0,shortest,8000.0,1-1-1-1-1-1-1-1-1,5.057376115234133e-07,0.05493893400034722,577,140.7247238410072,90.88753115169013,229.1211560282448,0,0.04303674200036767
2017,1,8.0,separable,8184.658438426492,1-0-1-0-0-1-2-2-1,9.160847681983425e-07,0.05493893400034722,577,137.3915196529193,69.78579817740487,237.5158354848437,1,0.046865766999871994
2017,1,8.0,d_optimal,8123.105625617661,1-2-2-1-2-2-2-2-1,1.1007533738557824e-06,0.05493893400034722,577,137.77362821496675,96.26676689271348,233.21489387670582,1,0.04803820100005396
2017,2,2.0,shortest,8000.0,1-1-1-1-1-1-1-1-1,5.057376115234133e-07,0.05493893400034722,577,79.80416739503107,60.580597831831554,120.77491143469281,0,0.050620189999790455
2017,2,2.0,separable,8184.658438426492,1-0-1-0-0-1-2-2-1,9.160847681983425e-07,0.05493893400034722,577,71.08706767798844,22.44613484857491,123.81097111206618,0,0.05710406900016096
2017,2,2.0,d_optimal,8123.105625617661,1-2-2-1-2-2-2-2-1,1.1007533738557824e-06,0.05493893400034722,577,94.97862211886806,68.3076607165893,138.13361144805208,0,0.06180227599998034
2017,2,8.0,shortest,8000.0,1-1-1-1-1-1-1-1-1,5.057376115234133e-07,0.05493893400034722,577,151.67891039861348,101.44248946971945,200.38488751151314,0,0.05633480999949825
2017,2,8.0,separable,8184.658438426492,1-0-1-0-0-1-2-2-1,9.160847681983425e-07,0.05493893400034722,577,142.42333931856805,78.12595123359675,197.86615555242983,0,0.052976273999775
2017,2,8.0,d_optimal,8123.105625617661,1-2-2-1-2-2-2-2-1,1.1007533738557824e-06,0.05493893400034722,577,142.69701961066755,102.94629714248819,195.42199679491532,0,0.04911963700033084
2017,3,2.0,shortest,8000.0,1-1-1-1-1-1-1-1-1,5.057376115234133e-07,0.05493893400034722,577,94.87283971766877,125.22429454754797,155.62299435968043,0,0.052128915000139386
2017,3,2.0,separable,8184.658438426492,1-0-1-0-0-1-2-2-1,9.160847681983425e-07,0.05493893400034722,577,93.072481883503,117.03378906548845,156.26883701314878,0,0.05373517899988656
2017,3,2.0,d_optimal,8123.105625617661,1-2-2-1-2-2-2-2-1,1.1007533738557824e-06,0.05493893400034722,577,110.00606591025625,149.4749489887425,173.074328575168,0,0.05178317499940022
2017,3,8.0,shortest,8000.0,1-1-1-1-1-1-1-1-1,5.057376115234133e-07,0.05493893400034722,577,176.69943959986,212.9413645740815,245.42730377695162,1,0.0466404019998663
2017,3,8.0,separable,8184.658438426492,1-0-1-0-0-1-2-2-1,9.160847681983425e-07,0.05493893400034722,577,164.54036112858716,178.3286368449783,217.79387639080514,1,0.04348510899944813
2017,3,8.0,d_optimal,8123.105625617661,1-2-2-1-2-2-2-2-1,1.1007533738557824e-06,0.05493893400034722,577,167.90053083209918,208.6815243873927,230.84406836773988,0,0.04878894900048181
2017,4,2.0,shortest,8000.0,1-1-1-1-1-1-1-1-1,5.057376115234133e-07,0.05493893400034722,577,75.20536160095968,127.10531351452714,127.82032915863509,0,0.04913856500024849
2017,4,2.0,separable,8184.658438426492,1-0-1-0-0-1-2-2-1,9.160847681983425e-07,0.05493893400034722,577,67.5610078560614,91.2326180049117,127.92605440821562,0,0.048153509000258055
2017,4,2.0,d_optimal,8123.105625617661,1-2-2-1-2-2-2-2-1,1.1007533738557824e-06,0.05493893400034722,577,94.93252736556803,118.82640813626439,151.86190663495313,0,0.04866308900000149
2017,4,8.0,shortest,8000.0,1-1-1-1-1-1-1-1-1,5.057376115234133e-07,0.05493893400034722,577,148.6690438003026,148.3738331921338,220.40274889490985,1,0.04398547300024802
2017,4,8.0,separable,8184.658438426492,1-0-1-0-0-1-2-2-1,9.160847681983425e-07,0.05493893400034722,577,147.3531874594792,112.48487505063957,220.52807742005442,1,0.04446502600058011
2017,4,8.0,d_optimal,8123.105625617661,1-2-2-1-2-2-2-2-1,1.1007533738557824e-06,0.05493893400034722,577,148.16290948737623,128.18762627362767,223.3147995987275,1,0.04570207200049481
2017,5,2.0,shortest,8000.0,1-1-1-1-1-1-1-1-1,5.057376115234133e-07,0.05493893400034722,577,95.26668910227306,106.68671970122466,168.1567316837598,0,0.050459248000152
2017,5,2.0,separable,8184.658438426492,1-0-1-0-0-1-2-2-1,9.160847681983425e-07,0.05493893400034722,577,86.51284187211023,110.49904454860723,155.17682347428598,0,0.051142477999746916
2017,5,2.0,d_optimal,8123.105625617661,1-2-2-1-2-2-2-2-1,1.1007533738557824e-06,0.05493893400034722,577,100.39492489465425,83.02936397427797,178.03468977775077,0,0.04820907399971475
2017,5,8.0,shortest,8000.0,1-1-1-1-1-1-1-1-1,5.057376115234133e-07,0.05493893400034722,577,175.3402860493873,213.16981112094476,264.7878990332409,1,0.04508561200054828
2017,5,8.0,separable,8184.658438426492,1-0-1-0-0-1-2-2-1,9.160847681983425e-07,0.05493893400034722,577,158.1139407363148,183.42132003564237,227.90079999151257,1,0.04585681600019598
2017,5,8.0,d_optimal,8123.105625617661,1-2-2-1-2-2-2-2-1,1.1007533738557824e-06,0.05493893400034722,577,171.0812197163345,209.53072015659683,243.61201605602113,1,0.045030620000034105
2017,6,2.0,shortest,8000.0,1-1-1-1-1-1-1-1-1,5.057376115234133e-07,0.05493893400034722,577,74.92786549052533,109.16550662808467,121.46742950048757,0,0.049785442000029434
2017,6,2.0,separable,8184.658438426492,1-0-1-0-0-1-2-2-1,9.160847681983425e-07,0.05493893400034722,577,61.00532815218634,55.48109372288446,103.9287984744137,0,0.049386069000320276
2017,6,2.0,d_optimal,8123.105625617661,1-2-2-1-2-2-2-2-1,1.1007533738557824e-06,0.05493893400034722,577,72.88914887189563,57.49344896046714,119.54475868464876,0,0.060149453999656544
2017,6,8.0,shortest,8000.0,1-1-1-1-1-1-1-1-1,5.057376115234133e-07,0.05493893400034722,577,121.79226142874307,134.23567718629863,170.0681659009171,0,0.053182399999968766
2017,6,8.0,separable,8184.658438426492,1-0-1-0-0-1-2-2-1,9.160847681983425e-07,0.05493893400034722,577,120.68839926257391,103.08545880978228,170.5655325333607,0,0.04846243600059097
2017,6,8.0,d_optimal,8123.105625617661,1-2-2-1-2-2-2-2-1,1.1007533738557824e-06,0.05493893400034722,577,113.12055114015354,140.12787126097763,175.52400396486186,0,0.04576330500003678
2017,7,2.0,shortest,8000.0,1-1-1-1-1-1-1-1-1,5.057376115234133e-07,0.05493893400034722,577,74.93778099342298,127.74999831760017,133.19591608617523,0,0.04902464400038298
2017,7,2.0,separable,8184.658438426492,1-0-1-0-0-1-2-2-1,9.160847681983425e-07,0.05493893400034722,577,74.10655960758382,118.62460673785905,123.27623129118413,0,0.04971363200002088
2017,7,2.0,d_optimal,8123.105625617661,1-2-2-1-2-2-2-2-1,1.1007533738557824e-06,0.05493893400034722,577,96.55964552683992,158.6446709408722,163.71765945317665,0,0.048828598000000056
2017,7,8.0,shortest,8000.0,1-1-1-1-1-1-1-1-1,5.057376115234133e-07,0.05493893400034722,577,139.12616501138768,208.83268346206688,195.13177446654944,0,0.04668817900073918
2017,7,8.0,separable,8184.658438426492,1-0-1-0-0-1-2-2-1,9.160847681983425e-07,0.05493893400034722,577,122.00506077415108,158.09169099630589,182.2551361576835,0,0.04459665499962284
2017,7,8.0,d_optimal,8123.105625617661,1-2-2-1-2-2-2-2-1,1.1007533738557824e-06,0.05493893400034722,577,127.54978960689435,183.74353072815168,177.6606609054981,0,0.046178319999853557
2017,8,2.0,shortest,8000.0,1-1-1-1-1-1-1-1-1,5.057376115234133e-07,0.05493893400034722,577,80.49623984429081,39.004478737954855,123.31311409909613,0,0.04826047100050346
2017,8,2.0,separable,8184.658438426492,1-0-1-0-0-1-2-2-1,9.160847681983425e-07,0.05493893400034722,577,82.35237293707681,34.186717916414445,148.24177820991767,0,0.04999385599967354
2017,8,2.0,d_optimal,8123.105625617661,1-2-2-1-2-2-2-2-1,1.1007533738557824e-06,0.05493893400034722,577,96.44227079539097,33.04762256408803,152.77428070032104,0,0.05077109800004109
2017,8,8.0,shortest,8000.0,1-1-1-1-1-1-1-1-1,5.057376115234133e-07,0.05493893400034722,577,187.80195394963116,117.11400503358777,249.67192300560814,1,0.049247509999986505
2017,8,8.0,separable,8184.658438426492,1-0-1-0-0-1-2-2-1,9.160847681983425e-07,0.05493893400034722,577,175.26520366807438,111.46062054903611,236.46412586682354,1,0.045732216999567754
2017,8,8.0,d_optimal,8123.105625617661,1-2-2-1-2-2-2-2-1,1.1007533738557824e-06,0.05493893400034722,577,173.04200276869625,97.67306747886077,234.08123613739082,1,0.04653432699979021
2017,9,2.0,shortest,8000.0,1-1-1-1-1-1-1-1-1,5.057376115234133e-07,0.05493893400034722,577,95.38322809584082,153.49847911649425,160.22546818948706,0,0.047645814000134123
2017,9,2.0,separable,8184.658438426492,1-0-1-0-0-1-2-2-1,9.160847681983425e-07,0.05493893400034722,577,89.32064179823841,135.6517965073976,146.2594393358692,0,0.048894927999754145
2017,9,2.0,d_optimal,8123.105625617661,1-2-2-1-2-2-2-2-1,1.1007533738557824e-06,0.05493893400034722,577,108.68421941777245,158.31752440865523,168.89372491596654,0,0.05044585800078494
2017,9,8.0,shortest,8000.0,1-1-1-1-1-1-1-1-1,5.057376115234133e-07,0.05493893400034722,577,164.93525705437855,230.32623960645682,241.03485583059762,1,0.047525601999950595
2017,9,8.0,separable,8184.658438426492,1-0-1-0-0-1-2-2-1,9.160847681983425e-07,0.05493893400034722,577,151.4321513666555,176.8967322419316,213.2989384577091,1,0.04431294700043509
2017,9,8.0,d_optimal,8123.105625617661,1-2-2-1-2-2-2-2-1,1.1007533738557824e-06,0.05493893400034722,577,153.98843534111634,208.71848821051432,221.04433776363862,1,0.04685915799927898
2018,0,2.0,shortest,8000.0,1-1-1-1-1-1-1-1-1,3.3737867644762896e-06,0.05494761699992523,577,137.85613708328634,11.190976426590657,245.05427775829787,1,0.05409375900035229
2018,0,2.0,separable,8123.105625617661,1-0-1-0-0-0-0-0-1,5.2688056915968176e-06,0.05494761699992523,577,120.34171410051795,37.996120417754945,187.5967082320033,0,0.050000506000287714
2018,0,2.0,d_optimal,8123.105625617661,1-0-1-0-0-0-0-0-1,5.2688056915968176e-06,0.05494761699992523,577,120.34171410051795,37.996120417754945,187.5967082320033,0,0.04814952299966535
2018,0,8.0,shortest,8000.0,1-1-1-1-1-1-1-1-1,3.3737867644762896e-06,0.05494761699992523,577,107.22074934781413,133.83650771113068,145.75037673782984,0,0.047335636000752856
2018,0,8.0,separable,8123.105625617661,1-0-1-0-0-0-0-0-1,5.2688056915968176e-06,0.05494761699992523,577,114.7899443366816,154.07109167196307,152.38609516104526,0,0.04764183899987984
2018,0,8.0,d_optimal,8123.105625617661,1-0-1-0-0-0-0-0-1,5.2688056915968176e-06,0.05494761699992523,577,114.7899443366816,154.07109167196307,152.38609516104526,0,0.04542247000063071
2018,1,2.0,shortest,8000.0,1-1-1-1-1-1-1-1-1,3.3737867644762896e-06,0.05494761699992523,577,117.13729180260522,29.877395690106226,204.88854437352407,0,0.048727876000157266
2018,1,2.0,separable,8123.105625617661,1-0-1-0-0-0-0-0-1,5.2688056915968176e-06,0.05494761699992523,577,106.38486562790212,25.139377478634632,166.63132205626553,0,0.04794452500027546
2018,1,2.0,d_optimal,8123.105625617661,1-0-1-0-0-0-0-0-1,5.2688056915968176e-06,0.05494761699992523,577,106.38486562790212,25.139377478634632,166.63132205626553,0,0.04911758399975952
2018,1,8.0,shortest,8000.0,1-1-1-1-1-1-1-1-1,3.3737867644762896e-06,0.05494761699992523,577,110.26216929735439,88.10514778155407,168.10862579595917,0,0.04638266899928567
2018,1,8.0,separable,8123.105625617661,1-0-1-0-0-0-0-0-1,5.2688056915968176e-06,0.05494761699992523,577,107.56536468468106,85.07746898549684,164.66323700573236,0,0.046523482000338845
2018,1,8.0,d_optimal,8123.105625617661,1-0-1-0-0-0-0-0-1,5.2688056915968176e-06,0.05494761699992523,577,107.56536468468106,85.07746898549684,164.66323700573236,0,0.04377985299925058
2018,2,2.0,shortest,8000.0,1-1-1-1-1-1-1-1-1,3.3737867644762896e-06,0.05494761699992523,577,100.270086387677,14.384552386276628,179.15087337870784,0,0.04653226499976881
2018,2,2.0,separable,8123.105625617661,1-0-1-0-0-0-0-0-1,5.2688056915968176e-06,0.05494761699992523,577,107.62281457522904,37.07942078086285,183.24786297404566,0,0.04732390800018038
2018,2,2.0,d_optimal,8123.105625617661,1-0-1-0-0-0-0-0-1,5.2688056915968176e-06,0.05494761699992523,577,107.62281457522904,37.07942078086285,183.24786297404566,0,0.052214645000276505
2018,2,8.0,shortest,8000.0,1-1-1-1-1-1-1-1-1,3.3737867644762896e-06,0.05494761699992523,577,125.01408880532703,132.88600512410264,191.14236813178073,0,0.04347235899967927
2018,2,8.0,separable,8123.105625617661,1-0-1-0-0-0-0-0-1,5.2688056915968176e-06,0.05494761699992523,577,123.11350150748635,146.6302927750337,185.76352389078676,0,0.045633138999619405
2018,2,8.0,d_optimal,8123.105625617661,1-0-1-0-0-0-0-0-1,5.2688056915968176e-06,0.05494761699992523,577,123.11350150748635,146.6302927750337,185.76352389078676,0,0.04492718399978912
2018,3,2.0,shortest,8000.0,1-1-1-1-1-1-1-1-1,3.3737867644762896e-06,0.05494761699992523,577,144.34694836659494,24.391450093037914,238.2081709579872,0,0.04751711900007649
2018,3,2.0,separable,8123.105625617661,1-0-1-0-0-0-0-0-1,5.2688056915968176e-06,0.05494761699992523,577,158.68558489211216,81.46840913230179,238.54442894119506,1,0.04774884000016755
2018,3,2.0,d_optimal,8123.105625617661,1-0-1-0-0-0-0-0-1,5.2688056915968176e-06,0.05494761699992523,577,158.68558489211216,81.46840913230179,238.54442894119506,1,0.04881412599934265
2018,3,8.0,shortest,8000.0,1-1-1-1-1-1-1-1-1,3.3737867644762896e-06,0.05494761699992523,577,148.56078878331346,99.48475302298525,211.36336452969707,0,0.04486850500052242
2018,3,8.0,separable,8123.105625617661,1-0-1-0-0-0-0-0-1,5.2688056915968176e-06,0.05494761699992523,577,151.4338983419834,143.07540147409182,208.09012932119686,0,0.0437389600001552
2018,3,8.0,d_optimal,8123.105625617661,1-0-1-0-0-0-0-0-1,5.2688056915968176e-06,0.05494761699992523,577,151.4338983419834,143.07540147409182,208.09012932119686,0,0.0454379129996596
2018,4,2.0,shortest,8000.0,1-1-1-1-1-1-1-1-1,3.3737867644762896e-06,0.05494761699992523,577,108.73507326997066,20.580074780896464,165.17617655777335,0,0.04866130499976862
2018,4,2.0,separable,8123.105625617661,1-0-1-0-0-0-0-0-1,5.2688056915968176e-06,0.05494761699992523,577,115.28478995926797,29.855610062065512,163.32903699703357,0,0.05184950300008495
2018,4,2.0,d_optimal,8123.105625617661,1-0-1-0-0-0-0-0-1,5.2688056915968176e-06,0.05494761699992523,577,115.28478995926797,29.855610062065512,163.32903699703357,0,0.04883971399976872
2018,4,8.0,shortest,8000.0,1-1-1-1-1-1-1-1-1,3.3737867644762896e-06,0.05494761699992523,577,126.82633000404012,117.42683351533096,181.6789070722728,0,0.0448548149997805
2018,4,8.0,separable,8123.105625617661,1-0-1-0-0-0-0-0-1,5.2688056915968176e-06,0.05494761699992523,577,136.33272320531003,153.65132431824472,180.24999513535215,0,0.044632488999923225
2018,4,8.0,d_optimal,8123.105625617661,1-0-1-0-0-0-0-0-1,5.2688056915968176e-06,0.05494761699992523,577,136.33272320531003,153.65132431824472,180.24999513535215,0,0.04586001100051362
2018,5,2.0,shortest,8000.0,1-1-1-1-1-1-1-1-1,3.3737867644762896e-06,0.05494761699992523,577,135.70978084017605,22.429327236175165,215.63419600001657,0,0.04903862399987702
2018,5,2.0,separable,8123.105625617661,1-0-1-0-0-0-0-0-1,5.2688056915968176e-06,0.05494761699992523,577,129.38846120625138,2.7700074271472808,181.86486164596334,0,0.053654465000363416
2018,5,2.0,d_optimal,8123.105625617661,1-0-1-0-0-0-0-0-1,5.2688056915968176e-06,0.05494761699992523,577,129.38846120625138,2.7700074271472808,181.86486164596334,0,0.05302851099986583
2018,5,8.0,shortest,8000.0,1-1-1-1-1-1-1-1-1,3.3737867644762896e-06,0.05494761699992523,577,149.68070523770353,104.39356404338074,193.1637980065699,0,0.05509775099926628
2018,5,8.0,separable,8123.105625617661,1-0-1-0-0-0-0-0-1,5.2688056915968176e-06,0.05494761699992523,577,143.52263341928085,105.43501597621783,183.67216929767898,0,0.0499320210001315
2018,5,8.0,d_optimal,8123.105625617661,1-0-1-0-0-0-0-0-1,5.2688056915968176e-06,0.05494761699992523,577,143.52263341928085,105.43501597621783,183.67216929767898,0,0.05604118399969593
2018,6,2.0,shortest,8000.0,1-1-1-1-1-1-1-1-1,3.3737867644762896e-06,0.05494761699992523,577,109.89614427913412,51.67342383903119,164.21476499033332,0,0.058854486999734945
2018,6,2.0,separable,8123.105625617661,1-0-1-0-0-0-0-0-1,5.2688056915968176e-06,0.05494761699992523,577,117.52806800126905,42.84701449550947,176.68014587012937,0,0.05338633099927392
2018,6,2.0,d_optimal,8123.105625617661,1-0-1-0-0-0-0-0-1,5.2688056915968176e-06,0.05494761699992523,577,117.52806800126905,42.84701449550947,176.68014587012937,0,0.05517378600052325
2018,6,8.0,shortest,8000.0,1-1-1-1-1-1-1-1-1,3.3737867644762896e-06,0.05494761699992523,577,113.65352070363942,62.634667330113146,168.95102724364534,0,0.051186122999752115
2018,6,8.0,separable,8123.105625617661,1-0-1-0-0-0-0-0-1,5.2688056915968176e-06,0.05494761699992523,577,117.13085129462732,18.679324339095203,176.1696651553748,0,0.05365576599979249
2018,6,8.0,d_optimal,8123.105625617661,1-0-1-0-0-0-0-0-1,5.2688056915968176e-06,0.05494761699992523,577,117.13085129462732,18.679324339095203,176.1696651553748,0,0.054497936999723606
2018,7,2.0,shortest,8000.0,1-1-1-1-1-1-1-1-1,3.3737867644762896e-06,0.05494761699992523,577,147.25184262748428,35.73256786701568,240.60402571156982,1,0.0641066120006144
2018,7,2.0,separable,8123.105625617661,1-0-1-0-0-0-0-0-1,5.2688056915968176e-06,0.05494761699992523,577,149.53139755459094,22.808393775474073,252.2895261281504,1,0.05231212999933632
2018,7,2.0,d_optimal,8123.105625617661,1-0-1-0-0-0-0-0-1,5.2688056915968176e-06,0.05494761699992523,577,149.53139755459094,22.808393775474073,252.2895261281504,1,0.05185088500002166
2018,7,8.0,shortest,8000.0,1-1-1-1-1-1-1-1-1,3.3737867644762896e-06,0.05494761699992523,577,160.47643141827396,95.64180517452358,236.8848242397937,1,0.047968020000553224
2018,7,8.0,separable,8123.105625617661,1-0-1-0-0-0-0-0-1,5.2688056915968176e-06,0.05494761699992523,577,159.03817398112918,71.45821127771553,233.55772418571368,1,0.048559732000285294
2018,7,8.0,d_optimal,8123.105625617661,1-0-1-0-0-0-0-0-1,5.2688056915968176e-06,0.05494761699992523,577,159.03817398112918,71.45821127771553,233.55772418571368,1,0.04782682599943655
2018,8,2.0,shortest,8000.0,1-1-1-1-1-1-1-1-1,3.3737867644762896e-06,0.05494761699992523,577,147.26790459765607,28.75360520658064,247.38302441666843,1,0.053239308999764035
2018,8,2.0,separable,8123.105625617661,1-0-1-0-0-0-0-0-1,5.2688056915968176e-06,0.05494761699992523,577,149.47059160518853,33.6606684745824,222.64116147850933,0,0.05157035199954407
2018,8,2.0,d_optimal,8123.105625617661,1-0-1-0-0-0-0-0-1,5.2688056915968176e-06,0.05494761699992523,577,149.47059160518853,33.6606684745824,222.64116147850933,0,0.055069087999982
2018,8,8.0,shortest,8000.0,1-1-1-1-1-1-1-1-1,3.3737867644762896e-06,0.05494761699992523,577,171.30360847241914,94.1818220475635,237.54279532459142,1,0.045771095999953104
2018,8,8.0,separable,8123.105625617661,1-0-1-0-0-0-0-0-1,5.2688056915968176e-06,0.05494761699992523,577,161.739177639826,112.89310372790085,224.57778919945014,0,0.045652367000002414
2018,8,8.0,d_optimal,8123.105625617661,1-0-1-0-0-0-0-0-1,5.2688056915968176e-06,0.05494761699992523,577,161.739177639826,112.89310372790085,224.57778919945014,0,0.04757205199985037
2018,9,2.0,shortest,8000.0,1-1-1-1-1-1-1-1-1,3.3737867644762896e-06,0.05494761699992523,577,127.55824448190803,40.3685786697026,200.4759297125136,0,0.05004703499980678
2018,9,2.0,separable,8123.105625617661,1-0-1-0-0-0-0-0-1,5.2688056915968176e-06,0.05494761699992523,577,129.264798561439,31.627733356492804,195.38888284879354,0,0.04912033699929452
2018,9,2.0,d_optimal,8123.105625617661,1-0-1-0-0-0-0-0-1,5.2688056915968176e-06,0.05494761699992523,577,129.264798561439,31.627733356492804,195.38888284879354,0,0.049774724000599235
2018,9,8.0,shortest,8000.0,1-1-1-1-1-1-1-1-1,3.3737867644762896e-06,0.05494761699992523,577,118.71650924282305,67.13518186896152,168.40655915154144,0,0.04584186300053261
2018,9,8.0,separable,8123.105625617661,1-0-1-0-0-0-0-0-1,5.2688056915968176e-06,0.05494761699992523,577,118.55209374748826,60.10873212636322,180.01505779761294,0,0.0488405550004245
2018,9,8.0,d_optimal,8123.105625617661,1-0-1-0-0-0-0-0-1,5.2688056915968176e-06,0.05494761699992523,577,118.55209374748826,60.10873212636322,180.01505779761294,0,0.04928370299967355
2019,0,2.0,shortest,8000.0,1-1-1-1-1-1-1-1-1,7.313806017477297e-06,0.05902505399990332,577,67.57167861132612,14.877385538433233,114.22117568992803,0,0.05428720899999462
2019,0,2.0,separable,8184.658438426492,1-2-1-2-2-1-0-0-1,9.677379961113832e-06,0.05902505399990332,577,64.05667746151371,37.978506421753195,125.19618896797923,0,0.05649339600040548
2019,0,2.0,d_optimal,8184.658438426492,1-0-1-2-2-1-0-0-1,9.72219024733258e-06,0.05902505399990332,577,68.89437961127165,13.541573198389388,123.41526967399402,0,0.05135386600068159
2019,0,8.0,shortest,8000.0,1-1-1-1-1-1-1-1-1,7.313806017477297e-06,0.05902505399990332,577,86.61669616958378,37.71174814789354,156.85298071780895,0,0.0512943659996381
2019,0,8.0,separable,8184.658438426492,1-2-1-2-2-1-0-0-1,9.677379961113832e-06,0.05902505399990332,577,85.90135829361542,27.28302344492501,155.4975597701579,0,0.04813299800025561
2019,0,8.0,d_optimal,8184.658438426492,1-0-1-2-2-1-0-0-1,9.72219024733258e-06,0.05902505399990332,577,85.67405328276185,38.79443405926014,154.6633088339444,0,0.047371378999741864
2019,1,2.0,shortest,8000.0,1-1-1-1-1-1-1-1-1,7.313806017477297e-06,0.05902505399990332,577,67.9936098534873,18.471760266962256,106.06285770033061,0,0.05040857000039978
2019,1,2.0,separable,8184.658438426492,1-2-1-2-2-1-0-0-1,9.677379961113832e-06,0.05902505399990332,577,66.62569006175642,28.120401166218613,112.3545973570481,0,0.0508635559999675
2019,1,2.0,d_optimal,8184.658438426492,1-0-1-2-2-1-0-0-1,9.72219024733258e-06,0.05902505399990332,577,61.20127141433517,19.697630018320417,110.69428979219481,0,0.05447478300084185
2019,1,8.0,shortest,8000.0,1-1-1-1-1-1-1-1-1,7.313806017477297e-06,0.05902505399990332,577,91.64120661434211,40.29287057744002,135.03614045802644,0,0.04891787100041256
2019,1,8.0,separable,8184.658438426492,1-2-1-2-2-1-0-0-1,9.677379961113832e-06,0.05902505399990332,577,88.39956147022005,41.77736699678724,130.78774851654208,0,0.047250928000721615
2019,1,8.0,d_optimal,8184.658438426492,1-0-1-2-2-1-0-0-1,9.72219024733258e-06,0.05902505399990332,577,90.77809318239343,44.33118025197151,141.5987808204426,0,0.04683601200031262
2019,2,2.0,shortest,8000.0,1-1-1-1-1-1-1-1-1,7.313806017477297e-06,0.05902505399990332,577,85.0026678866335,110.08321738762241,151.75064700634968,0,0.05005236299984972
2019,2,2.0,separable,8184.658438426492,1-2-1-2-2-1-0-0-1,9.677379961113832e-06,0.05902505399990332,577,88.3280795111319,107.68126853504208,160.2706176679232,0,0.05341236000003846
2019,2,2.0,d_optimal,8184.658438426492,1-0-1-2-2-1-0-0-1,9.72219024733258e-06,0.05902505399990332,577,87.95798241413546,101.68233302811824,159.27241746468064,0,0.049861595000038506
2019,2,8.0,shortest,8000.0,1-1-1-1-1-1-1-1-1,7.313806017477297e-06,0.05902505399990332,577,89.82713150789749,99.36804358003533,181.1700794376903,0,0.04661207400022249
2019,2,8.0,separable,8184.658438426492,1-2-1-2-2-1-0-0-1,9.677379961113832e-06,0.05902505399990332,577,91.87764667047205,95.35185611483443,174.07354620267648,0,0.04785172399988369
2019,2,8.0,d_optimal,8184.658438426492,1-0-1-2-2-1-0-0-1,9.72219024733258e-06,0.05902505399990332,577,93.80173254037462,107.32347546896193,175.165513275997,0,0.04881116199976532
2019,3,2.0,shortest,8000.0,1-1-1-1-1-1-1-1-1,7.313806017477297e-06,0.05902505399990332,577,59.37212504644938,20.161567764548195,91.80103141625982,0,0.05616114500026015
2019,3,2.0,separable,8184.658438426492,1-2-1-2-2-1-0-0-1,9.677379961113832e-06,0.05902505399990332,577,61.5685255076197,42.86921333798607,101.83297780631034,0,0.05790943200008769
2019,3,2.0,d_optimal,8184.658438426492,1-0-1-2-2-1-0-0-1,9.72219024733258e-06,0.05902505399990332,577,60.85581655423661,25.4461373010091,100.36918596008172,0,0.05451732599976822
2019,3,8.0,shortest,8000.0,1-1-1-1-1-1-1-1-1,7.313806017477297e-06,0.05902505399990332,577,65.77742899926226,45.182285396856706,100.24671114288705,0,0.04878560199995263
2019,3,8.0,separable,8184.658438426492,1-2-1-2-2-1-0-0-1,9.677379961113832e-06,0.05902505399990332,577,74.60058136905702,48.683134800796665,114.0747267814268,0,0.046432203000222216
2019,3,8.0,d_optimal,8184.658438426492,1-0-1-2-2-1-0-0-1,9.72219024733258e-06,0.05902505399990332,577,80.18257498223576,51.34131036216373,113.73988415223289,0,0.046077367999714625
2019,4,2.0,shortest,8000.0,1-1-1-1-1-1-1-1-1,7.313806017477297e-06,0.05902505399990332,577,87.96615142360862,127.71200692089648,148.0627025044883,0,0.04930596699978196
2019,4,2.0,separable,8184.658438426492,1-2-1-2-2-1-0-0-1,9.677379961113832e-06,0.05902505399990332,577,95.23476561104711,128.53473757903583,160.0082520492308,0,0.052962572000069486
2019,4,2.0,d_optimal,8184.658438426492,1-0-1-2-2-1-0-0-1,9.72219024733258e-06,0.05902505399990332,577,93.82233468542236,123.00900168638377,156.02713243042353,0,0.050229740999384376
2019,4,8.0,shortest,8000.0,1-1-1-1-1-1-1-1-1,7.313806017477297e-06,0.05902505399990332,577,93.4245966184572,147.28970801567073,157.79635672482053,0,0.04720718200042029
2019,4,8.0,separable,8184.658438426492,1-2-1-2-2-1-0-0-1,9.677379961113832e-06,0.05902505399990332,577,93.60683723825161,121.01684834388318,150.50452187061472,0,0.04981623599996965
2019,4,8.0,d_optimal,8184.658438426492,1-0-1-2-2-1-0-0-1,9.72219024733258e-06,0.05902505399990332,577,99.74051358015156,131.37366036762938,153.55677328174798,0,0.04860103400005755
2019,5,2.0,shortest,8000.0,1-1-1-1-1-1-1-1-1,7.313806017477297e-06,0.05902505399990332,577,79.17040516083641,55.19267012501181,141.74788628198326,0,0.050206316000185325
2019,5,2.0,separable,8184.658438426492,1-2-1-2-2-1-0-0-1,9.677379961113832e-06,0.05902505399990332,577,74.99367488230685,30.562451339034286,150.1530842661723,0,0.05142243899990717
2019,5,2.0,d_optimal,8184.658438426492,1-0-1-2-2-1-0-0-1,9.72219024733258e-06,0.05902505399990332,577,76.12870004423658,42.021699362168015,150.73045933553664,0,0.0515026899993245
2019,5,8.0,shortest,8000.0,1-1-1-1-1-1-1-1-1,7.313806017477297e-06,0.05902505399990332,577,108.03830348462876,126.66710975016254,166.30249743305438,0,0.05033309600003122
2019,5,8.0,separable,8184.658438426492,1-2-1-2-2-1-0-0-1,9.677379961113832e-06,0.05902505399990332,577,100.4421668120581,53.10832572283904,173.85779805947382,0,0.04926058899945929
2019,5,8.0,d_optimal,8184.658438426492,1-0-1-2-2-1-0-0-1,9.72219024733258e-06,0.05902505399990332,577,93.96980553935734,52.28096871113282,174.21204422966497,0,0.047270967999793356
2019,6,2.0,shortest,8000.0,1-1-1-1-1-1-1-1-1,7.313806017477297e-06,0.05902505399990332,577,93.31596927243976,51.41648894687755,171.3609511419995,0,0.051852947999577736
2019,6,2.0,separable,8184.658438426492,1-2-1-2-2-1-0-0-1,9.677379961113832e-06,0.05902505399990332,577,102.3409350882676,51.70637050206815,190.05458081734312,0,0.0556101239999407
2019,6,2.0,d_optimal,8184.658438426492,1-0-1-2-2-1-0-0-1,9.72219024733258e-06,0.05902505399990332,577,90.8985449142611,37.00836716840062,178.1553488832775,0,0.05242396900030144
2019,6,8.0,shortest,8000.0,1-1-1-1-1-1-1-1-1,7.313806017477297e-06,0.05902505399990332,577,118.57331901997023,67.71252106018355,216.90925219581317,0,0.04917806499997823
2019,6,8.0,separable,8184.658438426492,1-2-1-2-2-1-0-0-1,9.677379961113832e-06,0.05902505399990332,577,115.42784376041396,43.26387984076563,225.02367256885302,0,0.048059136999654584
2019,6,8.0,d_optimal,8184.658438426492,1-0-1-2-2-1-0-0-1,9.72219024733258e-06,0.05902505399990332,577,115.70138050415373,58.54344416577475,221.63489604667828,0,0.048740374000772135
2019,7,2.0,shortest,8000.0,1-1-1-1-1-1-1-1-1,7.313806017477297e-06,0.05902505399990332,577,64.35112905589808,81.29819741715764,115.17631547863283,0,0.04977429300015501
2019,7,2.0,separable,8184.658438426492,1-2-1-2-2-1-0-0-1,9.677379961113832e-06,0.05902505399990332,577,62.02526193005521,57.631936050468155,101.32142459036986,0,0.05050540600041131
2019,7,2.0,d_optimal,8184.658438426492,1-0-1-2-2-1-0-0-1,9.72219024733258e-06,0.05902505399990332,577,63.55849531689527,74.3402032261137,113.90207515606187,0,0.05012729499958368
2019,7,8.0,shortest,8000.0,1-1-1-1-1-1-1-1-1,7.313806017477297e-06,0.05902505399990332,577,76.37536642765036,103.07392117284485,114.52447025702321,0,0.04477855000004638
2019,7,8.0,separable,8184.658438426492,1-2-1-2-2-1-0-0-1,9.677379961113832e-06,0.05902505399990332,577,71.64353733987869,90.23266511655945,110.17506659116722,0,0.04482169399943814
2019,7,8.0,d_optimal,8184.658438426492,1-0-1-2-2-1-0-0-1,9.72219024733258e-06,0.05902505399990332,577,73.37499082003039,82.09108638878016,105.50369382817333,0,0.04733046799992735
2019,8,2.0,shortest,8000.0,1-1-1-1-1-1-1-1-1,7.313806017477297e-06,0.05902505399990332,577,62.84418629884576,15.71367161273911,120.4854275034847,0,0.05319754500033014
2019,8,2.0,separable,8184.658438426492,1-2-1-2-2-1-0-0-1,9.677379961113832e-06,0.05902505399990332,577,64.74660674633022,14.87823750187634,127.82170471291641,0,0.053413311000440444
2019,8,2.0,d_optimal,8184.658438426492,1-0-1-2-2-1-0-0-1,9.72219024733258e-06,0.05902505399990332,577,71.07742834102154,33.410244691763275,134.51470531706246,0,0.060798198000156845
2019,8,8.0,shortest,8000.0,1-1-1-1-1-1-1-1-1,7.313806017477297e-06,0.05902505399990332,577,72.56557174776776,50.48866582521921,135.20542313636054,0,0.04992471000059595
2019,8,8.0,separable,8184.658438426492,1-2-1-2-2-1-0-0-1,9.677379961113832e-06,0.05902505399990332,577,77.8569549016341,46.38496286708844,141.9799326081703,0,0.05515045999982249
2019,8,8.0,d_optimal,8184.658438426492,1-0-1-2-2-1-0-0-1,9.72219024733258e-06,0.05902505399990332,577,85.435568850258,54.129496484926,142.32265737004695,0,0.05131216299923835
2019,9,2.0,shortest,8000.0,1-1-1-1-1-1-1-1-1,7.313806017477297e-06,0.05902505399990332,577,65.6510780882693,76.3038794761834,100.3924619800471,0,0.05722780900032376
2019,9,2.0,separable,8184.658438426492,1-2-1-2-2-1-0-0-1,9.677379961113832e-06,0.05902505399990332,577,62.71322824364911,43.37154801624456,94.40606547591241,0,0.053188242000032915
2019,9,2.0,d_optimal,8184.658438426492,1-0-1-2-2-1-0-0-1,9.72219024733258e-06,0.05902505399990332,577,60.10134955876022,59.800840818662685,92.14912990123268,0,0.05660674699993251
2019,9,8.0,shortest,8000.0,1-1-1-1-1-1-1-1-1,7.313806017477297e-06,0.05902505399990332,577,99.4675403377808,106.53506396451485,149.87625017459243,0,0.05246228699979838
2019,9,8.0,separable,8184.658438426492,1-2-1-2-2-1-0-0-1,9.677379961113832e-06,0.05902505399990332,577,102.32720942139434,82.06434264486701,169.8660862342332,0,0.05198033699980442
2019,9,8.0,d_optimal,8184.658438426492,1-0-1-2-2-1-0-0-1,9.72219024733258e-06,0.05902505399990332,577,91.9298834562433,92.00933159252334,151.99984147355437,0,0.05207390000032319
2020,0,2.0,shortest,8000.0,1-1-1-1-1-1-1-1-1,2.8205769615564302e-06,0.06188020999979926,577,101.18231752798083,40.25026045590606,160.59233577639668,0,0.05765804200018465
2020,0,2.0,separable,8184.658438426492,1-0-0-1-0-1-2-2-1,5.096441506736712e-06,0.06188020999979926,577,68.41823050044081,39.05200785651961,114.00288602588431,0,0.056526135000240174
2020,0,2.0,d_optimal,8123.105625617661,1-0-0-1-1-1-1-2-1,5.383151711167665e-06,0.06188020999979926,577,78.94324077193089,75.31404136492876,130.65647656166976,0,0.05889623900020524
2020,0,8.0,shortest,8000.0,1-1-1-1-1-1-1-1-1,2.8205769615564302e-06,0.06188020999979926,577,157.72189547872117,52.566940430458224,241.6963205063851,1,0.05275362500015035
2020,0,8.0,separable,8184.658438426492,1-0-0-1-0-1-2-2-1,5.096441506736712e-06,0.06188020999979926,577,133.24201450407614,43.96948309188503,196.93124316045356,0,0.05191281600036746
2020,0,8.0,d_optimal,8123.105625617661,1-0-0-1-1-1-1-2-1,5.383151711167665e-06,0.06188020999979926,577,159.83294559087759,78.96222465462584,263.24709806581683,1,0.050785287000508106
2020,1,2.0,shortest,8000.0,1-1-1-1-1-1-1-1-1,2.8205769615564302e-06,0.06188020999979926,577,63.94388986612442,53.70436575509189,105.90170345338812,0,0.054523534000509244
2020,1,2.0,separable,8184.658438426492,1-0-0-1-0-1-2-2-1,5.096441506736712e-06,0.06188020999979926,577,58.22546971351382,32.43204414053951,95.0504235747041,0,0.054323973999999
2020,1,2.0,d_optimal,8123.105625617661,1-0-0-1-1-1-1-2-1,5.383151711167665e-06,0.06188020999979926,577,54.94137267800448,42.826117211257085,95.0504235747041,0,0.06182423399968684
2020,1,8.0,shortest,8000.0,1-1-1-1-1-1-1-1-1,2.8205769615564302e-06,0.06188020999979926,577,113.95055368889493,58.411172779828384,169.82992495140138,0,0.04943533999994543
2020,1,8.0,separable,8184.658438426492,1-0-0-1-0-1-2-2-1,5.096441506736712e-06,0.06188020999979926,577,92.14190754476827,48.58800064822293,152.41931630397863,0,0.04817713300053583
2020,1,8.0,d_optimal,8123.105625617661,1-0-0-1-1-1-1-2-1,5.383151711167665e-06,0.06188020999979926,577,101.42418077259211,61.82920942856099,155.115757218692,0,0.05513354399954551
2020,2,2.0,shortest,8000.0,1-1-1-1-1-1-1-1-1,2.8205769615564302e-06,0.06188020999979926,577,62.473348018436944,30.39755127000507,125.89969560150077,0,0.0488068229997225
2020,2,2.0,separable,8184.658438426492,1-0-0-1-0-1-2-2-1,5.096441506736712e-06,0.06188020999979926,577,50.68710785510197,24.630743525170935,79.52615196751822,0,0.05383023900049011
2020,2,2.0,d_optimal,8123.105625617661,1-0-0-1-1-1-1-2-1,5.383151711167665e-06,0.06188020999979926,577,62.962418555870855,24.129122627870373,120.05716865935925,0,0.05448974299997644
2020,2,8.0,shortest,8000.0,1-1-1-1-1-1-1-1-1,2.8205769615564302e-06,0.06188020999979926,577,92.47773256148098,42.232476390240976,172.74348001234156,0,0.05332978400019783
2020,2,8.0,separable,8184.658438426492,1-0-0-1-0-1-2-2-1,5.096441506736712e-06,0.06188020999979926,577,58.788177328821,25.503185457719166,104.06990091977859,0,0.05577115599953686
2020,2,8.0,d_optimal,8123.105625617661,1-0-0-1-1-1-1-2-1,5.383151711167665e-06,0.06188020999979926,577,69.20017499579528,26.43452094572222,127.04228949199225,0,0.050751675000356045
2020,3,2.0,shortest,8000.0,1-1-1-1-1-1-1-1-1,2.8205769615564302e-06,0.06188020999979926,577,69.39643140685406,50.029406407115395,111.03693254594641,0,0.05415937500038126
2020,3,2.0,separable,8184.658438426492,1-0-0-1-0-1-2-2-1,5.096441506736712e-06,0.06188020999979926,577,53.9979733214639,28.905424262436593,82.5442822361745,0,0.055272153000260005
2020,3,2.0,d_optimal,8123.105625617661,1-0-0-1-1-1-1-2-1,5.383151711167665e-06,0.06188020999979926,577,53.713086221625204,29.74929693194711,91.88078539300278,0,0.052659062999737216
2020,3,8.0,shortest,8000.0,1-1-1-1-1-1-1-1-1,2.8205769615564302e-06,0.06188020999979926,577,110.7300456051922,84.9370220456189,146.1111701021134,0,0.04991302100006578
2020,3,8.0,separable,8184.658438426492,1-0-0-1-0-1-2-2-1,5.096441506736712e-06,0.06188020999979926,577,87.50700047408878,92.23937463155764,122.5351502012513,0,0.05146235699976387
2020,3,8.0,d_optimal,8123.105625617661,1-0-0-1-1-1-1-2-1,5.383151711167665e-06,0.06188020999979926,577,93.50793265083288,72.819815345534,137.12273661080448,0,0.051016995000281895
2020,4,2.0,shortest,8000.0,1-1-1-1-1-1-1-1-1,2.8205769615564302e-06,0.06188020999979926,577,75.24307054531235,35.27467869648168,148.14056412358687,0,0.05178153900033067
2020,4,2.0,separable,8184.658438426492,1-0-0-1-0-1-2-2-1,5.096441506736712e-06,0.06188020999979926,577,52.293228296353966,32.92669886339611,87.82654726421966,0,0.05506205700021383
2020,4,2.0,d_optimal,8123.105625617661,1-0-0-1-1-1-1-2-1,5.383151711167665e-06,0.06188020999979926,577,60.22301190516712,26.633300971027126,126.34170231772184,0,0.0543240329998298
2020,4,8.0,shortest,8000.0,1-1-1-1-1-1-1-1-1,2.8205769615564302e-06,0.06188020999979926,577,127.97004322569803,27.87643493816989,204.32210801994472,0,0.051966016999358544
2020,4,8.0,separable,8184.658438426492,1-0-0-1-0-1-2-2-1,5.096441506736712e-06,0.06188020999979926,577,93.24386672078057,43.423593772179686,141.96488348750452,0,0.05160095600058412
2020,4,8.0,d_optimal,8123.105625617661,1-0-0-1-1-1-1-2-1,5.383151711167665e-06,0.06188020999979926,577,110.70179296458298,45.13413802611245,187.23270845102147,0,0.04799255299985816
2020,5,2.0,shortest,8000.0,1-1-1-1-1-1-1-1-1,2.8205769615564302e-06,0.06188020999979926,577,61.06194763093156,24.995364431303038,104.22939503061767,0,0.05257005899966316
2020,5,2.0,separable,8184.658438426492,1-0-0-1-0-1-2-2-1,5.096441506736712e-06,0.06188020999979926,577,53.12056610898193,19.94568882686598,87.9185967165417,0,0.054181378000066616
2020,5,2.0,d_optimal,8123.105625617661,1-0-0-1-1-1-1-2-1,5.383151711167665e-06,0.06188020999979926,577,52.025957582838615,18.986381846406246,97.43850980692743,0,0.053452919999472215
2020,5,8.0,shortest,8000.0,1-1-1-1-1-1-1-1-1,2.8205769615564302e-06,0.06188020999979926,577,94.76307827415633,28.789729862648993,149.27439371196445,0,0.04986071199982689
2020,5,8.0,separable,8184.658438426492,1-0-0-1-0-1-2-2-1,5.096441506736712e-06,0.06188020999979926,577,69.67060874963249,40.4304627171194,120.56306639499115,0,0.04735652500039578
2020,5,8.0,d_optimal,8123.105625617661,1-0-0-1-1-1-1-2-1,5.383151711167665e-06,0.06188020999979926,577,71.10587509143487,18.25299693825158,133.37699570962639,0,0.051243556999907014
2020,6,2.0,shortest,8000.0,1-1-1-1-1-1-1-1-1,2.8205769615564302e-06,0.06188020999979926,577,63.76129449450954,56.89260444673071,110.10846735084675,0,0.05478727300032915
2020,6,2.0,separable,8184.658438426492,1-0-0-1-0-1-2-2-1,5.096441506736712e-06,0.06188020999979926,577,45.15996508783041,40.35637842848503,77.0813894091127,0,0.0643994140000359
2020,6,2.0,d_optimal,8123.105625617661,1-0-0-1-1-1-1-2-1,5.383151711167665e-06,0.06188020999979926,577,45.71018517855209,38.051581978548306,84.45275304292346,0,0.05385217200000625
2020,6,8.0,shortest,8000.0,1-1-1-1-1-1-1-1-1,2.8205769615564302e-06,0.06188020999979926,577,115.93614169405889,33.499378637965286,173.23175376991725,0,0.04812500400021236
2020,6,8.0,separable,8184.658438426492,1-0-0-1-0-1-2-2-1,5.096441506736712e-06,0.06188020999979926,577,80.80816942836935,24.2737349276421,128.19060584144546,0,0.04763647699928697
2020,6,8.0,d_optimal,8123.105625617661,1-0-0-1-1-1-1-2-1,5.383151711167665e-06,0.06188020999979926,577,100.05673515387561,29.873513732449528,160.2772345273321,0,0.0456657049999194
2020,7,2.0,shortest,8000.0,1-1-1-1-1-1-1-1-1,2.8205769615564302e-06,0.06188020999979926,577,94.7325015513944,25.88513160411301,172.1915642845194,0,0.04903241200008779
2020,7,2.0,separable,8184.658438426492,1-0-0-1-0-1-2-2-1,5.096441506736712e-06,0.06188020999979926,577,64.54744447927168,10.91224486470059,123.528475024894,0,0.04905341399989993
2020,7,2.0,d_optimal,8123.105625617661,1-0-0-1-1-1-1-2-1,5.383151711167665e-06,0.06188020999979926,577,78.16179871424765,29.409246320100475,152.21993052548837,0,0.05327259800014872
2020,7,8.0,shortest,8000.0,1-1-1-1-1-1-1-1-1,2.8205769615564302e-06,0.06188020999979926,577,145.92425348971162,80.01198225722213,215.54498651950354,0,0.04774370900031499
2020,7,8.0,separable,8184.658438426492,1-0-0-1-0-1-2-2-1,5.096441506736712e-06,0.06188020999979926,577,102.44738640018483,60.8559073320635,137.96076287567925,0,0.04734124199967482
2020,7,8.0,d_optimal,8123.105625617661,1-0-0-1-1-1-1-2-1,5.383151711167665e-06,0.06188020999979926,577,123.39901257641634,36.97050795891164,194.0907134988071,0,0.04631576500014489
2020,8,2.0,shortest,8000.0,1-1-1-1-1-1-1-1-1,2.8205769615564302e-06,0.06188020999979926,577,85.66776210315848,53.802426189641174,139.61205921152256,0,0.0549960270000156
2020,8,2.0,separable,8184.658438426492,1-0-0-1-0-1-2-2-1,5.096441506736712e-06,0.06188020999979926,577,63.106318357860566,52.13345778928752,105.62062378025108,0,0.06006785600038711
2020,8,2.0,d_optimal,8123.105625617661,1-0-0-1-1-1-1-2-1,5.383151711167665e-06,0.06188020999979926,577,75.32062682431102,24.61264927533691,139.90099308600963,0,0.060051120999560226
2020,8,8.0,shortest,8000.0,1-1-1-1-1-1-1-1-1,2.8205769615564302e-06,0.06188020999979926,577,152.39010843222286,33.41844610991986,225.62309863404332,0,0.05725141900074959
2020,8,8.0,separable,8184.658438426492,1-0-0-1-0-1-2-2-1,5.096441506736712e-06,0.06188020999979926,577,116.11836731418559,66.27645008437779,182.89949914768295,0,0.05221200799951475
2020,8,8.0,d_optimal,8123.105625617661,1-0-0-1-1-1-1-2-1,5.383151711167665e-06,0.06188020999979926,577,133.00576042608003,10.081647996187627,207.0763453108298,0,0.05054150600062712
2020,9,2.0,shortest,8000.0,1-1-1-1-1-1-1-1-1,2.8205769615564302e-06,0.06188020999979926,577,83.38861109445443,58.46011528432543,145.6633202754722,0,0.048764549999759765
2020,9,2.0,separable,8184.658438426492,1-0-0-1-0-1-2-2-1,5.096441506736712e-06,0.06188020999979926,577,59.763887463284895,38.49902309621839,93.70706009606303,0,0.0497458710005958
2020,9,2.0,d_optimal,8123.105625617661,1-0-0-1-1-1-1-2-1,5.383151711167665e-06,0.06188020999979926,577,65.09118356765678,49.984906292272534,119.99178491104703,0,0.051295417000801535
2020,9,8.0,shortest,8000.0,1-1-1-1-1-1-1-1-1,2.8205769615564302e-06,0.06188020999979926,577,130.1857743008585,43.72920499776351,185.3171468134615,0,0.04753281400007836
2020,9,8.0,separable,8184.658438426492,1-0-0-1-0-1-2-2-1,5.096441506736712e-06,0.06188020999979926,577,91.23528530911182,63.56308916165662,129.81462710811232,0,0.049074708000262035
2020,9,8.0,d_optimal,8123.105625617661,1-0-0-1-1-1-1-2-1,5.383151711167665e-06,0.06188020999979926,577,102.97708361601721,56.517999820527876,167.45456673222256,0,0.04846725300012622
2021,0,2.0,shortest,8000.0,1-1-1-1-1-1-1-1-1,2.094416832449595e-05,0.0561808820002625,577,99.30027992743206,48.483554892064106,220.58598337844532,0,0.052046969999537396
2021,0,2.0,separable,8123.105625617661,1-0-0-1-0-0-0-0-1,2.6639922032950072e-05,0.0561808820002625,577,66.7701664349085,60.058520471105375,144.6377372036159,0,0.05356305500026792
2021,0,2.0,d_optimal,8184.658438426492,1-1-0-1-0-0-1-0-1,2.75985926084887e-05,0.0561808820002625,577,65.7011622765177,68.4964319470092,143.80233452444597,0,0.057001254000169865
2021,0,8.0,shortest,8000.0,1-1-1-1-1-1-1-1-1,2.094416832449595e-05,0.0561808820002625,577,129.41478042823078,34.14162674140012,258.29029257107834,1,0.04800293299922487
2021,0,8.0,separable,8123.105625617661,1-0-0-1-0-0-0-0-1,2.6639922032950072e-05,0.0561808820002625,577,97.51450752995399,73.65728277349925,203.12871026185022,0,0.05806520400074078
2021,0,8.0,d_optimal,8184.658438426492,1-1-0-1-0-0-1-0-1,2.75985926084887e-05,0.0561808820002625,577,95.32083943842662,39.63165586575588,202.0041673996355,0,0.05600929299998825
2021,1,2.0,shortest,8000.0,1-1-1-1-1-1-1-1-1,2.094416832449595e-05,0.0561808820002625,577,105.43647407234124,33.34922128665923,214.77842216027494,0,0.05522021299930202
2021,1,2.0,separable,8123.105625617661,1-0-0-1-0-0-0-0-1,2.6639922032950072e-05,0.0561808820002625,577,53.534342276141224,11.083421054548264,102.29615643487652,0,0.05372023200015974
2021,1,2.0,d_optimal,8184.658438426492,1-1-0-1-0-0-1-0-1,2.75985926084887e-05,0.0561808820002625,577,67.40142226287173,24.870703627224362,107.4186645036421,0,0.052134561000457325
2021,1,8.0,shortest,8000.0,1-1-1-1-1-1-1-1-1,2.094416832449595e-05,0.0561808820002625,577,140.90194582060246,48.28668361647191,258.53910349999774,1,0.056407854999633855
2021,1,8.0,separable,8123.105625617661,1-0-0-1-0-0-0-0-1,2.6639922032950072e-05,0.0561808820002625,577,115.54718051483727,36.36339306745363,202.9200370687025,0,0.048692090999793436
2021,1,8.0,d_optimal,8184.658438426492,1-1-0-1-0-0-1-0-1,2.75985926084887e-05,0.0561808820002625,577,127.7494129265197,38.6900844955721,219.3790282773141,1,0.0524621959993965
2021,2,2.0,shortest,8000.0,1-1-1-1-1-1-1-1-1,2.094416832449595e-05,0.0561808820002625,577,125.5535992268709,46.144818655632285,260.40063719276014,1,0.056650429999535845
2021,2,2.0,separable,8123.105625617661,1-0-0-1-0-0-0-0-1,2.6639922032950072e-05,0.0561808820002625,577,45.543769131981,32.028334260611835,89.79736369388155,0,0.053986463000001095
2021,2,2.0,d_optimal,8184.658438426492,1-1-0-1-0-0-1-0-1,2.75985926084887e-05,0.0561808820002625,577,48.10196096715674,45.303565241920154,99.18857272413356,0,0.06381594900085474
2021,2,8.0,shortest,8000.0,1-1-1-1-1-1-1-1-1,2.094416832449595e-05,0.0561808820002625,577,154.34067050361799,41.00112840542334,268.60102016916574,1,0.055693045999760216
2021,2,8.0,separable,8123.105625617661,1-0-0-1-0-0-0-0-1,2.6639922032950072e-05,0.0561808820002625,577,104.38171932267547,39.27050239296731,190.32997447496993,0,0.05486702100006369
2021,2,8.0,d_optimal,8184.658438426492,1-1-0-1-0-0-1-0-1,2.75985926084887e-05,0.0561808820002625,577,109.5272334939578,38.52877288004865,203.76861594985957,0,0.05106767300003412
2021,3,2.0,shortest,8000.0,1-1-1-1-1-1-1-1-1,2.094416832449595e-05,0.0561808820002625,577,89.1022639789762,51.79876728514169,168.55732264301793,0,0.054956566000328166
2021,3,2.0,separable,8123.105625617661,1-0-0-1-0-0-0-0-1,2.6639922032950072e-05,0.0561808820002625,577,71.35981357981319,57.81112487285029,129.86955116246463,0,0.05245272100000875
2021,3,2.0,d_optimal,8184.658438426492,1-1-0-1-0-0-1-0-1,2.75985926084887e-05,0.0561808820002625,577,73.52314432285547,62.60554797516594,129.74925437154644,0,0.05436268100038433
2021,3,8.0,shortest,8000.0,1-1-1-1-1-1-1-1-1,2.094416832449595e-05,0.0561808820002625,577,119.75754490338815,46.29809747241354,229.01781216243964,1,0.04749590800020087
2021,3,8.0,separable,8123.105625617661,1-0-0-1-0-0-0-0-1,2.6639922032950072e-05,0.0561808820002625,577,127.3637362292478,43.58449678895834,235.42835643208792,1,0.047819657000218285
2021,3,8.0,d_optimal,8184.658438426492,1-1-0-1-0-0-1-0-1,2.75985926084887e-05,0.0561808820002625,577,129.97690702124117,55.55928678030403,240.0735518625132,1,0.04826045099980547
2021,4,2.0,shortest,8000.0,1-1-1-1-1-1-1-1-1,2.094416832449595e-05,0.0561808820002625,577,50.96925905211912,50.47680499084948,99.35718529155388,0,0.05250015299952793
2021,4,2.0,separable,8123.105625617661,1-0-0-1-0-0-0-0-1,2.6639922032950072e-05,0.0561808820002625,577,42.370873819015124,41.96530052472679,75.12334521642515,0,0.05272243899980822
2021,4,2.0,d_optimal,8184.658438426492,1-1-0-1-0-0-1-0-1,2.75985926084887e-05,0.0561808820002625,577,44.93323286533805,44.483115236504396,76.90811267808395,0,0.05396130999997695
2021,4,8.0,shortest,8000.0,1-1-1-1-1-1-1-1-1,2.094416832449595e-05,0.0561808820002625,577,68.8272353849013,58.098827900913825,122.1588994425386,0,0.04715759199916647
2021,4,8.0,separable,8123.105625617661,1-0-0-1-0-0-0-0-1,2.6639922032950072e-05,0.0561808820002625,577,66.40896864019052,54.18736552874372,103.25238898284643,0,0.04934780200073874
2021,4,8.0,d_optimal,8184.658438426492,1-1-0-1-0-0-1-0-1,2.75985926084887e-05,0.0561808820002625,577,61.52647166575941,51.49608543971178,105.6856865023446,0,0.0503724609998244
2021,5,2.0,shortest,8000.0,1-1-1-1-1-1-1-1-1,2.094416832449595e-05,0.0561808820002625,577,82.81285510861743,75.60650602048163,155.5551323516843,0,0.05127035599980445
2021,5,2.0,separable,8123.105625617661,1-0-0-1-0-0-0-0-1,2.6639922032950072e-05,0.0561808820002625,577,53.04886243616069,42.75374815615896,104.0832192954369,0,0.0521734079993621
2021,5,2.0,d_optimal,8184.658438426492,1-1-0-1-0-0-1-0-1,2.75985926084887e-05,0.0561808820002625,577,52.795507579404045,45.263054992512494,100.0942438425908,0,0.05270205499982694
2021,5,8.0,shortest,8000.0,1-1-1-1-1-1-1-1-1,2.094416832449595e-05,0.0561808820002625,577,109.1803875256381,73.79522101223476,199.9553466746418,0,0.045988569999281026
2021,5,8.0,separable,8123.105625617661,1-0-0-1-0-0-0-0-1,2.6639922032950072e-05,0.0561808820002625,577,85.19205195742724,46.57542850324661,169.95977659737565,0,0.04819139200026257
2021,5,8.0,d_optimal,8184.658438426492,1-1-0-1-0-0-1-0-1,2.75985926084887e-05,0.0561808820002625,577,94.30380866280126,58.56307998544513,183.47357148644824,0,0.04712153900072735
2021,6,2.0,shortest,8000.0,1-1-1-1-1-1-1-1-1,2.094416832449595e-05,0.0561808820002625,577,109.89856094181228,79.81348253416552,215.5556424865855,0,0.05523826500029827
2021,6,2.0,separable,8123.105625617661,1-0-0-1-0-0-0-0-1,2.6639922032950072e-05,0.0561808820002625,577,62.97112373012421,65.77855582257227,104.05324214361241,0,0.05465329799972096
2021,6,2.0,d_optimal,8184.658438426492,1-1-0-1-0-0-1-0-1,2.75985926084887e-05,0.0561808820002625,577,62.32867670127848,64.11506140876406,107.55841812786763,0,0.05200917999991361
2021,6,8.0,shortest,8000.0,1-1-1-1-1-1-1-1-1,2.094416832449595e-05,0.0561808820002625,577,134.89055275883797,81.53829873418337,236.5555199649343,0,0.04852418300015415
2021,6,8.0,separable,8123.105625617661,1-0-0-1-0-0-0-0-1,2.6639922032950072e-05,0.0561808820002625,577,112.96918646281904,72.34267522681107,197.2432427331051,0,0.047756046000358765
2021,6,8.0,d_optimal,8184.658438426492,1-1-0-1-0-0-1-0-1,2.75985926084887e-05,0.0561808820002625,577,122.29900209939936,69.47131311523279,221.1559542108222,0,0.0466208829993775
2021,7,2.0,shortest,8000.0,1-1-1-1-1-1-1-1-1,2.094416832449595e-05,0.0561808820002625,577,75.48135265562703,34.517388185139104,168.77319633747933,0,0.05353365900009521
2021,7,2.0,separable,8123.105625617661,1-0-0-1-0-0-0-0-1,2.6639922032950072e-05,0.0561808820002625,577,43.80215309062026,16.811817767395613,77.0528091088122,0,0.05631887000072311
2021,7,2.0,d_optimal,8184.658438426492,1-1-0-1-0-0-1-0-1,2.75985926084887e-05,0.0561808820002625,577,53.66783772543972,22.544242107565086,105.68727052659771,0,0.05553001999942353
2021,7,8.0,shortest,8000.0,1-1-1-1-1-1-1-1-1,2.094416832449595e-05,0.0561808820002625,577,94.94594173676562,39.03035142517053,185.53172870364747,0,0.05016794299990579
2021,7,8.0,separable,8123.105625617661,1-0-0-1-0-0-0-0-1,2.6639922032950072e-05,0.0561808820002625,577,80.60464652418759,32.317718261187125,149.97359733446896,0,0.04920963800032041
2021,7,8.0,d_optimal,8184.658438426492,1-1-0-1-0-0-1-0-1,2.75985926084887e-05,0.0561808820002625,577,80.49645978224498,26.35644523755783,159.5620469097062,0,0.04901927099945169
2021,8,2.0,shortest,8000.0,1-1-1-1-1-1-1-1-1,2.094416832449595e-05,0.0561808820002625,577,123.87181560750766,27.636087184016986,257.39154441888,1,0.05324286999984906
2021,8,2.0,separable,8123.105625617661,1-0-0-1-0-0-0-0-1,2.6639922032950072e-05,0.0561808820002625,577,67.58224181112338,47.907502767620485,127.60672068757259,0,0.053743915999802994
2021,8,2.0,d_optimal,8184.658438426492,1-1-0-1-0-0-1-0-1,2.75985926084887e-05,0.0561808820002625,577,66.78391627128183,19.45904904690251,125.8779967883334,0,0.05108715000005759
2021,8,8.0,shortest,8000.0,1-1-1-1-1-1-1-1-1,2.094416832449595e-05,0.0561808820002625,577,153.43161196749384,20.449913526311928,291.60195722068454,1,0.05003570799999579
2021,8,8.0,separable,8123.105625617661,1-0-0-1-0-0-0-0-1,2.6639922032950072e-05,0.0561808820002625,577,100.77584353093836,50.1970785455719,216.74499139767386,0,0.04772609000065131
2021,8,8.0,d_optimal,8184.658438426492,1-1-0-1-0-0-1-0-1,2.75985926084887e-05,0.0561808820002625,577,114.74111243173249,40.256638640295655,240.62370509638689,1,0.047410754000338784
2021,9,2.0,shortest,8000.0,1-1-1-1-1-1-1-1-1,2.094416832449595e-05,0.0561808820002625,577,98.50239104542122,77.13967877336377,192.6946857818337,0,0.05039433399997506
2021,9,2.0,separable,8123.105625617661,1-0-0-1-0-0-0-0-1,2.6639922032950072e-05,0.0561808820002625,577,56.87609675580947,64.69051799251282,94.55747649014742,0,0.055164939999485796
2021,9,2.0,d_optimal,8184.658438426492,1-1-0-1-0-0-1-0-1,2.75985926084887e-05,0.0561808820002625,577,56.10009603676249,65.27043010637549,94.29623622009309,0,0.0538722900000721
2021,9,8.0,shortest,8000.0,1-1-1-1-1-1-1-1-1,2.094416832449595e-05,0.0561808820002625,577,121.11367846024042,113.06803830858813,236.19605888047113,1,0.050133390999690164
2021,9,8.0,separable,8123.105625617661,1-0-0-1-0-0-0-0-1,2.6639922032950072e-05,0.0561808820002625,577,77.71471164074734,109.06355918715947,140.2262263684483,0,0.049051488999793946
2021,9,8.0,d_optimal,8184.658438426492,1-1-0-1-0-0-1-0-1,2.75985926084887e-05,0.0561808820002625,577,90.81783571620251,113.2144822144878,154.3471241385289,0,0.05142898600024637
2022,0,2.0,shortest,8000.0,1-1-1-1-1-1-1-1-1,2.5494598890166014e-06,0.05495501299992611,577,141.27497019117538,155.41561076621585,231.54913538708945,0,0.04850422400068055
2022,0,2.0,separable,8246.211251235321,1-0-1-0-1-0-1-2-1,3.343183936221567e-06,0.05495501299992611,577,128.93905775126058,117.14659602262653,219.61115482592882,0,0.04833591999977216
2022,0,2.0,d_optimal,8246.211251235321,1-0-1-0-1-0-1-2-1,3.343183936221567e-06,0.05495501299992611,577,128.93905775126058,117.14659602262653,219.61115482592882,0,0.049872898000103305
2022,0,8.0,shortest,8000.0,1-1-1-1-1-1-1-1-1,2.5494598890166014e-06,0.05495501299992611,577,172.80573427628298,257.6254174708347,266.70740393768637,1,0.04473232500004087
2022,0,8.0,separable,8246.211251235321,1-0-1-0-1-0-1-2-1,3.343183936221567e-06,0.05495501299992611,577,163.65794682391652,218.9670965776326,253.39421072542757,1,0.045860545999858005
2022,0,8.0,d_optimal,8246.211251235321,1-0-1-0-1-0-1-2-1,3.343183936221567e-06,0.05495501299992611,577,163.65794682391652,218.9670965776326,253.39421072542757,1,0.046588995999627514
2022,1,2.0,shortest,8000.0,1-1-1-1-1-1-1-1-1,2.5494598890166014e-06,0.05495501299992611,577,155.7441541366461,155.6605775582807,275.31191148491865,1,0.049319502999424
2022,1,2.0,separable,8246.211251235321,1-0-1-0-1-0-1-2-1,3.343183936221567e-06,0.05495501299992611,577,140.43345748026834,103.6797099021321,249.01809550757199,1,0.05077043200071785
2022,1,2.0,d_optimal,8246.211251235321,1-0-1-0-1-0-1-2-1,3.343183936221567e-06,0.05495501299992611,577,140.43345748026834,103.6797099021321,249.01809550757199,1,0.04955023099955724
2022,1,8.0,shortest,8000.0,1-1-1-1-1-1-1-1-1,2.5494598890166014e-06,0.05495501299992611,577,175.67122788583092,256.1178932977157,307.5330224091331,1,0.045507454000471625
2022,1,8.0,separable,8246.211251235321,1-0-1-0-1-0-1-2-1,3.343183936221567e-06,0.05495501299992611,577,156.75932464913907,196.771641131848,270.1374336561818,1,0.046505270000125165
2022,1,8.0,d_optimal,8246.211251235321,1-0-1-0-1-0-1-2-1,3.343183936221567e-06,0.05495501299992611,577,156.75932464913907,196.771641131848,270.1374336561818,1,0.04616499500025384
2022,2,2.0,shortest,8000.0,1-1-1-1-1-1-1-1-1,2.5494598890166014e-06,0.05495501299992611,577,155.60872276857364,119.94991706084075,256.20052192938266,1,0.04874714100060373
2022,2,2.0,separable,8246.211251235321,1-0-1-0-1-0-1-2-1,3.343183936221567e-06,0.05495501299992611,577,155.18148309857253,103.99163697799648,263.53893184449015,1,0.04976468400036538
2022,2,2.0,d_optimal,8246.211251235321,1-0-1-0-1-0-1-2-1,3.343183936221567e-06,0.05495501299992611,577,155.18148309857253,103.99163697799648,263.53893184449015,1,0.05164636299923586
2022,2,8.0,shortest,8000.0,1-1-1-1-1-1-1-1-1,2.5494598890166014e-06,0.05495501299992611,577,189.04940836940065,219.85273720022,296.3876584754757,1,0.04607946699979948
2022,2,8.0,separable,8246.211251235321,1-0-1-0-1-0-1-2-1,3.343183936221567e-06,0.05495501299992611,577,180.9580116025208,190.85867672219803,285.82898079830863,1,0.04794647200014879
2022,2,8.0,d_optimal,8246.211251235321,1-0-1-0-1-0-1-2-1,3.343183936221567e-06,0.05495501299992611,577,180.9580116025208,190.85867672219803,285.82898079830863,1,0.04689612899983331
2022,3,2.0,shortest,8000.0,1-1-1-1-1-1-1-1-1,2.5494598890166014e-06,0.05495501299992611,577,144.49781872861246,158.2373910867362,257.5432960475247,1,0.05046452999977191
2022,3,2.0,separable,8246.211251235321,1-0-1-0-1-0-1-2-1,3.343183936221567e-06,0.05495501299992611,577,125.10647352283779,97.23550204174624,249.49173429551624,1,0.0605653140000868
2022,3,2.0,d_optimal,8246.211251235321,1-0-1-0-1-0-1-2-1,3.343183936221567e-06,0.05495501299992611,577,125.10647352283779,97.23550204174624,249.49173429551624,1,0.05944627200005925
2022,3,8.0,shortest,8000.0,1-1-1-1-1-1-1-1-1,2.5494598890166014e-06,0.05495501299992611,577,128.24978945346626,198.87551470742693,222.79960561119807,0,0.04730184100026236
2022,3,8.0,separable,8246.211251235321,1-0-1-0-1-0-1-2-1,3.343183936221567e-06,0.05495501299992611,577,116.67464283137632,165.23154718917155,208.84171852056255,0,0.04733156499969482
2022,3,8.0,d_optimal,8246.211251235321,1-0-1-0-1-0-1-2-1,3.343183936221567e-06,0.05495501299992611,577,116.67464283137632,165.23154718917155,208.84171852056255,0,0.045832665000489214
2022,4,2.0,shortest,8000.0,1-1-1-1-1-1-1-1-1,2.5494598890166014e-06,0.05495501299992611,577,156.3205134019259,132.78129751762316,279.5917470033063,1,0.052405426999939664
2022,4,2.0,separable,8246.211251235321,1-0-1-0-1-0-1-2-1,3.343183936221567e-06,0.05495501299992611,577,143.39758932554813,94.48965808451196,269.19723522327104,1,0.049403318999793555
2022,4,2.0,d_optimal,8246.211251235321,1-0-1-0-1-0-1-2-1,3.343183936221567e-06,0.05495501299992611,577,143.39758932554813,94.48965808451196,269.19723522327104,1,0.04926872699979867
2022,4,8.0,shortest,8000.0,1-1-1-1-1-1-1-1-1,2.5494598890166014e-06,0.05495501299992611,577,161.2565040298066,200.00126066367417,273.2141269395101,1,0.048521810000238474
2022,4,8.0,separable,8246.211251235321,1-0-1-0-1-0-1-2-1,3.343183936221567e-06,0.05495501299992611,577,153.63120095248703,137.93447569568443,267.8788729299588,1,0.051686793999579095
2022,4,8.0,d_optimal,8246.211251235321,1-0-1-0-1-0-1-2-1,3.343183936221567e-06,0.05495501299992611,577,153.63120095248703,137.93447569568443,267.8788729299588,1,0.0478953960000581
2022,5,2.0,shortest,8000.0,1-1-1-1-1-1-1-1-1,2.5494598890166014e-06,0.05495501299992611,577,152.52927896479522,117.11024864111556,249.40776825334308,1,0.05227078499956406
2022,5,2.0,separable,8246.211251235321,1-0-1-0-1-0-1-2-1,3.343183936221567e-06,0.05495501299992611,577,135.10232135005444,91.26132573495084,237.2176367497749,1,0.05618381499971292
2022,5,2.0,d_optimal,8246.211251235321,1-0-1-0-1-0-1-2-1,3.343183936221567e-06,0.05495501299992611,577,135.10232135005444,91.26132573495084,237.2176367497749,1,0.05342863999976544
2022,5,8.0,shortest,8000.0,1-1-1-1-1-1-1-1-1,2.5494598890166014e-06,0.05495501299992611,577,163.88169828526907,201.71758646917698,260.85514131208186,1,0.050043414999890956
2022,5,8.0,separable,8246.211251235321,1-0-1-0-1-0-1-2-1,3.343183936221567e-06,0.05495501299992611,577,156.56299772035032,179.5927971653135,250.17682136184402,1,0.049262287000601646
2022,5,8.0,d_optimal,8246.211251235321,1-0-1-0-1-0-1-2-1,3.343183936221567e-06,0.05495501299992611,577,156.56299772035032,179.5927971653135,250.17682136184402,1,0.04765856900030485
2022,6,2.0,shortest,8000.0,1-1-1-1-1-1-1-1-1,2.5494598890166014e-06,0.05495501299992611,577,121.9923582551605,92.06356440440351,209.25832022273732,0,0.04940263899970887
2022,6,2.0,separable,8246.211251235321,1-0-1-0-1-0-1-2-1,3.343183936221567e-06,0.05495501299992611,577,110.85663413855606,45.83203344636766,206.01873633105106,0,0.049488087999634445
2022,6,2.0,d_optimal,8246.211251235321,1-0-1-0-1-0-1-2-1,3.343183936221567e-06,0.05495501299992611,577,110.85663413855606,45.83203344636766,206.01873633105106,0,0.04993693500000518
2022,6,8.0,shortest,8000.0,1-1-1-1-1-1-1-1-1,2.5494598890166014e-06,0.05495501299992611,577,149.25760096923113,198.13731113731046,231.21299490962423,1,0.04927944300015952
2022,6,8.0,separable,8246.211251235321,1-0-1-0-1-0-1-2-1,3.343183936221567e-06,0.05495501299992611,577,138.78251350403858,157.4665434104109,217.68699402203438,0,0.047967694000362826
2022,6,8.0,d_optimal,8246.211251235321,1-0-1-0-1-0-1-2-1,3.343183936221567e-06,0.05495501299992611,577,138.78251350403858,157.4665434104109,217.68699402203438,0,0.047763266999936604
2022,7,2.0,shortest,8000.0,1-1-1-1-1-1-1-1-1,2.5494598890166014e-06,0.05495501299992611,577,151.09926419101,141.34197152418406,260.71603525971443,1,0.04857311700015998
2022,7,2.0,separable,8246.211251235321,1-0-1-0-1-0-1-2-1,3.343183936221567e-06,0.05495501299992611,577,141.0807638496046,104.0890293878042,246.0185280868478,1,0.05073575000005803
2022,7,2.0,d_optimal,8246.211251235321,1-0-1-0-1-0-1-2-1,3.343183936221567e-06,0.05495501299992611,577,141.0807638496046,104.0890293878042,246.0185280868478,1,0.04906717300036689
2022,7,8.0,shortest,8000.0,1-1-1-1-1-1-1-1-1,2.5494598890166014e-06,0.05495501299992611,577,187.37937478238047,284.4773454077701,306.98009418205385,1,0.04542590100027155
2022,7,8.0,separable,8246.211251235321,1-0-1-0-1-0-1-2-1,3.343183936221567e-06,0.05495501299992611,577,172.44389880907397,235.90968112890883,275.32785839386275,1,0.04596603599929949
2022,7,8.0,d_optimal,8246.211251235321,1-0-1-0-1-0-1-2-1,3.343183936221567e-06,0.05495501299992611,577,172.44389880907397,235.90968112890883,275.32785839386275,1,0.045193680999545904
2022,8,2.0,shortest,8000.0,1-1-1-1-1-1-1-1-1,2.5494598890166014e-06,0.05495501299992611,577,137.3108217090927,110.05345966645122,231.8603876109547,1,0.05209193499922549
2022,8,2.0,separable,8246.211251235321,1-0-1-0-1-0-1-2-1,3.343183936221567e-06,0.05495501299992611,577,129.14999749512364,35.04962582416208,225.66288149482017,0,0.0504569939994326
2022,8,2.0,d_optimal,8246.211251235321,1-0-1-0-1-0-1-2-1,3.343183936221567e-06,0.05495501299992611,577,129.14999749512364,35.04962582416208,225.66288149482017,0,0.0480576909994852
2022,8,8.0,shortest,8000.0,1-1-1-1-1-1-1-1-1,2.5494598890166014e-06,0.05495501299992611,577,170.80436359593878,141.10213432114267,277.38542653429056,1,0.04457365500002197
2022,8,8.0,separable,8246.211251235321,1-0-1-0-1-0-1-2-1,3.343183936221567e-06,0.05495501299992611,577,160.8275563372309,74.62150790416317,266.2252077311701,1,0.0485291020004297
2022,8,8.0,d_optimal,8246.211251235321,1-0-1-0-1-0-1-2-1,3.343183936221567e-06,0.05495501299992611,577,160.8275563372309,74.62150790416317,266.2252077311701,1,0.04473996700016869
2022,9,2.0,shortest,8000.0,1-1-1-1-1-1-1-1-1,2.5494598890166014e-06,0.05495501299992611,577,154.9008172037659,104.21253240885233,256.99627967538373,1,0.05148453799938579
2022,9,2.0,separable,8246.211251235321,1-0-1-0-1-0-1-2-1,3.343183936221567e-06,0.05495501299992611,577,142.5508232247782,85.61171331082939,261.3093610750518,1,0.04962876999979926
2022,9,2.0,d_optimal,8246.211251235321,1-0-1-0-1-0-1-2-1,3.343183936221567e-06,0.05495501299992611,577,142.5508232247782,85.61171331082939,261.3093610750518,1,0.04768626000077347
2022,9,8.0,shortest,8000.0,1-1-1-1-1-1-1-1-1,2.5494598890166014e-06,0.05495501299992611,577,196.7767647157534,217.1136495333193,341.1924558720496,1,0.04492482600016956
2022,9,8.0,separable,8246.211251235321,1-0-1-0-1-0-1-2-1,3.343183936221567e-06,0.05495501299992611,577,184.09159014781775,205.595551014432,302.61432083857943,1,0.04479955599981622
2022,9,8.0,d_optimal,8246.211251235321,1-0-1-0-1-0-1-2-1,3.343183936221567e-06,0.05495501299992611,577,184.09159014781775,205.595551014432,302.61432083857943,1,0.04572599399944011
2023,0,2.0,shortest,8000.0,1-1-1-1-1-1-1-1-1,1.6721508852048505e-05,0.05524543999945308,577,90.69485870750626,140.12903283741167,144.78042108514407,0,0.05369282999981806
2023,0,2.0,separable,8184.658438426492,1-1-0-0-1-2-1-0-1,1.93147516104272e-05,0.05524543999945308,577,88.87240612354007,181.80323322633407,164.5106849652949,0,0.0507574029998068
2023,0,2.0,d_optimal,8184.658438426492,1-1-0-1-2-2-1-0-1,1.9553845753974576e-05,0.05524543999945308,577,88.25604210023127,182.50801617698085,167.13134877637674,0,0.050161742999989656
2023,0,8.0,shortest,8000.0,1-1-1-1-1-1-1-1-1,1.6721508852048505e-05,0.05524543999945308,577,101.33437527291443,144.1627675537363,166.29144098008732,0,0.046272528000372404
2023,0,8.0,separable,8184.658438426492,1-1-0-0-1-2-1-0-1,1.93147516104272e-05,0.05524543999945308,577,95.77182753763779,167.8302738503918,167.8302738503918,0,0.04650902399953338
2023,0,8.0,d_optimal,8184.658438426492,1-1-0-1-2-2-1-0-1,1.9553845753974576e-05,0.05524543999945308,577,93.65123306989979,159.16413418939516,159.01350057086475,0,0.04620224199970835
2023,1,2.0,shortest,8000.0,1-1-1-1-1-1-1-1-1,1.6721508852048505e-05,0.05524543999945308,577,102.41352892213241,204.65312761549868,190.4392595270782,0,0.0486128379998263
2023,1,2.0,separable,8184.658438426492,1-1-0-0-1-2-1-0-1,1.93147516104272e-05,0.05524543999945308,577,109.3961546346846,251.97875436108677,211.1153652424204,1,0.04973479900036182
2023,1,2.0,d_optimal,8184.658438426492,1-1-0-1-2-2-1-0-1,1.9553845753974576e-05,0.05524543999945308,577,105.77169162596516,241.67886759494021,202.3951340176134,0,0.05035196100016037
2023,1,8.0,shortest,8000.0,1-1-1-1-1-1-1-1-1,1.6721508852048505e-05,0.05524543999945308,577,122.95931022463664,212.82273110426888,207.58575374153835,0,0.04539387199929479
2023,1,8.0,separable,8184.658438426492,1-1-0-0-1-2-1-0-1,1.93147516104272e-05,0.05524543999945308,577,114.69160053850369,206.79328467892927,201.95600800997488,0,0.0454451510004219
2023,1,8.0,d_optimal,8184.658438426492,1-1-0-1-2-2-1-0-1,1.9553845753974576e-05,0.05524543999945308,577,107.47592597066557,201.96811231771588,190.75397904088788,0,0.04861283199988975
2023,2,2.0,shortest,8000.0,1-1-1-1-1-1-1-1-1,1.6721508852048505e-05,0.05524543999945308,577,103.7766424470536,216.15012851640634,206.62485517467601,0,0.049581018000026233
2023,2,2.0,separable,8184.658438426492,1-1-0-0-1-2-1-0-1,1.93147516104272e-05,0.05524543999945308,577,109.76699538287266,272.8046160318113,237.45065577864614,1,0.04913938200024859
2023,2,2.0,d_optimal,8184.658438426492,1-1-0-1-2-2-1-0-1,1.9553845753974576e-05,0.05524543999945308,577,105.0034895548632,267.87957983697277,233.60574980077968,1,0.04915091899965773
2023,2,8.0,shortest,8000.0,1-1-1-1-1-1-1-1-1,1.6721508852048505e-05,0.05524543999945308,577,95.56006275646523,205.18719101698798,201.25011450707262,0,0.04679599799965217
2023,2,8.0,separable,8184.658438426492,1-1-0-0-1-2-1-0-1,1.93147516104272e-05,0.05524543999945308,577,105.05177834975619,237.79204091813426,225.19140744412567,0,0.04504644799999369
2023,2,8.0,d_optimal,8184.658438426492,1-1-0-1-2-2-1-0-1,1.9553845753974576e-05,0.05524543999945308,577,106.349322380109,233.14724674532047,224.58603162571566,0,0.045052056999338674
2023,3,2.0,shortest,8000.0,1-1-1-1-1-1-1-1-1,1.6721508852048505e-05,0.05524543999945308,577,94.28310708700887,155.87790684599815,151.65807880780687,0,0.050218338999911794
2023,3,2.0,separable,8184.658438426492,1-1-0-0-1-2-1-0-1,1.93147516104272e-05,0.05524543999945308,577,91.84127030810912,159.95690300231462,157.07766001679087,0,0.052756055999452656
2023,3,2.0,d_optimal,8184.658438426492,1-1-0-1-2-2-1-0-1,1.9553845753974576e-05,0.05524543999945308,577,97.90847464748795,166.0667342556404,164.40477949173612,0,0.05948937100038165
2023,3,8.0,shortest,8000.0,1-1-1-1-1-1-1-1-1,1.6721508852048505e-05,0.05524543999945308,577,109.15288439301872,144.57695853720566,155.74900317394432,0,0.04860475599980418
2023,3,8.0,separable,8184.658438426492,1-1-0-0-1-2-1-0-1,1.93147516104272e-05,0.05524543999945308,577,116.38579520248376,170.86586311480474,162.74730428935285,0,0.047935296000105154
2023,3,8.0,d_optimal,8184.658438426492,1-1-0-1-2-2-1-0-1,1.9553845753974576e-05,0.05524543999945308,577,122.02585920192527,163.69337496807904,174.09211774082118,0,0.04683078000016394
2023,4,2.0,shortest,8000.0,1-1-1-1-1-1-1-1-1,1.6721508852048505e-05,0.05524543999945308,577,108.96908274314926,233.59753221814483,197.11702292856685,0,0.05019445300058578
2023,4,2.0,separable,8184.658438426492,1-1-0-0-1-2-1-0-1,1.93147516104272e-05,0.05524543999945308,577,114.19496245432136,274.5332417667955,210.17275498712647,1,0.04967788399972051
2023,4,2.0,d_optimal,8184.658438426492,1-1-0-1-2-2-1-0-1,1.9553845753974576e-05,0.05524543999945308,577,106.98427214361176,256.10658231477925,192.2711923729996,1,0.051377588000832475
2023,4,8.0,shortest,8000.0,1-1-1-1-1-1-1-1-1,1.6721508852048505e-05,0.05524543999945308,577,121.93006311932861,218.2406850858467,198.25397773848405,0,0.04660420799973508
2023,4,8.0,separable,8184.658438426492,1-1-0-0-1-2-1-0-1,1.93147516104272e-05,0.05524543999945308,577,122.45222747734799,230.97290842553446,203.4243500137585,0,0.05174278599952231
2023,4,8.0,d_optimal,8184.658438426492,1-1-0-1-2-2-1-0-1,1.9553845753974576e-05,0.05524543999945308,577,117.13302292191878,226.59556009091395,196.7347864129753,0,0.0471395639997354
2023,5,2.0,shortest,8000.0,1-1-1-1-1-1-1-1-1,1.6721508852048505e-05,0.05524543999945308,577,117.30009804789177,278.3261607205095,241.72342985328396,1,0.05096743700050865
2023,5,2.0,separable,8184.658438426492,1-1-0-0-1-2-1-0-1,1.93147516104272e-05,0.05524543999945308,577,120.80728160951863,335.6724842391007,260.78407714537553,1,0.05391593400054262
2023,5,2.0,d_optimal,8184.658438426492,1-1-0-1-2-2-1-0-1,1.9553845753974576e-05,0.05524543999945308,577,114.67278826505348,330.05347812153025,248.4871986901735,1,0.0533155289995193
2023,5,8.0,shortest,8000.0,1-1-1-1-1-1-1-1-1,1.6721508852048505e-05,0.05524543999945308,577,134.21114160306007,294.76535369517785,245.51122272741722,1,0.04698150600052031
2023,5,8.0,separable,8184.658438426492,1-1-0-0-1-2-1-0-1,1.93147516104272e-05,0.05524543999945308,577,131.95585938698107,302.88861831241127,245.4769148032012,1,0.052483423999547085
2023,5,8.0,d_optimal,8184.658438426492,1-1-0-1-2-2-1-0-1,1.9553845753974576e-05,0.05524543999945308,577,118.55505656765786,270.05307635940056,233.43579887882953,1,0.04677641699981905
2023,6,2.0,shortest,8000.0,1-1-1-1-1-1-1-1-1,1.6721508852048505e-05,0.05524543999945308,577,105.48023376844695,202.3517278916265,176.85335610359155,0,0.05292711299989605
2023,6,2.0,separable,8184.658438426492,1-1-0-0-1-2-1-0-1,1.93147516104272e-05,0.05524543999945308,577,110.06194512160253,252.47256459484208,213.62463722001579,1,0.051363734000005934
2023,6,2.0,d_optimal,8184.658438426492,1-1-0-1-2-2-1-0-1,1.9553845753974576e-05,0.05524543999945308,577,92.54357709222661,237.92233855918275,191.17734654945167,0,0.05370535600013682
2023,6,8.0,shortest,8000.0,1-1-1-1-1-1-1-1-1,1.6721508852048505e-05,0.05524543999945308,577,109.88590637856355,181.87902796645275,167.47554191774762,0,0.04696831499950349
2023,6,8.0,separable,8184.658438426492,1-1-0-0-1-2-1-0-1,1.93147516104272e-05,0.05524543999945308,577,115.13722402955098,202.0388839650325,182.19011598744268,0,0.04869964699992124
2023,6,8.0,d_optimal,8184.658438426492,1-1-0-1-2-2-1-0-1,1.9553845753974576e-05,0.05524543999945308,577,104.20746319133447,194.1294324305803,175.21970603123992,0,0.048349519000112195
2023,7,2.0,shortest,8000.0,1-1-1-1-1-1-1-1-1,1.6721508852048505e-05,0.05524543999945308,577,149.08181233079708,261.0498213422496,236.61257002528706,1,0.052951970000322035
2023,7,2.0,separable,8184.658438426492,1-1-0-0-1-2-1-0-1,1.93147516104272e-05,0.05524543999945308,577,148.3722082573872,303.6089775510338,260.06696876598,1,0.050910771999951976
2023,7,2.0,d_optimal,8184.658438426492,1-1-0-1-2-2-1-0-1,1.9553845753974576e-05,0.05524543999945308,577,144.98065109168286,308.85975795679803,254.90737857244793,1,0.05130270300014672
2023,7,8.0,shortest,8000.0,1-1-1-1-1-1-1-1-1,1.6721508852048505e-05,0.05524543999945308,577,152.36187872339318,267.0919507327326,232.65451216464376,1,0.04743594100000337
2023,7,8.0,separable,8184.658438426492,1-1-0-0-1-2-1-0-1,1.93147516104272e-05,0.05524543999945308,577,147.04937287314408,274.8485566484472,234.34538064747113,1,0.04830381099964143
2023,7,8.0,d_optimal,8184.658438426492,1-1-0-1-2-2-1-0-1,1.9553845753974576e-05,0.05524543999945308,577,151.08347745450578,295.97892449487995,259.58911631786003,1,0.04873221599973476
2023,8,2.0,shortest,8000.0,1-1-1-1-1-1-1-1-1,1.6721508852048505e-05,0.05524543999945308,577,129.59569246964526,246.88751064470767,207.28250732974692,0,0.05201106200001959
2023,8,2.0,separable,8184.658438426492,1-1-0-0-1-2-1-0-1,1.93147516104272e-05,0.05524543999945308,577,132.62335903941386,299.1033176976299,233.23314363639344,1,0.05172181499983708
2023,8,2.0,d_optimal,8184.658438426492,1-1-0-1-2-2-1-0-1,1.9553845753974576e-05,0.05524543999945308,577,115.59704637188041,271.44169242651054,201.4731570535239,1,0.0519194830003471
2023,8,8.0,shortest,8000.0,1-1-1-1-1-1-1-1-1,1.6721508852048505e-05,0.05524543999945308,577,136.60568306056717,258.9193333615738,239.62484994699108,1,0.051200699000219174
2023,8,8.0,separable,8184.658438426492,1-1-0-0-1-2-1-0-1,1.93147516104272e-05,0.05524543999945308,577,141.4323142061382,269.9847076250318,247.47830950353577,1,0.048036517000582535
2023,8,8.0,d_optimal,8184.658438426492,1-1-0-1-2-2-1-0-1,1.9553845753974576e-05,0.05524543999945308,577,129.11735224339282,252.12697913467636,228.33885191682202,1,0.054574458000388404
2023,9,2.0,shortest,8000.0,1-1-1-1-1-1-1-1-1,1.6721508852048505e-05,0.05524543999945308,577,102.65739240903149,221.99804991284267,184.31940104479813,0,0.05314920799992251
2023,9,2.0,separable,8184.658438426492,1-1-0-0-1-2-1-0-1,1.93147516104272e-05,0.05524543999945308,577,94.59850950758677,234.15386370481988,176.8916238078642,0,0.04967753100027039
2023,9,2.0,d_optimal,8184.658438426492,1-1-0-1-2-2-1-0-1,1.9553845753974576e-05,0.05524543999945308,577,97.07589933865285,245.4007834168473,179.67394449597725,0,0.05220863900012773
2023,9,8.0,shortest,8000.0,1-1-1-1-1-1-1-1-1,1.6721508852048505e-05,0.05524543999945308,577,123.53242890407664,240.79608669005003,218.87949614217325,0,0.047853930999735894
2023,9,8.0,separable,8184.658438426492,1-1-0-0-1-2-1-0-1,1.93147516104272e-05,0.05524543999945308,577,109.35883587459591,228.43318911644545,204.73109162475234,0,0.04774768099923676
2023,9,8.0,d_optimal,8184.658438426492,1-1-0-1-2-2-1-0-1,1.9553845753974576e-05,0.05524543999945308,577,112.10039568420612,235.7734594065681,205.5787364529246,0,0.048893939999288705
2024,0,2.0,shortest,8000.0,1-1-1-1-1-1-1-1-1,6.297321506561344e-07,0.05872994400033349,577,88.71186271963927,89.87480666617539,165.77657596364006,0,0.05072095600007742
2024,0,2.0,separable,8123.105625617661,1-0-0-0-0-0-1-2-1,1.725028900918187e-06,0.05872994400033349,577,70.23660967491482,82.93001361767038,119.96691413753504,0,0.0506832580003902
2024,0,2.0,d_optimal,8123.105625617661,1-0-0-0-0-0-1-2-1,1.725028900918187e-06,0.05872994400033349,577,70.23660967491482,82.93001361767038,119.96691413753504,0,0.049478732000352466
2024,0,8.0,shortest,8000.0,1-1-1-1-1-1-1-1-1,6.297321506561344e-07,0.05872994400033349,577,113.75892784877439,86.59375414361958,182.7253314422794,0,0.04584072499983449
2024,0,8.0,separable,8123.105625617661,1-0-0-0-0-0-1-2-1,1.725028900918187e-06,0.05872994400033349,577,87.50135776592553,83.44099713190724,130.57997591688903,0,0.04848842899991723
2024,0,8.0,d_optimal,8123.105625617661,1-0-0-0-0-0-1-2-1,1.725028900918187e-06,0.05872994400033349,577,87.50135776592553,83.44099713190724,130.57997591688903,0,0.04782178400000703
2024,1,2.0,shortest,8000.0,1-1-1-1-1-1-1-1-1,6.297321506561344e-07,0.05872994400033349,577,102.18221282139356,109.29794810311769,190.99876856008598,0,0.05319408600007591
2024,1,2.0,separable,8123.105625617661,1-0-0-0-0-0-1-2-1,1.725028900918187e-06,0.05872994400033349,577,75.19909659043864,93.9502913894548,143.6557728737551,0,0.05148294500031625
2024,1,2.0,d_optimal,8123.105625617661,1-0-0-0-0-0-1-2-1,1.725028900918187e-06,0.05872994400033349,577,75.19909659043864,93.9502913894548,143.6557728737551,0,0.05179466499976115
2024,1,8.0,shortest,8000.0,1-1-1-1-1-1-1-1-1,6.297321506561344e-07,0.05872994400033349,577,111.33565762630629,108.1662574655844,210.81688301287778,1,0.04950742500022898
2024,1,8.0,separable,8123.105625617661,1-0-0-0-0-0-1-2-1,1.725028900918187e-06,0.05872994400033349,577,95.94294911790067,101.82200645694184,189.00736382530806,0,0.05087658000047668
2024,1,8.0,d_optimal,8123.105625617661,1-0-0-0-0-0-1-2-1,1.725028900918187e-06,0.05872994400033349,577,95.94294911790067,101.82200645694184,189.00736382530806,0,0.05102728800011391
2024,2,2.0,shortest,8000.0,1-1-1-1-1-1-1-1-1,6.297321506561344e-07,0.05872994400033349,577,100.95745443938104,138.55429788418144,174.56686992020641,0,0.054772897000475496
2024,2,2.0,separable,8123.105625617661,1-0-0-0-0-0-1-2-1,1.725028900918187e-06,0.05872994400033349,577,70.7459001647595,114.01284635532795,133.16043261146723,0,0.0518521519998103
2024,2,2.0,d_optimal,8123.105625617661,1-0-0-0-0-0-1-2-1,1.725028900918187e-06,0.05872994400033349,577,70.7459001647595,114.01284635532795,133.16043261146723,0,0.05120895200070663
2024,2,8.0,shortest,8000.0,1-1-1-1-1-1-1-1-1,6.297321506561344e-07,0.05872994400033349,577,107.47886169715743,82.4961187042104,184.51033192351628,0,0.047191191999445437
2024,2,8.0,separable,8123.105625617661,1-0-0-0-0-0-1-2-1,1.725028900918187e-06,0.05872994400033349,577,82.5833882845749,97.93424713498521,143.55473616188573,0,0.046342171000105736
2024,2,8.0,d_optimal,8123.105625617661,1-0-0-0-0-0-1-2-1,1.725028900918187e-06,0.05872994400033349,577,82.5833882845749,97.93424713498521,143.55473616188573,0,0.04771868799980439
2024,3,2.0,shortest,8000.0,1-1-1-1-1-1-1-1-1,6.297321506561344e-07,0.05872994400033349,577,87.78362624956662,112.2905996182732,169.12180468581863,0,0.05286890499974106
2024,3,2.0,separable,8123.105625617661,1-0-0-0-0-0-1-2-1,1.725028900918187e-06,0.05872994400033349,577,70.39648556627161,101.89694573717179,128.94151700301808,0,0.05762055200011673
2024,3,2.0,d_optimal,8123.105625617661,1-0-0-0-0-0-1-2-1,1.725028900918187e-06,0.05872994400033349,577,70.39648556627161,101.89694573717179,128.94151700301808,0,0.0540483740005584
2024,3,8.0,shortest,8000.0,1-1-1-1-1-1-1-1-1,6.297321506561344e-07,0.05872994400033349,577,98.725397661613,109.20802162104849,155.85535341676126,0,0.04659949999950186
2024,3,8.0,separable,8123.105625617661,1-0-0-0-0-0-1-2-1,1.725028900918187e-06,0.05872994400033349,577,82.15812358717604,104.82167267724446,130.3373578417379,0,0.04676572000062151
2024,3,8.0,d_optimal,8123.105625617661,1-0-0-0-0-0-1-2-1,1.725028900918187e-06,0.05872994400033349,577,82.15812358717604,104.82167267724446,130.3373578417379,0,0.04754867099927651
2024,4,2.0,shortest,8000.0,1-1-1-1-1-1-1-1-1,6.297321506561344e-07,0.05872994400033349,577,96.20337657078093,89.54833432478722,190.37139027689375,0,0.05038982600035524
2024,4,2.0,separable,8123.105625617661,1-0-0-0-0-0-1-2-1,1.725028900918187e-06,0.05872994400033349,577,72.72182630737106,95.73945888529906,148.91771178214023,0,0.05467118299930007
2024,4,2.0,d_optimal,8123.105625617661,1-0-0-0-0-0-1-2-1,1.725028900918187e-06,0.05872994400033349,577,72.72182630737106,95.73945888529906,148.91771178214023,0,0.058530061999590544
2024,4,8.0,shortest,8000.0,1-1-1-1-1-1-1-1-1,6.297321506561344e-07,0.05872994400033349,577,116.33686676436042,81.46490427975556,204.819223372492,0,0.04521800600014103
2024,4,8.0,separable,8123.105625617661,1-0-0-0-0-0-1-2-1,1.725028900918187e-06,0.05872994400033349,577,88.19381382271881,74.66445736110897,167.38371063105524,0,0.04497242600064055
2024,4,8.0,d_optimal,8123.105625617661,1-0-0-0-0-0-1-2-1,1.725028900918187e-06,0.05872994400033349,577,88.19381382271881,74.66445736110897,167.38371063105524,0,0.049200862999896344
2024,5,2.0,shortest,8000.0,1-1-1-1-1-1-1-1-1,6.297321506561344e-07,0.05872994400033349,577,77.93387851175882,127.459714846344,149.60802366399614,0,0.05172438899990084
2024,5,2.0,separable,8123.105625617661,1-0-0-0-0-0-1-2-1,1.725028900918187e-06,0.05872994400033349,577,66.81714615447225,143.81652224547554,128.7340930559114,0,0.05535188999965612
2024,5,2.0,d_optimal,8123.105625617661,1-0-0-0-0-0-1-2-1,1.725028900918187e-06,0.05872994400033349,577,66.81714615447225,143.81652224547554,128.7340930559114,0,0.053244581000399194
2024,5,8.0,shortest,8000.0,1-1-1-1-1-1-1-1-1,6.297321506561344e-07,0.05872994400033349,577,78.08312524808098,133.8157930908014,136.0944728707955,0,0.047278344000005745
2024,5,8.0,separable,8123.105625617661,1-0-0-0-0-0-1-2-1,1.725028900918187e-06,0.05872994400033349,577,66.99791900813325,153.0498152293918,127.6560012468147,0,0.04662529799952608
2024,5,8.0,d_optimal,8123.105625617661,1-0-0-0-0-0-1-2-1,1.725028900918187e-06,0.05872994400033349,577,66.99791900813325,153.0498152293918,127.6560012468147,0,0.04880264300027193
2024,6,2.0,shortest,8000.0,1-1-1-1-1-1-1-1-1,6.297321506561344e-07,0.05872994400033349,577,96.12088617691806,82.19580026136664,151.74949483486802,0,0.05057551699974283
2024,6,2.0,separable,8123.105625617661,1-0-0-0-0-0-1-2-1,1.725028900918187e-06,0.05872994400033349,577,76.07357598865838,76.23655920951592,126.19974876295016,0,0.051917840999522014
2024,6,2.0,d_optimal,8123.105625617661,1-0-0-0-0-0-1-2-1,1.725028900918187e-06,0.05872994400033349,577,76.07357598865838,76.23655920951592,126.19974876295016,0,0.05699705099959829
2024,6,8.0,shortest,8000.0,1-1-1-1-1-1-1-1-1,6.297321506561344e-07,0.05872994400033349,577,94.08799366137708,79.46241383608535,152.15297127166957,0,0.04718158800005767
2024,6,8.0,separable,8123.105625617661,1-0-0-0-0-0-1-2-1,1.725028900918187e-06,0.05872994400033349,577,99.05295684750682,73.95080263313275,181.70720307950083,0,0.04712058500081184
2024,6,8.0,d_optimal,8123.105625617661,1-0-0-0-0-0-1-2-1,1.725028900918187e-06,0.05872994400033349,577,99.05295684750682,73.95080263313275,181.70720307950083,0,0.04665892899993196
2024,7,2.0,shortest,8000.0,1-1-1-1-1-1-1-1-1,6.297321506561344e-07,0.05872994400033349,577,95.22812870076231,108.91079906812988,161.93038886439692,0,0.0496858450005675
2024,7,2.0,separable,8123.105625617661,1-0-0-0-0-0-1-2-1,1.725028900918187e-06,0.05872994400033349,577,79.57246151104124,104.82929296748381,126.89607278366785,0,0.051208550999945146
2024,7,2.0,d_optimal,8123.105625617661,1-0-0-0-0-0-1-2-1,1.725028900918187e-06,0.05872994400033349,577,79.57246151104124,104.82929296748381,126.89607278366785,0,0.0514326490001622
2024,7,8.0,shortest,8000.0,1-1-1-1-1-1-1-1-1,6.297321506561344e-07,0.05872994400033349,577,125.27032507991986,131.5478900824051,188.49450633289425,0,0.04585388499981491
2024,7,8.0,separable,8123.105625617661,1-0-0-0-0-0-1-2-1,1.725028900918187e-06,0.05872994400033349,577,100.78280490559578,134.67066285065874,146.8014597629403,0,0.05012017900025967
2024,7,8.0,d_optimal,8123.105625617661,1-0-0-0-0-0-1-2-1,1.725028900918187e-06,0.05872994400033349,577,100.78280490559578,134.67066285065874,146.8014597629403,0,0.04740718700031721
2024,8,2.0,shortest,8000.0,1-1-1-1-1-1-1-1-1,6.297321506561344e-07,0.05872994400033349,577,94.09877397976457,154.98135134671816,158.66616079185357,0,0.05652866499985976
2024,8,2.0,separable,8123.105625617661,1-0-0-0-0-0-1-2-1,1.725028900918187e-06,0.05872994400033349,577,80.44644250872572,132.02742039181013,121.17408676385104,0,0.05406853400018008
2024,8,2.0,d_optimal,8123.105625617661,1-0-0-0-0-0-1-2-1,1.725028900918187e-06,0.05872994400033349,577,80.44644250872572,132.02742039181013,121.17408676385104,0,0.052212855000107083
2024,8,8.0,shortest,8000.0,1-1-1-1-1-1-1-1-1,6.297321506561344e-07,0.05872994400033349,577,119.11178525477985,172.43581949713345,173.93872154697112,0,0.048055064999971364
2024,8,8.0,separable,8123.105625617661,1-0-0-0-0-0-1-2-1,1.725028900918187e-06,0.05872994400033349,577,101.20508077210603,168.5059688896346,151.53684021000586,0,0.048551283000051626
2024,8,8.0,d_optimal,8123.105625617661,1-0-0-0-0-0-1-2-1,1.725028900918187e-06,0.05872994400033349,577,101.20508077210603,168.5059688896346,151.53684021000586,0,0.047332354999525705
2024,9,2.0,shortest,8000.0,1-1-1-1-1-1-1-1-1,6.297321506561344e-07,0.05872994400033349,577,105.79908533471155,113.11194864296407,205.8234155745606,0,0.05077251300008356
2024,9,2.0,separable,8123.105625617661,1-0-0-0-0-0-1-2-1,1.725028900918187e-06,0.05872994400033349,577,78.92394047588346,115.84848148276305,156.41981892684018,0,0.0501066990000254
2024,9,2.0,d_optimal,8123.105625617661,1-0-0-0-0-0-1-2-1,1.725028900918187e-06,0.05872994400033349,577,78.92394047588346,115.84848148276305,156.41981892684018,0,0.05183802099963941
2024,9,8.0,shortest,8000.0,1-1-1-1-1-1-1-1-1,6.297321506561344e-07,0.05872994400033349,577,132.5603670384275,144.3025187513612,233.32945593105214,1,0.048578674999589566
2024,9,8.0,separable,8123.105625617661,1-0-0-0-0-0-1-2-1,1.725028900918187e-06,0.05872994400033349,577,101.93700089921192,140.40337120529728,178.01636617100317,0,0.055433933999665896
2024,9,8.0,d_optimal,8123.105625617661,1-0-0-0-0-0-1-2-1,1.725028900918187e-06,0.05872994400033349,577,101.93700089921192,140.40337120529728,178.01636617100317,0,0.05202007000025333
2025,0,2.0,shortest,8000.0,1-1-1-1-1-1-1-1-1,5.856848811086332e-06,0.055432901999665773,577,118.33844988368419,99.09755703546587,228.5760766278697,0,0.05254036900078063
2025,0,2.0,separable,8184.658438426492,1-0-0-1-0-0-1-0-1,6.661757957145844e-06,0.055432901999665773,577,123.46657231068677,116.4688582098485,212.6584609807773,0,0.05310418000044592
2025,0,2.0,d_optimal,8123.105625617661,1-0-0-1-1-2-2-1-1,6.8673624139207185e-06,0.055432901999665773,577,121.51322558883824,141.275821025306,208.2313334601115,0,0.057288631000119494
2025,0,8.0,shortest,8000.0,1-1-1-1-1-1-1-1-1,5.856848811086332e-06,0.055432901999665773,577,179.4542632600233,207.02525683756159,277.10367883030943,1,0.05135032399994088
2025,0,8.0,separable,8184.658438426492,1-0-0-1-0-0-1-0-1,6.661757957145844e-06,0.055432901999665773,577,189.77403402522714,161.93664612648888,303.87275921157027,1,0.053740389999802574
2025,0,8.0,d_optimal,8123.105625617661,1-0-0-1-1-2-2-1-1,6.8673624139207185e-06,0.055432901999665773,577,165.11017233467444,175.82850292153682,258.584808959082,1,0.05112754899982974
2025,1,2.0,shortest,8000.0,1-1-1-1-1-1-1-1-1,5.856848811086332e-06,0.055432901999665773,577,91.8949848934411,84.2322484993338,150.71841028326688,0,0.05300183500003186
2025,1,2.0,separable,8184.658438426492,1-0-0-1-0-0-1-0-1,6.661757957145844e-06,0.055432901999665773,577,90.44725123336148,67.37103220195452,137.12569254812155,0,0.056848696999622916
2025,1,2.0,d_optimal,8123.105625617661,1-0-0-1-1-2-2-1-1,6.8673624139207185e-06,0.055432901999665773,577,88.82830069945486,80.70784454596347,141.6616677178035,0,0.05434284800048772
2025,1,8.0,shortest,8000.0,1-1-1-1-1-1-1-1-1,5.856848811086332e-06,0.055432901999665773,577,119.94364927066195,121.44160066438765,172.54750128867283,0,0.0512184260005597
2025,1,8.0,separable,8184.658438426492,1-0-0-1-0-0-1-0-1,6.661757957145844e-06,0.055432901999665773,577,136.52378723402492,107.33101878563545,199.38936486585078,0,0.04930989799959207
2025,1,8.0,d_optimal,8123.105625617661,1-0-0-1-1-2-2-1-1,6.8673624139207185e-06,0.055432901999665773,577,111.63801231553548,117.10789211823919,154.60139097793402,0,0.05221509900002275
2025,2,2.0,shortest,8000.0,1-1-1-1-1-1-1-1-1,5.856848811086332e-06,0.055432901999665773,577,111.96513861078284,162.34108390934247,192.86853555569942,0,0.054438031000245246
2025,2,2.0,separable,8184.658438426492,1-0-0-1-0-0-1-0-1,6.661757957145844e-06,0.055432901999665773,577,91.78855932583063,138.56377592618958,181.74025656758516,0,0.055986357000620046
2025,2,2.0,d_optimal,8123.105625617661,1-0-0-1-1-2-2-1-1,6.8673624139207185e-06,0.055432901999665773,577,116.27345676362569,203.3388103926286,210.4528923899401,0,0.05648797300000297
2025,2,8.0,shortest,8000.0,1-1-1-1-1-1-1-1-1,5.856848811086332e-06,0.055432901999665773,577,115.30213442162177,200.0055250749569,212.69782116917736,0,0.05141340999944077
2025,2,8.0,separable,8184.658438426492,1-0-0-1-0-0-1-0-1,6.661757957145844e-06,0.055432901999665773,577,129.18742625186889,185.42065568040223,243.4913163366051,1,0.05688432099941565
2025,2,8.0,d_optimal,8123.105625617661,1-0-0-1-1-2-2-1-1,6.8673624139207185e-06,0.055432901999665773,577,123.66889435796391,215.48229769676246,230.34678873372275,0,0.050924473000122816
2025,3,2.0,shortest,8000.0,1-1-1-1-1-1-1-1-1,5.856848811086332e-06,0.055432901999665773,577,127.2269233758395,127.3817218151599,199.32849084307082,0,0.05213786199965398
2025,3,2.0,separable,8184.658438426492,1-0-0-1-0-0-1-0-1,6.661757957145844e-06,0.055432901999665773,577,141.04380363541037,108.74548016248933,208.2599658138704,0,0.056314972000109265
2025,3,2.0,d_optimal,8123.105625617661,1-0-0-1-1-2-2-1-1,6.8673624139207185e-06,0.055432901999665773,577,129.37974890920177,145.14683475574404,189.25221441945942,0,0.05220615500002168
2025,3,8.0,shortest,8000.0,1-1-1-1-1-1-1-1-1,5.856848811086332e-06,0.055432901999665773,577,200.97323767075204,220.09656519770988,296.1710026090882,1,0.04756677899968054
2025,3,8.0,separable,8184.658438426492,1-0-0-1-0-0-1-0-1,6.661757957145844e-06,0.055432901999665773,577,222.40597579852331,160.09822409471914,342.7844730380158,1,0.050343056000201614
2025,3,8.0,d_optimal,8123.105625617661,1-0-0-1-1-2-2-1-1,6.8673624139207185e-06,0.055432901999665773,577,183.21381671474796,209.21457337677248,267.3944662712834,1,0.051586360999863246
2025,4,2.0,shortest,8000.0,1-1-1-1-1-1-1-1-1,5.856848811086332e-06,0.055432901999665773,577,167.48876972502907,235.8108752118218,258.03034596549514,1,0.054733426999519
2025,4,2.0,separable,8184.658438426492,1-0-0-1-0-0-1-0-1,6.661757957145844e-06,0.055432901999665773,577,169.59702141546606,181.50150709092966,249.7281237295758,1,0.05369449999943754
2025,4,2.0,d_optimal,8123.105625617661,1-0-0-1-1-2-2-1-1,6.8673624139207185e-06,0.055432901999665773,577,153.52742053298877,201.1236201114771,224.25231622838274,1,0.060038728999643354
2025,4,8.0,shortest,8000.0,1-1-1-1-1-1-1-1-1,5.856848811086332e-06,0.055432901999665773,577,209.780855949657,257.0869066936418,342.7093377898323,1,0.049582579000343685
2025,4,8.0,separable,8184.658438426492,1-0-0-1-0-0-1-0-1,6.661757957145844e-06,0.055432901999665773,577,231.64959293466418,279.1149704468747,378.1519511102805,1,0.04877251699963381
2025,4,8.0,d_optimal,8123.105625617661,1-0-0-1-1-2-2-1-1,6.8673624139207185e-06,0.055432901999665773,577,194.37604688473112,261.13455485304854,306.02396442637456,1,0.04850604500006739
2025,5,2.0,shortest,8000.0,1-1-1-1-1-1-1-1-1,5.856848811086332e-06,0.055432901999665773,577,113.43919764927327,184.6828916713448,177.8222268844634,0,0.054744623999795294
2025,5,2.0,separable,8184.658438426492,1-0-0-1-0-0-1-0-1,6.661757957145844e-06,0.055432901999665773,577,94.76490107631707,92.7808388005573,129.22410481922986,0,0.05328083600034006
2025,5,2.0,d_optimal,8123.105625617661,1-0-0-1-1-2-2-1-1,6.8673624139207185e-06,0.055432901999665773,577,100.50846189269768,103.38278158557951,154.80472241499305,0,0.05510620899985952
2025,5,8.0,shortest,8000.0,1-1-1-1-1-1-1-1-1,5.856848811086332e-06,0.055432901999665773,577,141.7212025398184,135.30312814283363,202.52201487239762,0,0.050240911000400956
2025,5,8.0,separable,8184.658438426492,1-0-0-1-0-0-1-0-1,6.661757957145844e-06,0.055432901999665773,577,150.9943470928881,111.25340985154108,227.09652921233058,1,0.0503805119997196
2025,5,8.0,d_optimal,8123.105625617661,1-0-0-1-1-2-2-1-1,6.8673624139207185e-06,0.055432901999665773,577,131.20200943391475,135.00409186362975,192.09097242589098,0,0.048801060000187135
2025,6,2.0,shortest,8000.0,1-1-1-1-1-1-1-1-1,5.856848811086332e-06,0.055432901999665773,577,117.79886337479306,88.51272606703404,210.99241900643153,0,0.0556892489994425
2025,6,2.0,separable,8184.658438426492,1-0-0-1-0-0-1-0-1,6.661757957145844e-06,0.055432901999665773,577,114.43072561525894,70.85171541260038,190.7895652455765,0,0.055588827000065066
2025,6,2.0,d_optimal,8123.105625617661,1-0-0-1-1-2-2-1-1,6.8673624139207185e-06,0.055432901999665773,577,122.11688025812387,98.62027783124272,206.72498706619473,0,0.05529110799943737
2025,6,8.0,shortest,8000.0,1-1-1-1-1-1-1-1-1,5.856848811086332e-06,0.055432901999665773,577,164.12795575297756,132.3507604561716,257.19977721554795,1,0.049293893999674765
2025,6,8.0,separable,8184.658438426492,1-0-0-1-0-0-1-0-1,6.661757957145844e-06,0.055432901999665773,577,171.97266940963908,122.03617805148123,273.79927623816275,1,0.04949230300007912
2025,6,8.0,d_optimal,8123.105625617661,1-0-0-1-1-2-2-1-1,6.8673624139207185e-06,0.055432901999665773,577,156.4971217249335,119.6681078996627,249.09123719846036,1,0.05037008599992987
2025,7,2.0,shortest,8000.0,1-1-1-1-1-1-1-1-1,5.856848811086332e-06,0.055432901999665773,577,130.7660022028211,165.59489175596852,209.78943335177922,0,0.05855525100014347
2025,7,2.0,separable,8184.658438426492,1-0-0-1-0-0-1-0-1,6.661757957145844e-06,0.055432901999665773,577,107.15341386096222,131.2242226818352,165.61495703938735,0,0.053956314999595634
2025,7,2.0,d_optimal,8123.105625617661,1-0-0-1-1-2-2-1-1,6.8673624139207185e-06,0.055432901999665773,577,119.55619038646327,147.4543570343331,185.544996769477,0,0.05504702999951405
2025,7,8.0,shortest,8000.0,1-1-1-1-1-1-1-1-1,5.856848811086332e-06,0.055432901999665773,577,170.67371465414797,200.78450549363464,245.84092549440368,1,0.053695671999776096
2025,7,8.0,separable,8184.658438426492,1-0-0-1-0-0-1-0-1,6.661757957145844e-06,0.055432901999665773,577,164.9843922212176,193.7781494468663,239.8755305049074,1,0.07355673600068258
2025,7,8.0,d_optimal,8123.105625617661,1-0-0-1-1-2-2-1-1,6.8673624139207185e-06,0.055432901999665773,577,169.691905621264,224.41616748227585,244.39662242219103,1,0.0617636399992989
2025,8,2.0,shortest,8000.0,1-1-1-1-1-1-1-1-1,5.856848811086332e-06,0.055432901999665773,577,109.55018357620018,179.13250847806842,187.864557772905,0,0.05718299100044533
2025,8,2.0,separable,8184.658438426492,1-0-0-1-0-0-1-0-1,6.661757957145844e-06,0.055432901999665773,577,79.30776999873015,86.83472009556277,127.83393557877119,0,0.052044080999621656
2025,8,2.0,d_optimal,8123.105625617661,1-0-0-1-1-2-2-1-1,6.8673624139207185e-06,0.055432901999665773,577,103.4369297627452,129.68411276103637,161.02569732618988,0,0.051027366999733204
2025,8,8.0,shortest,8000.0,1-1-1-1-1-1-1-1-1,5.856848811086332e-06,0.055432901999665773,577,90.42943142667798,83.78269166704072,134.29323504991928,0,0.04979279500003031
2025,8,8.0,separable,8184.658438426492,1-0-0-1-0-0-1-0-1,6.661757957145844e-06,0.055432901999665773,577,94.471689212569,95.54532365784587,144.47522947806684,0,0.04950912799995422
2025,8,8.0,d_optimal,8123.105625617661,1-0-0-1-1-2-2-1-1,6.8673624139207185e-06,0.055432901999665773,577,93.9885774804235,117.03472170428164,131.99057142236637,0,0.059295598000062455
2025,9,2.0,shortest,8000.0,1-1-1-1-1-1-1-1-1,5.856848811086332e-06,0.055432901999665773,577,132.70268937675516,181.2929845658943,202.15367325773255,0,0.05207998600053543
2025,9,2.0,separable,8184.658438426492,1-0-0-1-0-0-1-0-1,6.661757957145844e-06,0.055432901999665773,577,138.37564033644938,149.8881630237387,201.49186789174806,0,0.05183335299989267
2025,9,2.0,d_optimal,8123.105625617661,1-0-0-1-1-2-2-1-1,6.8673624139207185e-06,0.055432901999665773,577,121.19474418107593,140.9407531493017,188.58939894836604,0,0.05500015899997379
2025,9,8.0,shortest,8000.0,1-1-1-1-1-1-1-1-1,5.856848811086332e-06,0.055432901999665773,577,179.7500455481771,236.38226630042425,247.3588274545432,1,0.051815736000207835
2025,9,8.0,separable,8184.658438426492,1-0-0-1-0-0-1-0-1,6.661757957145844e-06,0.055432901999665773,577,196.36561083996213,207.81079302746807,285.6671190502382,1,0.05282418400020106
2025,9,8.0,d_optimal,8123.105625617661,1-0-0-1-1-2-2-1-1,6.8673624139207185e-06,0.055432901999665773,577,175.76023657327912,237.17038029189604,234.7954242099143,1,0.05246130500017898
2026,0,2.0,shortest,8000.0,1-1-1-1-1-1-1-1-1,2.6831831327113483e-05,0.057439632999376045,577,36.93761784272884,78.99882433145395,62.532207017654265,0,0.053027167999971425
2026,0,2.0,separable,8123.105625617661,1-0-0-1-1-2-2-2-1,4.622186427270443e-05,0.057439632999376045,577,33.6552051126097,103.81099872550573,53.77247971224071,0,0.05458669000017835
2026,0,2.0,d_optimal,8123.105625617661,1-0-0-1-1-2-2-2-1,4.622186427270443e-05,0.057439632999376045,577,33.6552051126097,103.81099872550573,53.77247971224071,0,0.05280964100074925
2026,0,8.0,shortest,8000.0,1-1-1-1-1-1-1-1-1,2.6831831327113483e-05,0.057439632999376045,577,40.87781172629874,79.2202835904504,77.55041459025587,0,0.04928685799950472
2026,0,8.0,separable,8123.105625617661,1-0-0-1-1-2-2-2-1,4.622186427270443e-05,0.057439632999376045,577,34.15236367508145,74.78464848726033,62.98625856604457,0,0.05001868099952844
2026,0,8.0,d_optimal,8123.105625617661,1-0-0-1-1-2-2-2-1,4.622186427270443e-05,0.057439632999376045,577,34.15236367508145,74.78464848726033,62.98625856604457,0,0.05046731800030102
2026,1,2.0,shortest,8000.0,1-1-1-1-1-1-1-1-1,2.6831831327113483e-05,0.057439632999376045,577,49.01743827105967,43.779347299624895,86.77094913487096,0,0.054987434999929974
2026,1,2.0,separable,8123.105625617661,1-0-0-1-1-2-2-2-1,4.622186427270443e-05,0.057439632999376045,577,55.83405285893457,49.99542765974335,104.34113214782768,0,0.06081480300053954
2026,1,2.0,d_optimal,8123.105625617661,1-0-0-1-1-2-2-2-1,4.622186427270443e-05,0.057439632999376045,577,55.83405285893457,49.99542765974335,104.34113214782768,0,0.05388311899969267
2026,1,8.0,shortest,8000.0,1-1-1-1-1-1-1-1-1,2.6831831327113483e-05,0.057439632999376045,577,82.0842993564454,38.80866774707016,162.29604677604232,0,0.05181865499980631
2026,1,8.0,separable,8123.105625617661,1-0-0-1-1-2-2-2-1,4.622186427270443e-05,0.057439632999376045,577,62.30702110410628,58.045355663105575,125.27981862695975,0,0.05301220099954662
2026,1,8.0,d_optimal,8123.105625617661,1-0-0-1-1-2-2-2-1,4.622186427270443e-05,0.057439632999376045,577,62.30702110410628,58.045355663105575,125.27981862695975,0,0.055212313999618345
2026,2,2.0,shortest,8000.0,1-1-1-1-1-1-1-1-1,2.6831831327113483e-05,0.057439632999376045,577,42.88858902795734,144.25666123276542,86.34220905648097,0,0.0548964169993269
2026,2,2.0,separable,8123.105625617661,1-0-0-1-1-2-2-2-1,4.622186427270443e-05,0.057439632999376045,577,46.844358667928546,146.31346326604353,97.07156787596405,0,0.06092932000046858
2026,2,2.0,d_optimal,8123.105625617661,1-0-0-1-1-2-2-2-1,4.622186427270443e-05,0.057439632999376045,577,46.844358667928546,146.31346326604353,97.07156787596405,0,0.056812177000210795
2026,2,8.0,shortest,8000.0,1-1-1-1-1-1-1-1-1,2.6831831327113483e-05,0.057439632999376045,577,64.93309239691128,137.3859791355165,103.70036765184983,0,0.052254533000450465
2026,2,8.0,separable,8123.105625617661,1-0-0-1-1-2-2-2-1,4.622186427270443e-05,0.057439632999376045,577,65.24466894877109,158.36526204880002,122.95192858527096,0,0.054610395999588945
2026,2,8.0,d_optimal,8123.105625617661,1-0-0-1-1-2-2-2-1,4.622186427270443e-05,0.057439632999376045,577,65.24466894877109,158.36526204880002,122.95192858527096,0,0.0618488130003243
2026,3,2.0,shortest,8000.0,1-1-1-1-1-1-1-1-1,2.6831831327113483e-05,0.057439632999376045,577,49.723506416097315,98.54834062021506,79.245167883578,0,0.05709178300003259
2026,3,2.0,separable,8123.105625617661,1-0-0-1-1-2-2-2-1,4.622186427270443e-05,0.057439632999376045,577,56.387318886767005,111.51056374699989,99.12144397910198,0,0.05432613700031652
2026,3,2.0,d_optimal,8123.105625617661,1-0-0-1-1-2-2-2-1,4.622186427270443e-05,0.057439632999376045,577,56.387318886767005,111.51056374699989,99.12144397910198,0,0.05925997699978325
2026,3,8.0,shortest,8000.0,1-1-1-1-1-1-1-1-1,2.6831831327113483e-05,0.057439632999376045,577,78.35918563085554,82.13308215366712,143.73452163694122,0,0.04751573599969561
2026,3,8.0,separable,8123.105625617661,1-0-0-1-1-2-2-2-1,4.622186427270443e-05,0.057439632999376045,577,68.3372346127036,104.92355919664445,111.9345358686801,0,0.05615131500053394
2026,3,8.0,d_optimal,8123.105625617661,1-0-0-1-1-2-2-2-1,4.622186427270443e-05,0.057439632999376045,577,68.3372346127036,104.92355919664445,111.9345358686801,0,0.050773999999364605
2026,4,2.0,shortest,8000.0,1-1-1-1-1-1-1-1-1,2.6831831327113483e-05,0.057439632999376045,577,63.55864011332591,50.233360953501766,106.84150137220543,0,0.05166366200046468
2026,4,2.0,separable,8123.105625617661,1-0-0-1-1-2-2-2-1,4.622186427270443e-05,0.057439632999376045,577,44.000608296148556,63.336412544083146,72.01569513099062,0,0.0541760610003621
2026,4,2.0,d_optimal,8123.105625617661,1-0-0-1-1-2-2-2-1,4.622186427270443e-05,0.057439632999376045,577,44.000608296148556,63.336412544083146,72.01569513099062,0,0.05166496400033793
2026,4,8.0,shortest,8000.0,1-1-1-1-1-1-1-1-1,2.6831831327113483e-05,0.057439632999376045,577,78.01391449080765,56.04547455786651,121.77559846968296,0,0.04965687599997182
2026,4,8.0,separable,8123.105625617661,1-0-0-1-1-2-2-2-1,4.622186427270443e-05,0.057439632999376045,577,59.01992935443112,47.14477247347573,90.20517482268666,0,0.04913677100012137
2026,4,8.0,d_optimal,8123.105625617661,1-0-0-1-1-2-2-2-1,4.622186427270443e-05,0.057439632999376045,577,59.01992935443112,47.14477247347573,90.20517482268666,0,0.047552433000419114
2026,5,2.0,shortest,8000.0,1-1-1-1-1-1-1-1-1,2.6831831327113483e-05,0.057439632999376045,577,52.4284330861191,47.965615594213865,89.86609617261378,0,0.058170210000753286
2026,5,2.0,separable,8123.105625617661,1-0-0-1-1-2-2-2-1,4.622186427270443e-05,0.057439632999376045,577,31.330870218893402,50.27984531715559,51.15652213144108,0,0.05875193100018805
2026,5,2.0,d_optimal,8123.105625617661,1-0-0-1-1-2-2-2-1,4.622186427270443e-05,0.057439632999376045,577,31.330870218893402,50.27984531715559,51.15652213144108,0,0.054620971999611356
2026,5,8.0,shortest,8000.0,1-1-1-1-1-1-1-1-1,2.6831831327113483e-05,0.057439632999376045,577,92.5474900702029,68.83444473770346,156.97423146405387,0,0.06122717499965802
2026,5,8.0,separable,8123.105625617661,1-0-0-1-1-2-2-2-1,4.622186427270443e-05,0.057439632999376045,577,43.85378029027797,61.48820498858194,70.86552655037873,0,0.051394535999861546
2026,5,8.0,d_optimal,8123.105625617661,1-0-0-1-1-2-2-2-1,4.622186427270443e-05,0.057439632999376045,577,43.85378029027797,61.48820498858194,70.86552655037873,0,0.052454625000791566
2026,6,2.0,shortest,8000.0,1-1-1-1-1-1-1-1-1,2.6831831327113483e-05,0.057439632999376045,577,128.03335979013036,87.42380925948375,255.98864216659854,1,0.059933812999588554
2026,6,2.0,separable,8123.105625617661,1-0-0-1-1-2-2-2-1,4.622186427270443e-05,0.057439632999376045,577,48.93978269347968,116.62899202766593,96.48780375501865,0,0.05965122799989331
2026,6,2.0,d_optimal,8123.105625617661,1-0-0-1-1-2-2-2-1,4.622186427270443e-05,0.057439632999376045,577,48.93978269347968,116.62899202766593,96.48780375501865,0,0.059444766000524396
2026,6,8.0,shortest,8000.0,1-1-1-1-1-1-1-1-1,2.6831831327113483e-05,0.057439632999376045,577,141.73606148455974,122.57140013564276,239.54966187103796,1,0.04821622199960984
2026,6,8.0,separable,8123.105625617661,1-0-0-1-1-2-2-2-1,4.622186427270443e-05,0.057439632999376045,577,95.53981724319799,148.1871053985164,137.61259820807007,0,0.04669132300023193
2026,6,8.0,d_optimal,8123.105625617661,1-0-0-1-1-2-2-2-1,4.622186427270443e-05,0.057439632999376045,577,95.53981724319799,148.1871053985164,137.61259820807007,0,0.04786596499980078
2026,7,2.0,shortest,8000.0,1-1-1-1-1-1-1-1-1,2.6831831327113483e-05,0.057439632999376045,577,96.28612568750471,68.5773092507175,211.10026681631817,0,0.052662378000604804
2026,7,2.0,separable,8123.105625617661,1-0-0-1-1-2-2-2-1,4.622186427270443e-05,0.057439632999376045,577,37.90280953927811,83.51189947783757,69.90169654737036,0,0.05134594300034223
2026,7,2.0,d_optimal,8123.105625617661,1-0-0-1-1-2-2-2-1,4.622186427270443e-05,0.057439632999376045,577,37.90280953927811,83.51189947783757,69.90169654737036,0,0.051467285999933665
2026,7,8.0,shortest,8000.0,1-1-1-1-1-1-1-1-1,2.6831831327113483e-05,0.057439632999376045,577,125.66101198118136,104.5844660808833,233.87798571001048,1,0.045870005000324454
2026,7,8.0,separable,8123.105625617661,1-0-0-1-1-2-2-2-1,4.622186427270443e-05,0.057439632999376045,577,61.26039559177604,101.6465366572849,100.07156355333026,0,0.0469676900002014
2026,7,8.0,d_optimal,8123.105625617661,1-0-0-1-1-2-2-2-1,4.622186427270443e-05,0.057439632999376045,577,61.26039559177604,101.6465366572849,100.07156355333026,0,0.04847715699997934
2026,8,2.0,shortest,8000.0,1-1-1-1-1-1-1-1-1,2.6831831327113483e-05,0.057439632999376045,577,66.2701499954331,52.99561126639142,93.22049073431731,0,0.05134928799998306
2026,8,2.0,separable,8123.105625617661,1-0-0-1-1-2-2-2-1,4.622186427270443e-05,0.057439632999376045,577,52.885695480442564,78.75044704187042,97.58325571409897,0,0.05586955500075419
2026,8,2.0,d_optimal,8123.105625617661,1-0-0-1-1-2-2-2-1,4.622186427270443e-05,0.057439632999376045,577,52.885695480442564,78.75044704187042,97.58325571409897,0,0.05315389000043069
2026,8,8.0,shortest,8000.0,1-1-1-1-1-1-1-1-1,2.6831831327113483e-05,0.057439632999376045,577,87.05076058066422,47.93935329611387,144.7567117294134,0,0.04777823200038256
2026,8,8.0,separable,8123.105625617661,1-0-0-1-1-2-2-2-1,4.622186427270443e-05,0.057439632999376045,577,82.94754949468042,75.57604940894775,146.04955771387833,0,0.04741703800027608
2026,8,8.0,d_optimal,8123.105625617661,1-0-0-1-1-2-2-2-1,4.622186427270443e-05,0.057439632999376045,577,82.94754949468042,75.57604940894775,146.04955771387833,0,0.04946333399948344
2026,9,2.0,shortest,8000.0,1-1-1-1-1-1-1-1-1,2.6831831327113483e-05,0.057439632999376045,577,54.500515170682064,83.96289914184815,84.16838393180157,0,0.05053697299990745
2026,9,2.0,separable,8123.105625617661,1-0-0-1-1-2-2-2-1,4.622186427270443e-05,0.057439632999376045,577,42.15519144484015,70.73836311778845,71.90684139143085,0,0.0549734839996745
2026,9,2.0,d_optimal,8123.105625617661,1-0-0-1-1-2-2-2-1,4.622186427270443e-05,0.057439632999376045,577,42.15519144484015,70.73836311778845,71.90684139143085,0,0.053604938999342266
2026,9,8.0,shortest,8000.0,1-1-1-1-1-1-1-1-1,2.6831831327113483e-05,0.057439632999376045,577,101.43445121323848,102.5266602583406,156.67996123159907,0,0.04603611499987892
2026,9,8.0,separable,8123.105625617661,1-0-0-1-1-2-2-2-1,4.622186427270443e-05,0.057439632999376045,577,63.8636091183914,95.0707415295094,101.80522977014064,0,0.04654971000036312
2026,9,8.0,d_optimal,8123.105625617661,1-0-0-1-1-2-2-2-1,4.622186427270443e-05,0.057439632999376045,577,63.8636091183914,95.0707415295094,101.80522977014064,0,0.047466793000239704
2027,0,2.0,shortest,8000.0,1-1-1-1-1-1-1-1-1,8.51664129272333e-07,0.06830341600016254,577,126.4860078017779,35.79313854668696,245.21316381351835,1,0.05297694199998659
2027,0,2.0,separable,8123.105625617661,1-2-2-2-2-2-1-2-1,1.7280474390531145e-06,0.06830341600016254,577,98.0418532864783,40.63841379943102,204.5367095179511,1,0.04925489000015659
2027,0,2.0,d_optimal,8123.105625617661,1-2-2-2-2-2-1-2-1,1.7280474390531145e-06,0.06830341600016254,577,98.0418532864783,40.63841379943102,204.5367095179511,1,0.04893404499944154
2027,0,8.0,shortest,8000.0,1-1-1-1-1-1-1-1-1,8.51664129272333e-07,0.06830341600016254,577,158.48423938706523,52.41793167666552,254.1541454934317,1,0.045598925999911444
2027,0,8.0,separable,8123.105625617661,1-2-2-2-2-2-1-2-1,1.7280474390531145e-06,0.06830341600016254,577,142.097322007455,35.16106184741405,240.68700480613504,1,0.04586183299943514
2027,0,8.0,d_optimal,8123.105625617661,1-2-2-2-2-2-1-2-1,1.7280474390531145e-06,0.06830341600016254,577,142.097322007455,35.16106184741405,240.68700480613504,1,0.04519517700009601
2027,1,2.0,shortest,8000.0,1-1-1-1-1-1-1-1-1,8.51664129272333e-07,0.06830341600016254,577,146.32042731656037,149.27360097936042,250.71582220891946,1,0.05321778599954996
2027,1,2.0,separable,8123.105625617661,1-2-2-2-2-2-1-2-1,1.7280474390531145e-06,0.06830341600016254,577,115.03171248859316,62.06539008637117,208.36308674594366,0,0.05566935300066689
2027,1,2.0,d_optimal,8123.105625617661,1-2-2-2-2-2-1-2-1,1.7280474390531145e-06,0.06830341600016254,577,115.03171248859316,62.06539008637117,208.36308674594366,0,0.050783605000106036
2027,1,8.0,shortest,8000.0,1-1-1-1-1-1-1-1-1,8.51664129272333e-07,0.06830341600016254,577,164.77242336942174,99.17880860603772,276.11922723964574,1,0.048477356000148575
2027,1,8.0,separable,8123.105625617661,1-2-2-2-2-2-1-2-1,1.7280474390531145e-06,0.06830341600016254,577,148.6666023810204,84.27392020040487,245.8725435711878,1,0.04677591099971323
2027,1,8.0,d_optimal,8123.105625617661,1-2-2-2-2-2-1-2-1,1.7280474390531145e-06,0.06830341600016254,577,148.6666023810204,84.27392020040487,245.8725435711878,1,0.0486331109996172
2027,2,2.0,shortest,8000.0,1-1-1-1-1-1-1-1-1,8.51664129272333e-07,0.06830341600016254,577,145.58725513248817,113.3228117274454,265.666858651408,1,0.04922828000053414
2027,2,2.0,separable,8123.105625617661,1-2-2-2-2-2-1-2-1,1.7280474390531145e-06,0.06830341600016254,577,113.54830645456911,64.15068035170353,221.95556277505585,0,0.05022739600008208
2027,2,2.0,d_optimal,8123.105625617661,1-2-2-2-2-2-1-2-1,1.7280474390531145e-06,0.06830341600016254,577,113.54830645456911,64.15068035170353,221.95556277505585,0,0.05152856799941219
2027,2,8.0,shortest,8000.0,1-1-1-1-1-1-1-1-1,8.51664129272333e-07,0.06830341600016254,577,188.99095175621028,62.64435422018313,315.1035972471471,1,0.045962012999552826
2027,2,8.0,separable,8123.105625617661,1-2-2-2-2-2-1-2-1,1.7280474390531145e-06,0.06830341600016254,577,169.81961226064368,109.28835986155713,296.092505778803,1,0.04620952700042835
2027,2,8.0,d_optimal,8123.105625617661,1-2-2-2-2-2-1-2-1,1.7280474390531145e-06,0.06830341600016254,577,169.81961226064368,109.28835986155713,296.092505778803,1,0.04567447000044922
2027,3,2.0,shortest,8000.0,1-1-1-1-1-1-1-1-1,8.51664129272333e-07,0.06830341600016254,577,155.0951057038723,128.76103577292068,247.91730209593564,1,0.04746002199954091
2027,3,2.0,separable,8123.105625617661,1-2-2-2-2-2-1-2-1,1.7280474390531145e-06,0.06830341600016254,577,129.46724677583097,28.157507383012213,226.6534827182483,1,0.047119679000388714
2027,3,2.0,d_optimal,8123.105625617661,1-2-2-2-2-2-1-2-1,1.7280474390531145e-06,0.06830341600016254,577,129.46724677583097,28.157507383012213,226.6534827182483,1,0.05079125600059342
2027,3,8.0,shortest,8000.0,1-1-1-1-1-1-1-1-1,8.51664129272333e-07,0.06830341600016254,577,204.49383139184152,53.67063570610618,311.48642928227713,1,0.046735489999264246
2027,3,8.0,separable,8123.105625617661,1-2-2-2-2-2-1-2-1,1.7280474390531145e-06,0.06830341600016254,577,199.19080092230428,136.5984506270758,304.52845983877006,1,0.04570675899958587
2027,3,8.0,d_optimal,8123.105625617661,1-2-2-2-2-2-1-2-1,1.7280474390531145e-06,0.06830341600016254,577,199.19080092230428,136.5984506270758,304.52845983877006,1,0.04464690100030566
2027,4,2.0,shortest,8000.0,1-1-1-1-1-1-1-1-1,8.51664129272333e-07,0.06830341600016254,577,136.11383953592994,104.43614250888254,229.63849018451697,1,0.04801808400043228
2027,4,2.0,separable,8123.105625617661,1-2-2-2-2-2-1-2-1,1.7280474390531145e-06,0.06830341600016254,577,107.57358244953518,67.60144766273312,182.5881534919483,0,0.04764810699998634
2027,4,2.0,d_optimal,8123.105625617661,1-2-2-2-2-2-1-2-1,1.7280474390531145e-06,0.06830341600016254,577,107.57358244953518,67.60144766273312,182.5881534919483,0,0.04950191199986875
2027,4,8.0,shortest,8000.0,1-1-1-1-1-1-1-1-1,8.51664129272333e-07,0.06830341600016254,577,180.66624651943533,164.6587199779933,284.89194286663405,1,0.04736139399938111
2027,4,8.0,separable,8123.105625617661,1-2-2-2-2-2-1-2-1,1.7280474390531145e-06,0.06830341600016254,577,176.00856682609862,198.12340570788243,267.72781540560453,1,0.051392152000516944
2027,4,8.0,d_optimal,8123.105625617661,1-2-2-2-2-2-1-2-1,1.7280474390531145e-06,0.06830341600016254,577,176.00856682609862,198.12340570788243,267.72781540560453,1,0.04681537099986599
2027,5,2.0,shortest,8000.0,1-1-1-1-1-1-1-1-1,8.51664129272333e-07,0.06830341600016254,577,124.69511827022014,37.66622235988599,211.42230881987237,0,0.04859795900028985
2027,5,2.0,separable,8123.105625617661,1-2-2-2-2-2-1-2-1,1.7280474390531145e-06,0.06830341600016254,577,101.45849470668742,44.309893971515834,172.34188421066779,0,0.05171209500076657
2027,5,2.0,d_optimal,8123.105625617661,1-2-2-2-2-2-1-2-1,1.7280474390531145e-06,0.06830341600016254,577,101.45849470668742,44.309893971515834,172.34188421066779,0,0.055660128999988956
2027,5,8.0,shortest,8000.0,1-1-1-1-1-1-1-1-1,8.51664129272333e-07,0.06830341600016254,577,167.43388766534028,131.10296051058768,255.51875837062403,1,0.04649685000003956
2027,5,8.0,separable,8123.105625617661,1-2-2-2-2-2-1-2-1,1.7280474390531145e-06,0.06830341600016254,577,151.41284947306264,89.86906276245098,249.63452562582827,1,0.04440166099993803
2027,5,8.0,d_optimal,8123.105625617661,1-2-2-2-2-2-1-2-1,1.7280474390531145e-06,0.06830341600016254,577,151.41284947306264,89.86906276245098,249.63452562582827,1,0.04399770100008027
2027,6,2.0,shortest,8000.0,1-1-1-1-1-1-1-1-1,8.51664129272333e-07,0.06830341600016254,577,118.05662566236435,91.06347011960796,202.50918249719152,0,0.047336126000118384
2027,6,2.0,separable,8123.105625617661,1-2-2-2-2-2-1-2-1,1.7280474390531145e-06,0.06830341600016254,577,86.14510725537664,81.77007809895386,149.7396126342597,0,0.04761654899994028
2027,6,2.0,d_optimal,8123.105625617661,1-2-2-2-2-2-1-2-1,1.7280474390531145e-06,0.06830341600016254,577,86.14510725537664,81.77007809895386,149.7396126342597,0,0.04803626200009603
2027,6,8.0,shortest,8000.0,1-1-1-1-1-1-1-1-1,8.51664129272333e-07,0.06830341600016254,577,150.44408288285697,197.18006606485733,232.61147497006536,1,0.044053605999579304
2027,6,8.0,separable,8123.105625617661,1-2-2-2-2-2-1-2-1,1.7280474390531145e-06,0.06830341600016254,577,131.03271926308804,140.80613072280977,214.52497679663642,0,0.045143999999709195
2027,6,8.0,d_optimal,8123.105625617661,1-2-2-2-2-2-1-2-1,1.7280474390531145e-06,0.06830341600016254,577,131.03271926308804,140.80613072280977,214.52497679663642,0,0.04862917500031472
2027,7,2.0,shortest,8000.0,1-1-1-1-1-1-1-1-1,8.51664129272333e-07,0.06830341600016254,577,111.40628464493884,21.099056624102698,212.17600562256564,0,0.049007412999344524
2027,7,2.0,separable,8123.105625617661,1-2-2-2-2-2-1-2-1,1.7280474390531145e-06,0.06830341600016254,577,82.23651033668158,15.708698527524772,152.6103735429863,0,0.04695468699992489
2027,7,2.0,d_optimal,8123.105625617661,1-2-2-2-2-2-1-2-1,1.7280474390531145e-06,0.06830341600016254,577,82.23651033668158,15.708698527524772,152.6103735429863,0,0.04687028899934376
2027,7,8.0,shortest,8000.0,1-1-1-1-1-1-1-1-1,8.51664129272333e-07,0.06830341600016254,577,130.35591883024597,53.086830082683925,210.75891895651972,0,0.04376278200015804
2027,7,8.0,separable,8123.105625617661,1-2-2-2-2-2-1-2-1,1.7280474390531145e-06,0.06830341600016254,577,118.97864938512429,60.34561916055095,196.05096208771488,0,0.04427284099983808
2027,7,8.0,d_optimal,8123.105625617661,1-2-2-2-2-2-1-2-1,1.7280474390531145e-06,0.06830341600016254,577,118.97864938512429,60.34561916055095,196.05096208771488,0,0.04373265699996409
2027,8,2.0,shortest,8000.0,1-1-1-1-1-1-1-1-1,8.51664129272333e-07,0.06830341600016254,577,147.29197202611337,38.630433798805996,256.10046381950286,1,0.04770254399954865
2027,8,2.0,separable,8123.105625617661,1-2-2-2-2-2-1-2-1,1.7280474390531145e-06,0.06830341600016254,577,127.55358710373444,39.7982912081868,241.0885582430689,1,0.052606930999900214
2027,8,2.0,d_optimal,8123.105625617661,1-2-2-2-2-2-1-2-1,1.7280474390531145e-06,0.06830341600016254,577,127.55358710373444,39.7982912081868,241.0885582430689,1,0.050531490000139456
2027,8,8.0,shortest,8000.0,1-1-1-1-1-1-1-1-1,8.51664129272333e-07,0.06830341600016254,577,200.22332817905718,88.46952418964854,324.1799460608371,1,0.04702553300012369
2027,8,8.0,separable,8123.105625617661,1-2-2-2-2-2-1-2-1,1.7280474390531145e-06,0.06830341600016254,577,187.1153662904319,50.02281451045999,307.3211294590809,1,0.045838903000003484
2027,8,8.0,d_optimal,8123.105625617661,1-2-2-2-2-2-1-2-1,1.7280474390531145e-06,0.06830341600016254,577,187.1153662904319,50.02281451045999,307.3211294590809,1,0.04438319899963972
2027,9,2.0,shortest,8000.0,1-1-1-1-1-1-1-1-1,8.51664129272333e-07,0.06830341600016254,577,150.878835397491,120.94916090959045,258.4639384604896,1,0.04749049399924843
2027,9,2.0,separable,8123.105625617661,1-2-2-2-2-2-1-2-1,1.7280474390531145e-06,0.06830341600016254,577,125.98099555971044,110.82870235622201,226.04040629833372,1,0.047436062999622663
2027,9,2.0,d_optimal,8123.105625617661,1-2-2-2-2-2-1-2-1,1.7280474390531145e-06,0.06830341600016254,577,125.98099555971044,110.82870235622201,226.04040629833372,1,0.047446176999983436
2027,9,8.0,shortest,8000.0,1-1-1-1-1-1-1-1-1,8.51664129272333e-07,0.06830341600016254,577,204.78783293029127,190.5272202786789,309.9226103774141,1,0.04491642100038007
2027,9,8.0,separable,8123.105625617661,1-2-2-2-2-2-1-2-1,1.7280474390531145e-06,0.06830341600016254,577,179.07331003389461,191.1406559531672,284.0378345717505,1,0.04425207100030093
2027,9,8.0,d_optimal,8123.105625617661,1-2-2-2-2-2-1-2-1,1.7280474390531145e-06,0.06830341600016254,577,179.07331003389461,191.1406559531672,284.0378345717505,1,0.04387570200015034
2028,0,2.0,shortest,8000.0,1-1-1-1-1-1-1-1-1,5.362828880169724e-06,0.05429744000048231,577,101.98857744505098,94.62955201780413,170.84561527378509,0,0.05126168199967651
2028,0,2.0,separable,8123.105625617661,1-2-2-2-2-2-1-2-1,6.405520437762976e-06,0.05429744000048231,577,127.60623391082116,74.8060649734542,195.56762607683083,0,0.05235830600031477
2028,0,2.0,d_optimal,8123.105625617661,1-2-2-1-1-2-2-2-1,7.274055686119374e-06,0.05429744000048231,577,104.62342545690079,93.8870740015594,155.63638818127757,0,0.048471463000169024
2028,0,8.0,shortest,8000.0,1-1-1-1-1-1-1-1-1,5.362828880169724e-06,0.05429744000048231,577,127.15692641393039,112.64074754608981,193.73100407126296,0,0.04514993499924458
2028,0,8.0,separable,8123.105625617661,1-2-2-2-2-2-1-2-1,6.405520437762976e-06,0.05429744000048231,577,143.77620242491767,88.81211176224397,224.26802480343352,1,0.044689009000649094
2028,0,8.0,d_optimal,8123.105625617661,1-2-2-1-1-2-2-2-1,7.274055686119374e-06,0.05429744000048231,577,118.5835365435414,90.71450789539779,186.79352196715487,0,0.045546802999524516
2028,1,2.0,shortest,8000.0,1-1-1-1-1-1-1-1-1,5.362828880169724e-06,0.05429744000048231,577,110.38658026307148,58.617956221077776,183.09901457690134,0,0.04990085999997973
2028,1,2.0,separable,8123.105625617661,1-2-2-2-2-2-1-2-1,6.405520437762976e-06,0.05429744000048231,577,129.79380909557358,50.48525021868512,210.8387531564361,0,0.0494717519995902
2028,1,2.0,d_optimal,8123.105625617661,1-2-2-1-1-2-2-2-1,7.274055686119374e-06,0.05429744000048231,577,107.77231516849194,84.77779227998111,180.7326718521191,0,0.05191442699924664
2028,1,8.0,shortest,8000.0,1-1-1-1-1-1-1-1-1,5.362828880169724e-06,0.05429744000048231,577,134.88160493436075,105.74884110012376,224.86448376300797,0,0.04869624299954012
2028,1,8.0,separable,8123.105625617661,1-2-2-2-2-2-1-2-1,6.405520437762976e-06,0.05429744000048231,577,153.12879510602824,102.90858382033007,256.5099873679749,1,0.04627802499999234
2028,1,8.0,d_optimal,8123.105625617661,1-2-2-1-1-2-2-2-1,7.274055686119374e-06,0.05429744000048231,577,127.67281625862145,98.28352186111155,223.13298264855217,0,0.04597423799987155
2028,2,2.0,shortest,8000.0,1-1-1-1-1-1-1-1-1,5.362828880169724e-06,0.05429744000048231,577,97.23921092903095,78.62425772451408,160.95060760263237,0,0.0501212619992657
2028,2,2.0,separable,8123.105625617661,1-2-2-2-2-2-1-2-1,6.405520437762976e-06,0.05429744000048231,577,129.60798842581605,65.66634380918343,204.95237998870817,0,0.049615979999543924
2028,2,2.0,d_optimal,8123.105625617661,1-2-2-1-1-2-2-2-1,7.274055686119374e-06,0.05429744000048231,577,99.9285078805313,57.880523823688264,159.06208135428935,0,0.04802799499975663
2028,2,8.0,shortest,8000.0,1-1-1-1-1-1-1-1-1,5.362828880169724e-06,0.05429744000048231,577,131.94663401032636,83.81118632887518,224.12946354919822,0,0.04504628799986676
2028,2,8.0,separable,8123.105625617661,1-2-2-2-2-2-1-2-1,6.405520437762976e-06,0.05429744000048231,577,159.64153494119358,97.34806854344455,260.7669452713258,1,0.04535681600009411
2028,2,8.0,d_optimal,8123.105625617661,1-2-2-1-1-2-2-2-1,7.274055686119374e-06,0.05429744000048231,577,131.69303238550103,81.96036771664046,217.97557066762337,0,0.045617328999469464
2028,3,2.0,shortest,8000.0,1-1-1-1-1-1-1-1-1,5.362828880169724e-06,0.05429744000048231,577,85.26535633058633,63.00847771621204,141.52556342693057,0,0.04869624300044961
2028,3,2.0,separable,8123.105625617661,1-2-2-2-2-2-1-2-1,6.405520437762976e-06,0.05429744000048231,577,114.59730102575753,63.145209796320955,180.24691342960844,0,0.04939522800032137
2028,3,2.0,d_optimal,8123.105625617661,1-2-2-1-1-2-2-2-1,7.274055686119374e-06,0.05429744000048231,577,93.46912846054063,48.84299674289557,152.65867365185414,0,0.05006415600018954
2028,3,8.0,shortest,8000.0,1-1-1-1-1-1-1-1-1,5.362828880169724e-06,0.05429744000048231,577,119.070984596763,106.16744640152221,201.37721312339067,0,0.0494454540003062
2028,3,8.0,separable,8123.105625617661,1-2-2-2-2-2-1-2-1,6.405520437762976e-06,0.05429744000048231,577,138.79956113288173,96.23455470425641,222.65759842204758,1,0.04945422599939775
2028,3,8.0,d_optimal,8123.105625617661,1-2-2-1-1-2-2-2-1,7.274055686119374e-06,0.05429744000048231,577,115.28937427857753,93.47182489807857,191.0501770860747,0,0.046386689000428305
2028,4,2.0,shortest,8000.0,1-1-1-1-1-1-1-1-1,5.362828880169724e-06,0.05429744000048231,577,77.7295960118388,82.9579014990769,119.5570341523598,0,0.05010178300017287
2028,4,2.0,separable,8123.105625617661,1-2-2-2-2-2-1-2-1,6.405520437762976e-06,0.05429744000048231,577,92.6151591992301,87.84048725819432,150.84253877617553,0,0.04920096400019247
2028,4,2.0,d_optimal,8123.105625617661,1-2-2-1-1-2-2-2-1,7.274055686119374e-06,0.05429744000048231,577,74.26872366406216,77.45416662698162,111.38234258918605,0,0.05210818900013692
2028,4,8.0,shortest,8000.0,1-1-1-1-1-1-1-1-1,5.362828880169724e-06,0.05429744000048231,577,82.35268095701456,71.55648227527081,125.00258167725316,0,0.047327268999652006
2028,4,8.0,separable,8123.105625617661,1-2-2-2-2-2-1-2-1,6.405520437762976e-06,0.05429744000048231,577,98.17034022144288,67.94456681932023,155.56341869225164,0,0.04774493700006133
2028,4,8.0,d_optimal,8123.105625617661,1-2-2-1-1-2-2-2-1,7.274055686119374e-06,0.05429744000048231,577,73.6804487029494,56.841861173979986,109.9553712499766,0,0.04857705299946247
2028,5,2.0,shortest,8000.0,1-1-1-1-1-1-1-1-1,5.362828880169724e-06,0.05429744000048231,577,85.46398033389224,50.58309985466486,154.97002818897624,0,0.050937543000145524
2028,5,2.0,separable,8123.105625617661,1-2-2-2-2-2-1-2-1,6.405520437762976e-06,0.05429744000048231,577,107.64192707264137,42.85893185105982,191.9948932194533,0,0.049085460000242165
2028,5,2.0,d_optimal,8123.105625617661,1-2-2-1-1-2-2-2-1,7.274055686119374e-06,0.05429744000048231,577,86.50505772855942,40.12683945751239,156.90083233339095,0,0.049599338000007265
2028,5,8.0,shortest,8000.0,1-1-1-1-1-1-1-1-1,5.362828880169724e-06,0.05429744000048231,577,112.69749665976902,117.38804377734222,220.45494007743852,0,0.04682472200056509
2028,5,8.0,separable,8123.105625617661,1-2-2-2-2-2-1-2-1,6.405520437762976e-06,0.05429744000048231,577,138.1622368766838,114.20092358375273,252.1895788621456,1,0.045722109000053024
2028,5,8.0,d_optimal,8123.105625617661,1-2-2-1-1-2-2-2-1,7.274055686119374e-06,0.05429744000048231,577,116.21354639043713,125.09396153101497,217.54570600347424,1,0.04542158599997492
2028,6,2.0,shortest,8000.0,1-1-1-1-1-1-1-1-1,5.362828880169724e-06,0.05429744000048231,577,93.61027023465444,90.13637850175088,148.4513089318547,0,0.04931738100003713
2028,6,2.0,separable,8123.105625617661,1-2-2-2-2-2-1-2-1,6.405520437762976e-06,0.05429744000048231,577,127.62066496848254,53.33516612904291,191.71489692836363,0,0.051426090999484586
2028,6,2.0,d_optimal,8123.105625617661,1-2-2-1-1-2-2-2-1,7.274055686119374e-06,0.05429744000048231,577,102.77133892174099,75.8159825352324,173.243205044776,0,0.054891816999770526
2028,6,8.0,shortest,8000.0,1-1-1-1-1-1-1-1-1,5.362828880169724e-06,0.05429744000048231,577,110.33329140696965,80.07477155401281,176.14451960244367,0,0.04591001300013886
2028,6,8.0,separable,8123.105625617661,1-2-2-2-2-2-1-2-1,6.405520437762976e-06,0.05429744000048231,577,129.53659102333143,81.26844165224254,194.6745731784439,0,0.04841400900022563
2028,6,8.0,d_optimal,8123.105625617661,1-2-2-1-1-2-2-2-1,7.274055686119374e-06,0.05429744000048231,577,117.77211105450114,78.84362733655432,185.21122142841074,0,0.04789264200007892
2028,7,2.0,shortest,8000.0,1-1-1-1-1-1-1-1-1,5.362828880169724e-06,0.05429744000048231,577,111.87088795577695,90.97047987164062,196.25667720300746,0,0.05408976800026721
2028,7,2.0,separable,8123.105625617661,1-2-2-2-2-2-1-2-1,6.405520437762976e-06,0.05429744000048231,577,134.64006696046326,48.19623198546352,221.70663616641167,0,0.05035111000051984
2028,7,2.0,d_optimal,8123.105625617661,1-2-2-1-1-2-2-2-1,7.274055686119374e-06,0.05429744000048231,577,109.58631222044379,76.62363417047042,182.10340127159085,0,0.051055742999778886
2028,7,8.0,shortest,8000.0,1-1-1-1-1-1-1-1-1,5.362828880169724e-06,0.05429744000048231,577,111.94616090079862,81.58907169251147,177.29256830442884,0,0.053847192000830546
2028,7,8.0,separable,8123.105625617661,1-2-2-2-2-2-1-2-1,6.405520437762976e-06,0.05429744000048231,577,128.68580636336006,12.976592318414088,210.22880152770932,0,0.05875912899955438
2028,7,8.0,d_optimal,8123.105625617661,1-2-2-1-1-2-2-2-1,7.274055686119374e-06,0.05429744000048231,577,109.96570773362956,56.56173266374984,179.03627879134146,0,0.055214204000549216
2028,8,2.0,shortest,8000.0,1-1-1-1-1-1-1-1-1,5.362828880169724e-06,0.05429744000048231,577,75.9717421548956,66.52750242405874,116.499817002822,0,0.053699318999861134
2028,8,2.0,separable,8123.105625617661,1-2-2-2-2-2-1-2-1,6.405520437762976e-06,0.05429744000048231,577,106.90413504238815,55.18787729322118,164.9371585004983,0,0.07342195599994739
2028,8,2.0,d_optimal,8123.105625617661,1-2-2-1-1-2-2-2-1,7.274055686119374e-06,0.05429744000048231,577,84.40957096580387,61.88002473579425,146.59832875853405,0,0.05537382400052593
2028,8,8.0,shortest,8000.0,1-1-1-1-1-1-1-1-1,5.362828880169724e-06,0.05429744000048231,577,95.85850939243085,80.34411130248287,138.16865161924642,0,0.046562255999560875
2028,8,8.0,separable,8123.105625617661,1-2-2-2-2-2-1-2-1,6.405520437762976e-06,0.05429744000048231,577,122.13400596894522,73.18891806260282,178.8348761578943,0,0.05634244500015484
2028,8,8.0,d_optimal,8123.105625617661,1-2-2-1-1-2-2-2-1,7.274055686119374e-06,0.05429744000048231,577,86.87982210362642,63.34926472205003,144.31562691180065,0,0.049752056999750494
2028,9,2.0,shortest,8000.0,1-1-1-1-1-1-1-1-1,5.362828880169724e-06,0.05429744000048231,577,89.8625112864819,33.463560344091306,155.66098499957056,0,0.052362774000357604
2028,9,2.0,separable,8123.105625617661,1-2-2-2-2-2-1-2-1,6.405520437762976e-06,0.05429744000048231,577,117.27995629999882,34.616204875923515,187.08892394652753,0,0.05287663900071493
2028,9,2.0,d_optimal,8123.105625617661,1-2-2-1-1-2-2-2-1,7.274055686119374e-06,0.05429744000048231,577,91.38838903336136,35.87220600843053,152.38601050462478,0,0.05252186300003814
2028,9,8.0,shortest,8000.0,1-1-1-1-1-1-1-1-1,5.362828880169724e-06,0.05429744000048231,577,106.85976356336008,83.99421738139851,184.42325683990543,0,0.048083591000249726
2028,9,8.0,separable,8123.105625617661,1-2-2-2-2-2-1-2-1,6.405520437762976e-06,0.05429744000048231,577,125.99989309773845,53.4761753485256,207.87842499741438,0,0.055905375000293134
2028,9,8.0,d_optimal,8123.105625617661,1-2-2-1-1-2-2-2-1,7.274055686119374e-06,0.05429744000048231,577,102.7997628405193,63.11103719880628,168.39628203656272,0,0.049433496999881754
2029,0,2.0,shortest,8000.0,1-1-1-1-1-1-1-1-1,8.127799017667415e-07,0.056798302000061085,577,76.97209679593098,97.45161586452764,119.63449363323335,0,0.04814610500034178
2029,0,2.0,separable,8184.658438426492,1-1-0-1-0-1-0-1-1,2.2005230071176686e-06,0.056798302000061085,577,72.55815702958364,61.60822992616843,121.84912781536873,0,0.049173983999935444
2029,0,2.0,d_optimal,8184.658438426492,1-1-0-1-0-1-0-1-1,2.2005230071176686e-06,0.056798302000061085,577,72.55815702958364,61.60822992616843,121.84912781536873,0,0.04873646499981987
2029,0,8.0,shortest,8000.0,1-1-1-1-1-1-1-1-1,8.127799017667415e-07,0.056798302000061085,577,114.90551670678269,153.16669485062513,159.72682631940478,0,0.047000948000459175
2029,0,8.0,separable,8184.658438426492,1-1-0-1-0-1-0-1-1,2.2005230071176686e-06,0.056798302000061085,577,113.89274503277022,156.73819557896232,153.9450148109634,0,0.0459184159999495
2029,0,8.0,d_optimal,8184.658438426492,1-1-0-1-0-1-0-1-1,2.2005230071176686e-06,0.056798302000061085,577,113.89274503277022,156.73819557896232,153.9450148109634,0,0.044691444999443775
2029,1,2.0,shortest,8000.0,1-1-1-1-1-1-1-1-1,8.127799017667415e-07,0.056798302000061085,577,100.30400230028935,136.85800330419764,145.54354400615298,0,0.04942629500055773
2029,1,2.0,separable,8184.658438426492,1-1-0-1-0-1-0-1-1,2.2005230071176686e-06,0.056798302000061085,577,81.4277144681904,106.23144743875928,123.93152481787477,0,0.04997924899998907
2029,1,2.0,d_optimal,8184.658438426492,1-1-0-1-0-1-0-1-1,2.2005230071176686e-06,0.056798302000061085,577,81.4277144681904,106.23144743875928,123.93152481787477,0,0.048711868000282266
2029,1,8.0,shortest,8000.0,1-1-1-1-1-1-1-1-1,8.127799017667415e-07,0.056798302000061085,577,164.07249540056722,226.1239154868913,233.94048522284479,0,0.048154457999771694
2029,1,8.0,separable,8184.658438426492,1-1-0-1-0-1-0-1-1,2.2005230071176686e-06,0.056798302000061085,577,119.7483932503568,167.17950810352386,173.98378241634973,0,0.0479631589996643
2029,1,8.0,d_optimal,8184.658438426492,1-1-0-1-0-1-0-1-1,2.2005230071176686e-06,0.056798302000061085,577,119.7483932503568,167.17950810352386,173.98378241634973,0,0.05352231300003041
2029,2,2.0,shortest,8000.0,1-1-1-1-1-1-1-1-1,8.127799017667415e-07,0.056798302000061085,577,99.10667394008323,104.39739950633233,145.33020037066794,0,0.0507945990002554
2029,2,2.0,separable,8184.658438426492,1-1-0-1-0-1-0-1-1,2.2005230071176686e-06,0.056798302000061085,577,85.5705374675192,86.41251965244146,131.22711759710353,0,0.050653807000344386
2029,2,2.0,d_optimal,8184.658438426492,1-1-0-1-0-1-0-1-1,2.2005230071176686e-06,0.056798302000061085,577,85.5705374675192,86.41251965244146,131.22711759710353,0,0.05277517499962414
2029,2,8.0,shortest,8000.0,1-1-1-1-1-1-1-1-1,8.127799017667415e-07,0.056798302000061085,577,152.71464683732333,215.85483108964377,227.3241997126699,0,0.04471226599980582
2029,2,8.0,separable,8184.658438426492,1-1-0-1-0-1-0-1-1,2.2005230071176686e-06,0.056798302000061085,577,140.03856659156253,207.90965349301035,220.2421936746089,0,0.07170089600003848
2029,2,8.0,d_optimal,8184.658438426492,1-1-0-1-0-1-0-1-1,2.2005230071176686e-06,0.056798302000061085,577,140.03856659156253,207.90965349301035,220.2421936746089,0,0.05193164800039085
2029,3,2.0,shortest,8000.0,1-1-1-1-1-1-1-1-1,8.127799017667415e-07,0.056798302000061085,577,105.03092741796702,62.29087560167517,167.84382979965378,0,0.046815417999823694
2029,3,2.0,separable,8184.658438426492,1-1-0-1-0-1-0-1-1,2.2005230071176686e-06,0.056798302000061085,577,83.73393523258324,18.93587787533073,151.69019268344186,0,0.05039764999946783
2029,3,2.0,d_optimal,8184.658438426492,1-1-0-1-0-1-0-1-1,2.2005230071176686e-06,0.056798302000061085,577,83.73393523258324,18.93587787533073,151.69019268344186,0,0.04666853600065224
2029,3,8.0,shortest,8000.0,1-1-1-1-1-1-1-1-1,8.127799017667415e-07,0.056798302000061085,577,138.9320335576716,137.120310105827,200.3019428050822,0,0.044245021999813616
2029,3,8.0,separable,8184.658438426492,1-1-0-1-0-1-0-1-1,2.2005230071176686e-06,0.056798302000061085,577,117.24622301593048,134.72021167178838,166.69291764280547,0,0.043240306000370765
2029,3,8.0,d_optimal,8184.658438426492,1-1-0-1-0-1-0-1-1,2.2005230071176686e-06,0.056798302000061085,577,117.24622301593048,134.72021167178838,166.69291764280547,0,0.04369125700031873
2029,4,2.0,shortest,8000.0,1-1-1-1-1-1-1-1-1,8.127799017667415e-07,0.056798302000061085,577,105.24388399796796,153.5819977637312,178.01965458258732,0,0.04625153799952386
2029,4,2.0,separable,8184.658438426492,1-1-0-1-0-1-0-1-1,2.2005230071176686e-06,0.056798302000061085,577,88.25975976695426,99.22811191876993,131.79566683948104,0,0.04840233100003388
2029,4,2.0,d_optimal,8184.658438426492,1-1-0-1-0-1-0-1-1,2.2005230071176686e-06,0.056798302000061085,577,88.25975976695426,99.22811191876993,131.79566683948104,0,0.0503513000003295
2029,4,8.0,shortest,8000.0,1-1-1-1-1-1-1-1-1,8.127799017667415e-07,0.056798302000061085,577,139.96188669901343,231.46912698371457,235.77671560487016,0,0.04743311000038375
2029,4,8.0,separable,8184.658438426492,1-1-0-1-0-1-0-1-1,2.2005230071176686e-06,0.056798302000061085,577,131.44921567080272,200.42829892414318,211.02809682839245,0,0.04731345000072906
2029,4,8.0,d_optimal,8184.658438426492,1-1-0-1-0-1-0-1-1,2.2005230071176686e-06,0.056798302000061085,577,131.44921567080272,200.42829892414318,211.02809682839245,0,0.04490729999997711
2029,5,2.0,shortest,8000.0,1-1-1-1-1-1-1-1-1,8.127799017667415e-07,0.056798302000061085,577,85.6001677903077,173.6482956250578,134.39655542635546,0,0.0477358659991296
2029,5,2.0,separable,8184.658438426492,1-1-0-1-0-1-0-1-1,2.2005230071176686e-06,0.056798302000061085,577,79.45042136645851,148.07141043320655,130.73209819893216,0,0.05531934200007527
2029,5,2.0,d_optimal,8184.658438426492,1-1-0-1-0-1-0-1-1,2.2005230071176686e-06,0.056798302000061085,577,79.45042136645851,148.07141043320655,130.73209819893216,0,0.04916751499968086
2029,5,8.0,shortest,8000.0,1-1-1-1-1-1-1-1-1,8.127799017667415e-07,0.056798302000061085,577,118.7282728186812,226.35809152927425,181.10272731126486,0,0.043538155999158334
2029,5,8.0,separable,8184.658438426492,1-1-0-1-0-1-0-1-1,2.2005230071176686e-06,0.056798302000061085,577,110.46842894671958,218.80605727232754,168.91845020653707,0,0.043616173999907915
2029,5,8.0,d_optimal,8184.658438426492,1-1-0-1-0-1-0-1-1,2.2005230071176686e-06,0.056798302000061085,577,110.46842894671958,218.80605727232754,168.91845020653707,0,0.0442750669999441
2029,6,2.0,shortest,8000.0,1-1-1-1-1-1-1-1-1,8.127799017667415e-07,0.056798302000061085,577,92.48841714736129,167.205898546512,147.3730839009322,0,0.04553971499990439
2029,6,2.0,separable,8184.658438426492,1-1-0-1-0-1-0-1-1,2.2005230071176686e-06,0.056798302000061085,577,81.38844402448147,129.54543432926806,128.92960440057203,0,0.045940639000036754
2029,6,2.0,d_optimal,8184.658438426492,1-1-0-1-0-1-0-1-1,2.2005230071176686e-06,0.056798302000061085,577,81.38844402448147,129.54543432926806,128.92960440057203,0,0.04585920600038662
2029,6,8.0,shortest,8000.0,1-1-1-1-1-1-1-1-1,8.127799017667415e-07,0.056798302000061085,577,152.3823246857118,272.58440499381874,250.00215701846042,1,0.04300531199987745
2029,6,8.0,separable,8184.658438426492,1-1-0-1-0-1-0-1-1,2.2005230071176686e-06,0.056798302000061085,577,146.08404267294662,278.51668360394063,254.23300346553003,1,0.04498927399981767
2029,6,8.0,d_optimal,8184.658438426492,1-1-0-1-0-1-0-1-1,2.2005230071176686e-06,0.056798302000061085,577,146.08404267294662,278.51668360394063,254.23300346553003,1,0.04351671299991722
2029,7,2.0,shortest,8000.0,1-1-1-1-1-1-1-1-1,8.127799017667415e-07,0.056798302000061085,577,108.4640694047815,184.7916897778844,178.20621607532797,0,0.045333222999943246
2029,7,2.0,separable,8184.658438426492,1-1-0-1-0-1-0-1-1,2.2005230071176686e-06,0.056798302000061085,577,101.01452253479742,159.76843556042678,151.73684131813553,0,0.04664134599988756
2029,7,2.0,d_optimal,8184.658438426492,1-1-0-1-0-1-0-1-1,2.2005230071176686e-06,0.056798302000061085,577,101.01452253479742,159.76843556042678,151.73684131813553,0,0.046381393000046955
2029,7,8.0,shortest,8000.0,1-1-1-1-1-1-1-1-1,8.127799017667415e-07,0.056798302000061085,577,158.82039547764657,273.9569168061908,263.1152723490866,1,0.043997450999995635
2029,7,8.0,separable,8184.658438426492,1-1-0-1-0-1-0-1-1,2.2005230071176686e-06,0.056798302000061085,577,143.8945849406789,243.25882076503925,232.2632800180008,0,0.04610194799988676
2029,7,8.0,d_optimal,8184.658438426492,1-1-0-1-0-1-0-1-1,2.2005230071176686e-06,0.056798302000061085,577,143.8945849406789,243.25882076503925,232.2632800180008,0,0.045877099999415805
2029,8,2.0,shortest,8000.0,1-1-1-1-1-1-1-1-1,8.127799017667415e-07,0.056798302000061085,577,98.79180342747688,199.02385954842293,163.13378024342154,0,0.04744053800004622
2029,8,2.0,separable,8184.658438426492,1-1-0-1-0-1-0-1-1,2.2005230071176686e-06,0.056798302000061085,577,79.07345030563086,140.294541335985,140.294541335985,0,0.046426447999692755
2029,8,2.0,d_optimal,8184.658438426492,1-1-0-1-0-1-0-1-1,2.2005230071176686e-06,0.056798302000061085,577,79.07345030563086,140.294541335985,140.294541335985,0,0.046207567999772436
2029,8,8.0,shortest,8000.0,1-1-1-1-1-1-1-1-1,8.127799017667415e-07,0.056798302000061085,577,135.75917091086941,226.31591628611557,203.64604878445064,0,0.04414919299961184
2029,8,8.0,separable,8184.658438426492,1-1-0-1-0-1-0-1-1,2.2005230071176686e-06,0.056798302000061085,577,111.67191188922554,180.58373049209092,167.72792296951573,0,0.04351355499966303
2029,8,8.0,d_optimal,8184.658438426492,1-1-0-1-0-1-0-1-1,2.2005230071176686e-06,0.056798302000061085,577,111.67191188922554,180.58373049209092,167.72792296951573,0,0.04945673899965186
2029,9,2.0,shortest,8000.0,1-1-1-1-1-1-1-1-1,8.127799017667415e-07,0.056798302000061085,577,102.38878912916431,145.0753936773539,145.93009105834636,0,0.04829249200065533
2029,9,2.0,separable,8184.658438426492,1-1-0-1-0-1-0-1-1,2.2005230071176686e-06,0.056798302000061085,577,88.80229790931867,123.7438921932955,138.5780005727453,0,0.04601992500010965
2029,9,2.0,d_optimal,8184.658438426492,1-1-0-1-0-1-0-1-1,2.2005230071176686e-06,0.056798302000061085,577,88.80229790931867,123.7438921932955,138.5780005727453,0,0.04609214400079509
2029,9,8.0,shortest,8000.0,1-1-1-1-1-1-1-1-1,8.127799017667415e-07,0.056798302000061085,577,158.57510380818496,214.1650221873847,236.14232413883832,0,0.044240381000236084
2029,9,8.0,separable,8184.658438426492,1-1-0-1-0-1-0-1-1,2.2005230071176686e-06,0.056798302000061085,577,139.65525504813,189.0403972102113,192.34893322172803,0,0.044247343000279216
2029,9,8.0,d_optimal,8184.658438426492,1-1-0-1-0-1-0-1-1,2.2005230071176686e-06,0.056798302000061085,577,139.65525504813,189.0403972102113,192.34893322172803,0,0.04401490100008232
