map_seed,repeat,noise_nt,method,length_m,route,det,planning_s,candidates,rmse_m,final_error_m,p95_error_m,failure,runtime_s
2000,0,2.0,shortest,8000.0,1-1-1-1-1-1-1-1-1,1.4685720924397761e-06,0.04976445400001239,577,92.15528674694535,131.16398947699182,150.95988015756845,0,0.04198223800000278
2000,0,2.0,separable,8184.658438426492,1-1-1-0-1-2-1-2-1,1.676601486215871e-06,0.04976445400001239,577,97.95216968157516,150.95746026898803,155.47223425525067,0,0.043576021000035325
2000,0,2.0,d_optimal,8184.658438426492,1-1-2-1-0-1-0-0-1,1.8049321212356764e-06,0.04976445400001239,577,84.12934289427575,88.04051169516528,126.61060584736238,0,0.04349020099999734
2000,0,8.0,shortest,8000.0,1-1-1-1-1-1-1-1-1,1.4685720924397761e-06,0.04976445400001239,577,98.12774599203458,182.62707799972523,183.93248724988055,0,0.039270674000022154
2000,0,8.0,separable,8184.658438426492,1-1-1-0-1-2-1-2-1,1.676601486215871e-06,0.04976445400001239,577,99.29978569722344,163.4756049973112,196.924057028266,0,0.03925363999996989
2000,0,8.0,d_optimal,8184.658438426492,1-1-2-1-0-1-0-0-1,1.8049321212356764e-06,0.04976445400001239,577,95.182908590466,153.7806768277649,176.96093252106047,0,0.03956050499999719
2000,1,2.0,shortest,8000.0,1-1-1-1-1-1-1-1-1,1.4685720924397761e-06,0.04976445400001239,577,77.93097925098378,135.95360338704876,154.3754296751102,0,0.040362702999971134
2000,1,2.0,separable,8184.658438426492,1-1-1-0-1-2-1-2-1,1.676601486215871e-06,0.04976445400001239,577,90.36093568312738,167.18848638992472,171.96354458646655,0,0.041238002999989476
2000,1,2.0,d_optimal,8184.658438426492,1-1-2-1-0-1-0-0-1,1.8049321212356764e-06,0.04976445400001239,577,58.622809111570334,72.74696231643462,96.62891748310193,0,0.04343691700000818
2000,1,8.0,shortest,8000.0,1-1-1-1-1-1-1-1-1,1.4685720924397761e-06,0.04976445400001239,577,66.9131671857274,124.44765654496234,129.4500418231553,0,0.04033857600001056
2000,1,8.0,separable,8184.658438426492,1-1-1-0-1-2-1-2-1,1.676601486215871e-06,0.04976445400001239,577,80.40976837826203,122.13145781749344,136.52467204675435,0,0.04087935600000492
2000,1,8.0,d_optimal,8184.658438426492,1-1-2-1-0-1-0-0-1,1.8049321212356764e-06,0.04976445400001239,577,65.1794170141813,95.70255526634035,124.37397669041621,0,0.04396865199998956
2000,2,2.0,shortest,8000.0,1-1-1-1-1-1-1-1-1,1.4685720924397761e-06,0.04976445400001239,577,64.96978306835291,90.46743174711835,97.25388191922255,0,0.04841440999996394
2000,2,2.0,separable,8184.658438426492,1-1-1-0-1-2-1-2-1,1.676601486215871e-06,0.04976445400001239,577,69.49720846660867,57.57919029631691,100.74290664220958,0,0.047687634999988404
2000,2,2.0,d_optimal,8184.658438426492,1-1-2-1-0-1-0-0-1,1.8049321212356764e-06,0.04976445400001239,577,82.85018069333049,83.7465863597087,139.74506354764245,0,0.04235765200002106
2000,2,8.0,shortest,8000.0,1-1-1-1-1-1-1-1-1,1.4685720924397761e-06,0.04976445400001239,577,103.84673103004636,232.32889823188032,196.9815277629648,0,0.044167850000008
2000,2,8.0,separable,8184.658438426492,1-1-1-0-1-2-1-2-1,1.676601486215871e-06,0.04976445400001239,577,89.71366549943889,166.65943412742726,148.60160299130266,0,0.04374014500001522
2000,2,8.0,d_optimal,8184.658438426492,1-1-2-1-0-1-0-0-1,1.8049321212356764e-06,0.04976445400001239,577,113.32001695139496,269.1394793706069,227.7417419793056,1,0.045854842999972334
2000,3,2.0,shortest,8000.0,1-1-1-1-1-1-1-1-1,1.4685720924397761e-06,0.04976445400001239,577,94.94626951187594,145.38109105481806,164.57090007456404,0,0.0439800739999896
2000,3,2.0,separable,8184.658438426492,1-1-1-0-1-2-1-2-1,1.676601486215871e-06,0.04976445400001239,577,93.91785827151512,143.67091676337333,146.0855141122686,0,0.04153895100000682
2000,3,2.0,d_optimal,8184.658438426492,1-1-2-1-0-1-0-0-1,1.8049321212356764e-06,0.04976445400001239,577,79.22185902117059,100.34488880558929,124.17760191831296,0,0.04215046499996333
2000,3,8.0,shortest,8000.0,1-1-1-1-1-1-1-1-1,1.4685720924397761e-06,0.04976445400001239,577,125.79657525629283,196.45340112184172,195.55064068528625,0,0.04173588800000516
2000,3,8.0,separable,8184.658438426492,1-1-1-0-1-2-1-2-1,1.676601486215871e-06,0.04976445400001239,577,125.6486659038812,171.79137637780047,189.6366831446956,0,0.04030611499996439
2000,3,8.0,d_optimal,8184.658438426492,1-1-2-1-0-1-0-0-1,1.8049321212356764e-06,0.04976445400001239,577,130.88400491168645,189.3650220263903,189.31959022205868,0,0.03938923800001248
2000,4,2.0,shortest,8000.0,1-1-1-1-1-1-1-1-1,1.4685720924397761e-06,0.04976445400001239,577,85.64063094105047,106.22384352632088,129.74648455683138,0,0.04276877699999204
2000,4,2.0,separable,8184.658438426492,1-1-1-0-1-2-1-2-1,1.676601486215871e-06,0.04976445400001239,577,93.24862302078039,129.24167279323575,137.03164204729964,0,0.043073720999984744
2000,4,2.0,d_optimal,8184.658438426492,1-1-2-1-0-1-0-0-1,1.8049321212356764e-06,0.04976445400001239,577,83.00559154141179,70.36306698711387,124.76495538236672,0,0.045183033000000705
2000,4,8.0,shortest,8000.0,1-1-1-1-1-1-1-1-1,1.4685720924397761e-06,0.04976445400001239,577,137.30624291257266,235.21755289629343,215.5109638342697,0,0.048970508999957474
2000,4,8.0,separable,8184.658438426492,1-1-1-0-1-2-1-2-1,1.676601486215871e-06,0.04976445400001239,577,116.0552077684267,166.1041105074784,180.9609012384798,0,0.05376072199999271
2000,4,8.0,d_optimal,8184.658438426492,1-1-2-1-0-1-0-0-1,1.8049321212356764e-06,0.04976445400001239,577,132.86303299449787,244.6399888690927,227.9759579181984,0,0.05645202400000926
2000,5,2.0,shortest,8000.0,1-1-1-1-1-1-1-1-1,1.4685720924397761e-06,0.04976445400001239,577,47.88341537902309,75.16066186339943,73.22197839859214,0,0.05765083500000401
2000,5,2.0,separable,8184.658438426492,1-1-1-0-1-2-1-2-1,1.676601486215871e-06,0.04976445400001239,577,56.85763981956032,65.7559350189956,95.84141674459917,0,0.061269119999963095
2000,5,2.0,d_optimal,8184.658438426492,1-1-2-1-0-1-0-0-1,1.8049321212356764e-06,0.04976445400001239,577,49.38346293337364,47.89922490129828,75.01750557836019,0,0.05134801900004504
2000,5,8.0,shortest,8000.0,1-1-1-1-1-1-1-1-1,1.4685720924397761e-06,0.04976445400001239,577,128.84040492667629,210.32017339109453,205.37031910399173,0,0.0477180350000026
2000,5,8.0,separable,8184.658438426492,1-1-1-0-1-2-1-2-1,1.676601486215871e-06,0.04976445400001239,577,121.33584508951823,155.52037991297638,198.246454407452,0,0.047092875999965145
2000,5,8.0,d_optimal,8184.658438426492,1-1-2-1-0-1-0-0-1,1.8049321212356764e-06,0.04976445400001239,577,125.45439228720136,190.7313696929957,196.34117919253487,0,0.04543801900001654
2000,6,2.0,shortest,8000.0,1-1-1-1-1-1-1-1-1,1.4685720924397761e-06,0.04976445400001239,577,80.71790977713134,143.1302804112815,143.1302804112815,0,0.049781886000005215
2000,6,2.0,separable,8184.658438426492,1-1-1-0-1-2-1-2-1,1.676601486215871e-06,0.04976445400001239,577,88.40071582498875,164.6088730129363,157.4407582949706,0,0.04704315100002532
2000,6,2.0,d_optimal,8184.658438426492,1-1-2-1-0-1-0-0-1,1.8049321212356764e-06,0.04976445400001239,577,72.60123303363982,106.99041710781394,116.64025411563422,0,0.043290307999996
2000,6,8.0,shortest,8000.0,1-1-1-1-1-1-1-1-1,1.4685720924397761e-06,0.04976445400001239,577,124.92126589304716,170.17937377774678,202.19317695747884,0,0.04009140799996658
2000,6,8.0,separable,8184.658438426492,1-1-1-0-1-2-1-2-1,1.676601486215871e-06,0.04976445400001239,577,133.52914285340714,172.8511889442017,213.44556811997853,0,0.04204358900000216
2000,6,8.0,d_optimal,8184.658438426492,1-1-2-1-0-1-0-0-1,1.8049321212356764e-06,0.04976445400001239,577,116.32012217264712,121.61447940590428,203.50063503921314,0,0.04106894099999181
2000,7,2.0,shortest,8000.0,1-1-1-1-1-1-1-1-1,1.4685720924397761e-06,0.04976445400001239,577,91.81872091122224,123.89768092612505,155.6260595739841,0,0.04402167099999588
2000,7,2.0,separable,8184.658438426492,1-1-1-0-1-2-1-2-1,1.676601486215871e-06,0.04976445400001239,577,82.83983242742865,103.97292149793257,155.89576732266408,0,0.042616628000018864
2000,7,2.0,d_optimal,8184.658438426492,1-1-2-1-0-1-0-0-1,1.8049321212356764e-06,0.04976445400001239,577,74.54634060775572,74.42350507843597,145.49991438276453,0,0.04446335500000487
2000,7,8.0,shortest,8000.0,1-1-1-1-1-1-1-1-1,1.4685720924397761e-06,0.04976445400001239,577,137.35914790829244,303.15876723429847,267.3224385437259,1,0.042900248000023566
2000,7,8.0,separable,8184.658438426492,1-1-1-0-1-2-1-2-1,1.676601486215871e-06,0.04976445400001239,577,131.8713794120638,263.79336236204114,231.36113306380275,1,0.044372198000019125
2000,7,8.0,d_optimal,8184.658438426492,1-1-2-1-0-1-0-0-1,1.8049321212356764e-06,0.04976445400001239,577,109.4406510791144,223.40863910810202,179.21214510521787,0,0.044813746999977866
2000,8,2.0,shortest,8000.0,1-1-1-1-1-1-1-1-1,1.4685720924397761e-06,0.04976445400001239,577,77.28523418136213,102.46320223625017,115.58666107528892,0,0.0458532779999814
2000,8,2.0,separable,8184.658438426492,1-1-1-0-1-2-1-2-1,1.676601486215871e-06,0.04976445400001239,577,82.22094011623334,114.76535971136518,110.60668398935891,0,0.04535343999998531
2000,8,2.0,d_optimal,8184.658438426492,1-1-2-1-0-1-0-0-1,1.8049321212356764e-06,0.04976445400001239,577,64.09062151056641,45.27065856824179,90.447688174582,0,0.045676825999976245
2000,8,8.0,shortest,8000.0,1-1-1-1-1-1-1-1-1,1.4685720924397761e-06,0.04976445400001239,577,113.78270874301424,102.0898725786364,187.15302508515336,0,0.044573090000028515
2000,8,8.0,separable,8184.658438426492,1-1-1-0-1-2-1-2-1,1.676601486215871e-06,0.04976445400001239,577,114.98650115039936,100.7142418856571,194.71991391564796,0,0.04507764700002781
2000,8,8.0,d_optimal,8184.658438426492,1-1-2-1-0-1-0-0-1,1.8049321212356764e-06,0.04976445400001239,577,104.87643729014195,60.85094528445122,179.4650449207377,0,0.04398252800001501
2000,9,2.0,shortest,8000.0,1-1-1-1-1-1-1-1-1,1.4685720924397761e-06,0.04976445400001239,577,73.40587648678833,109.53554229586089,111.02698564314173,0,0.04563444000001482
2000,9,2.0,separable,8184.658438426492,1-1-1-0-1-2-1-2-1,1.676601486215871e-06,0.04976445400001239,577,73.61472589444395,102.49987396680291,104.32922015438847,0,0.047097866999990856
2000,9,2.0,d_optimal,8184.658438426492,1-1-2-1-0-1-0-0-1,1.8049321212356764e-06,0.04976445400001239,577,57.694274871971935,53.049307261345966,94.24691150757081,0,0.04514745800003084
2000,9,8.0,shortest,8000.0,1-1-1-1-1-1-1-1-1,1.4685720924397761e-06,0.04976445400001239,577,123.07864770286854,167.68620901677028,187.7617592699363,0,0.04439098500000682
2000,9,8.0,separable,8184.658438426492,1-1-1-0-1-2-1-2-1,1.676601486215871e-06,0.04976445400001239,577,105.43259007803228,132.07593845335114,188.82607178197557,0,0.04949596800003064
2000,9,8.0,d_optimal,8184.658438426492,1-1-2-1-0-1-0-0-1,1.8049321212356764e-06,0.04976445400001239,577,115.65284909780296,136.91248170902767,185.74887722285715,0,0.051618609000001925
2001,0,2.0,shortest,8000.0,1-1-1-1-1-1-1-1-1,1.8249226530732391e-06,0.04278996800002233,577,145.60564670298402,77.28418082252071,240.39990549763334,1,0.052053747000002204
2001,0,2.0,separable,8123.105625617661,1-0-1-1-2-2-2-2-1,3.55391874916284e-06,0.04278996800002233,577,125.51359927586866,42.03218136923661,221.84088434302194,0,0.05105349100000467
2001,0,2.0,d_optimal,8123.105625617661,1-0-1-2-2-2-2-2-1,3.5838940079566954e-06,0.04278996800002233,577,123.26753084555247,52.06594716460056,193.9906221799285,0,0.051381048999985524
2001,0,8.0,shortest,8000.0,1-1-1-1-1-1-1-1-1,1.8249226530732391e-06,0.04278996800002233,577,146.66802246554258,83.55619865262798,220.69859192148007,0,0.0457347729999924
2001,0,8.0,separable,8123.105625617661,1-0-1-1-2-2-2-2-1,3.55391874916284e-06,0.04278996800002233,577,125.71925945227325,56.99019724772868,192.49674214616576,0,0.04547810299999355
2001,0,8.0,d_optimal,8123.105625617661,1-0-1-2-2-2-2-2-1,3.5838940079566954e-06,0.04278996800002233,577,122.78665920364146,95.1944977429959,175.5861915931668,0,0.04518289999998615
2001,1,2.0,shortest,8000.0,1-1-1-1-1-1-1-1-1,1.8249226530732391e-06,0.04278996800002233,577,121.98695406381893,106.36427314866376,174.19797695941332,0,0.0478503109999906
2001,1,2.0,separable,8123.105625617661,1-0-1-1-2-2-2-2-1,3.55391874916284e-06,0.04278996800002233,577,105.89391546621123,58.95683616179161,175.49636903324793,0,0.04703384399999777
2001,1,2.0,d_optimal,8123.105625617661,1-0-1-2-2-2-2-2-1,3.5838940079566954e-06,0.04278996800002233,577,94.63208236092292,64.07896031217179,155.342681551118,0,0.049821724000025824
2001,1,8.0,shortest,8000.0,1-1-1-1-1-1-1-1-1,1.8249226530732391e-06,0.04278996800002233,577,130.33559545850713,168.2498311110055,185.43027683642694,0,0.045704168000042955
2001,1,8.0,separable,8123.105625617661,1-0-1-1-2-2-2-2-1,3.55391874916284e-06,0.04278996800002233,577,97.13779366852967,102.91935133040059,168.80310909521012,0,0.05910163900000498
2001,1,8.0,d_optimal,8123.105625617661,1-0-1-2-2-2-2-2-1,3.5838940079566954e-06,0.04278996800002233,577,95.41959665705406,105.88880908935957,149.4911321907987,0,0.053657843999985744
2001,2,2.0,shortest,8000.0,1-1-1-1-1-1-1-1-1,1.8249226530732391e-06,0.04278996800002233,577,129.62225885145068,99.82309756252353,185.02593638593817,0,0.057196603000022606
2001,2,2.0,separable,8123.105625617661,1-0-1-1-2-2-2-2-1,3.55391874916284e-06,0.04278996800002233,577,123.58303621805796,59.01537721124881,196.80744462272114,0,0.05581795000000511
2001,2,2.0,d_optimal,8123.105625617661,1-0-1-2-2-2-2-2-1,3.5838940079566954e-06,0.04278996800002233,577,111.90507767512105,60.28224553182189,176.88747403907433,0,0.05610420499999691
2001,2,8.0,shortest,8000.0,1-1-1-1-1-1-1-1-1,1.8249226530732391e-06,0.04278996800002233,577,146.33479867158093,141.21292932797988,206.79764496561344,0,0.0484310120000373
2001,2,8.0,separable,8123.105625617661,1-0-1-1-2-2-2-2-1,3.55391874916284e-06,0.04278996800002233,577,116.36468077322,76.11330631988751,191.45447807591648,0,0.05134459600003538
2001,2,8.0,d_optimal,8123.105625617661,1-0-1-2-2-2-2-2-1,3.5838940079566954e-06,0.04278996800002233,577,111.80633351306078,69.6220685115449,172.5409045132302,0,0.049017603000038434
2001,3,2.0,shortest,8000.0,1-1-1-1-1-1-1-1-1,1.8249226530732391e-06,0.04278996800002233,577,134.05040048964733,97.58377490325843,227.1752495361655,1,0.05085767200000646
2001,3,2.0,separable,8123.105625617661,1-0-1-1-2-2-2-2-1,3.55391874916284e-06,0.04278996800002233,577,120.35363537513915,50.06658824318715,239.89299689214513,1,0.05075071599998182
2001,3,2.0,d_optimal,8123.105625617661,1-0-1-2-2-2-2-2-1,3.5838940079566954e-06,0.04278996800002233,577,114.71548371201325,55.99079962424973,203.19356459951294,0,0.050920254999994086
2001,3,8.0,shortest,8000.0,1-1-1-1-1-1-1-1-1,1.8249226530732391e-06,0.04278996800002233,577,137.1383016673728,40.71479772181413,216.34663462666245,0,0.04533928199998627
2001,3,8.0,separable,8123.105625617661,1-0-1-1-2-2-2-2-1,3.55391874916284e-06,0.04278996800002233,577,116.0818023242321,33.85569177924726,190.8776497171034,0,0.047250785000017004
2001,3,8.0,d_optimal,8123.105625617661,1-0-1-2-2-2-2-2-1,3.5838940079566954e-06,0.04278996800002233,577,111.73088623272054,31.191176957541185,174.75572915126025,0,0.0466865629999802
2001,4,2.0,shortest,8000.0,1-1-1-1-1-1-1-1-1,1.8249226530732391e-06,0.04278996800002233,577,131.93242975049603,179.96711363761554,180.4329283389902,0,0.0519854769999597
2001,4,2.0,separable,8123.105625617661,1-0-1-1-2-2-2-2-1,3.55391874916284e-06,0.04278996800002233,577,107.71544959779143,139.32733973118016,172.5710362597484,0,0.05162246899999445
2001,4,2.0,d_optimal,8123.105625617661,1-0-1-2-2-2-2-2-1,3.5838940079566954e-06,0.04278996800002233,577,104.12399119529371,154.57665226777362,161.14101945845954,0,0.049162826999975096
2001,4,8.0,shortest,8000.0,1-1-1-1-1-1-1-1-1,1.8249226530732391e-06,0.04278996800002233,577,137.98098114505277,166.10011180422381,209.17525596393128,0,0.04475367299994559
2001,4,8.0,separable,8123.105625617661,1-0-1-1-2-2-2-2-1,3.55391874916284e-06,0.04278996800002233,577,112.05331053342823,105.32958469791711,185.3268209876067,0,0.04662641700002723
2001,4,8.0,d_optimal,8123.105625617661,1-0-1-2-2-2-2-2-1,3.5838940079566954e-06,0.04278996800002233,577,112.58736217118168,110.00168120277716,177.7234700988711,0,0.04594800399996757
2001,5,2.0,shortest,8000.0,1-1-1-1-1-1-1-1-1,1.8249226530732391e-06,0.04278996800002233,577,150.5265840997549,75.08426428034379,258.0169616277381,1,0.048265447999995104
2001,5,2.0,separable,8123.105625617661,1-0-1-1-2-2-2-2-1,3.55391874916284e-06,0.04278996800002233,577,132.85612712840177,32.11349840486189,253.91630094574978,1,0.05152229800000896
2001,5,2.0,d_optimal,8123.105625617661,1-0-1-2-2-2-2-2-1,3.5838940079566954e-06,0.04278996800002233,577,126.69392469800108,28.47998352308151,223.74812770621193,0,0.054066750999993474
2001,5,8.0,shortest,8000.0,1-1-1-1-1-1-1-1-1,1.8249226530732391e-06,0.04278996800002233,577,160.7863722643453,161.6530826930971,230.69739054427927,1,0.04675254500000392
2001,5,8.0,separable,8123.105625617661,1-0-1-1-2-2-2-2-1,3.55391874916284e-06,0.04278996800002233,577,130.40792398227904,108.7380493297593,211.6590738185025,0,0.050539068999967185
2001,5,8.0,d_optimal,8123.105625617661,1-0-1-2-2-2-2-2-1,3.5838940079566954e-06,0.04278996800002233,577,124.42969810471298,108.96029313245903,200.4694154782303,0,0.05236505400000624
2001,6,2.0,shortest,8000.0,1-1-1-1-1-1-1-1-1,1.8249226530732391e-06,0.04278996800002233,577,124.0935574859514,60.211253916388976,179.39428436384685,0,0.05814449499996499
2001,6,2.0,separable,8123.105625617661,1-0-1-1-2-2-2-2-1,3.55391874916284e-06,0.04278996800002233,577,118.56776898883274,32.427948671662094,199.11910165812836,0,0.055388924999988376
2001,6,2.0,d_optimal,8123.105625617661,1-0-1-2-2-2-2-2-1,3.5838940079566954e-06,0.04278996800002233,577,109.11824341417709,29.46893073660688,174.4691671227637,0,0.05492303900001616
2001,6,8.0,shortest,8000.0,1-1-1-1-1-1-1-1-1,1.8249226530732391e-06,0.04278996800002233,577,105.17731570078031,83.242700317573,163.22484874951988,0,0.04585200200000372
2001,6,8.0,separable,8123.105625617661,1-0-1-1-2-2-2-2-1,3.55391874916284e-06,0.04278996800002233,577,92.57835326670238,63.6572605366167,163.12321590403673,0,0.05126904700000523
2001,6,8.0,d_optimal,8123.105625617661,1-0-1-2-2-2-2-2-1,3.5838940079566954e-06,0.04278996800002233,577,84.91121544961277,62.68071379410368,135.8897316934541,0,0.05085642900002085
2001,7,2.0,shortest,8000.0,1-1-1-1-1-1-1-1-1,1.8249226530732391e-06,0.04278996800002233,577,138.31203773234878,66.95462259828832,215.35526003871996,0,0.05433504699999503
2001,7,2.0,separable,8123.105625617661,1-0-1-1-2-2-2-2-1,3.55391874916284e-06,0.04278996800002233,577,118.31534018744175,38.92021934814936,210.89139983497714,0,0.05450497600003246
2001,7,2.0,d_optimal,8123.105625617661,1-0-1-2-2-2-2-2-1,3.5838940079566954e-06,0.04278996800002233,577,113.59198893068255,50.51954294573535,189.9113270163209,0,0.0530177340000364
2001,7,8.0,shortest,8000.0,1-1-1-1-1-1-1-1-1,1.8249226530732391e-06,0.04278996800002233,577,101.44853047526475,65.26059235221952,179.85958786573002,0,0.04844575900000336
2001,7,8.0,separable,8123.105625617661,1-0-1-1-2-2-2-2-1,3.55391874916284e-06,0.04278996800002233,577,82.1423576676009,59.37845330602422,166.85266396769043,0,0.050402118000022256
2001,7,8.0,d_optimal,8123.105625617661,1-0-1-2-2-2-2-2-1,3.5838940079566954e-06,0.04278996800002233,577,76.43820499586926,26.724229856725604,150.27948021339074,0,0.05035483100004967
2001,8,2.0,shortest,8000.0,1-1-1-1-1-1-1-1-1,1.8249226530732391e-06,0.04278996800002233,577,141.63427293983673,108.11970872847097,208.8704558969935,0,0.05183352199998126
2001,8,2.0,separable,8123.105625617661,1-0-1-1-2-2-2-2-1,3.55391874916284e-06,0.04278996800002233,577,122.64988103594958,39.52686839864218,205.70632571817887,0,0.05326959100000295
2001,8,2.0,d_optimal,8123.105625617661,1-0-1-2-2-2-2-2-1,3.5838940079566954e-06,0.04278996800002233,577,114.69977572591053,54.38562409029051,186.24031350728146,0,0.05316592699995226
2001,8,8.0,shortest,8000.0,1-1-1-1-1-1-1-1-1,1.8249226530732391e-06,0.04278996800002233,577,123.4746063602768,91.63155932916935,194.14058597167326,0,0.050363000000004376
2001,8,8.0,separable,8123.105625617661,1-0-1-1-2-2-2-2-1,3.55391874916284e-06,0.04278996800002233,577,102.89189965934881,28.49195253436174,189.75853800843947,0,0.05116962599998942
2001,8,8.0,d_optimal,8123.105625617661,1-0-1-2-2-2-2-2-1,3.5838940079566954e-06,0.04278996800002233,577,98.33146899873435,23.69513224294646,173.99556376569558,0,0.04664763099998481
2001,9,2.0,shortest,8000.0,1-1-1-1-1-1-1-1-1,1.8249226530732391e-06,0.04278996800002233,577,114.90544622401252,128.25242248316326,167.98654448205514,0,0.04999243000003162
2001,9,2.0,separable,8123.105625617661,1-0-1-1-2-2-2-2-1,3.55391874916284e-06,0.04278996800002233,577,100.66100607485113,85.09987982657435,174.29464562534676,0,0.04974931800001059
2001,9,2.0,d_optimal,8123.105625617661,1-0-1-2-2-2-2-2-1,3.5838940079566954e-06,0.04278996800002233,577,91.38417756848831,84.50298106233117,151.45361297484575,0,0.04836417199999232
2001,9,8.0,shortest,8000.0,1-1-1-1-1-1-1-1-1,1.8249226530732391e-06,0.04278996800002233,577,106.24359282679374,157.80212086754042,150.6848477222684,0,0.04665681399995947
2001,9,8.0,separable,8123.105625617661,1-0-1-1-2-2-2-2-1,3.55391874916284e-06,0.04278996800002233,577,79.25293213829931,100.29029603631925,119.98991092383876,0,0.04682536600000731
2001,9,8.0,d_optimal,8123.105625617661,1-0-1-2-2-2-2-2-1,3.5838940079566954e-06,0.04278996800002233,577,85.6219575458102,116.82146397099507,120.36126589355,0,0.04738396200002626
2002,0,2.0,shortest,8000.0,1-1-1-1-1-1-1-1-1,1.319192859035697e-07,0.039314995999973235,577,128.97201013181666,197.73570245635992,236.65545073165012,0,0.043999100999997154
2002,0,2.0,separable,8123.105625617661,1-1-2-2-2-1-2-2-1,1.7715099006831865e-07,0.039314995999973235,577,141.03043200746723,229.0540734333399,262.1825962702259,1,0.04441369599999234
2002,0,2.0,d_optimal,8184.658438426492,1-1-2-2-1-0-1-2-1,1.9880158696194788e-07,0.039314995999973235,577,128.40150946215908,212.26192267916596,238.33790187541902,0,0.0454723660000127
2002,0,8.0,shortest,8000.0,1-1-1-1-1-1-1-1-1,1.319192859035697e-07,0.039314995999973235,577,201.18784311114354,315.9495126152263,315.180045859236,1,0.04594826800001783
2002,0,8.0,separable,8123.105625617661,1-1-2-2-2-1-2-2-1,1.7715099006831865e-07,0.039314995999973235,577,222.4324448431694,356.0675783198829,359.441009117482,1,0.04432517499998312
2002,0,8.0,d_optimal,8184.658438426492,1-1-2-2-1-0-1-2-1,1.9880158696194788e-07,0.039314995999973235,577,168.8631313814317,276.6174281624661,266.5654086805596,1,0.044706002999987504
2002,1,2.0,shortest,8000.0,1-1-1-1-1-1-1-1-1,1.319192859035697e-07,0.039314995999973235,577,111.68072031361768,127.36610574885492,197.84295360491188,0,0.05182662499998969
2002,1,2.0,separable,8123.105625617661,1-1-2-2-2-1-2-2-1,1.7715099006831865e-07,0.039314995999973235,577,126.82427152059812,178.3996015017136,225.08825238300724,0,0.05280856199999562
2002,1,2.0,d_optimal,8184.658438426492,1-1-2-2-1-0-1-2-1,1.9880158696194788e-07,0.039314995999973235,577,113.25282543693574,161.19725491894437,194.53764366507266,0,0.051821718999974564
2002,1,8.0,shortest,8000.0,1-1-1-1-1-1-1-1-1,1.319192859035697e-07,0.039314995999973235,577,143.33846620257168,227.35135496652185,226.95412459658473,0,0.04790159799995308
2002,1,8.0,separable,8123.105625617661,1-1-2-2-2-1-2-2-1,1.7715099006831865e-07,0.039314995999973235,577,172.49339986294268,285.4318132997893,284.20468369039634,1,0.0544849670000076
2002,1,8.0,d_optimal,8184.658438426492,1-1-2-2-1-0-1-2-1,1.9880158696194788e-07,0.039314995999973235,577,137.03239299346455,227.89153512717448,223.4488399658089,0,0.05477711899999349
2002,2,2.0,shortest,8000.0,1-1-1-1-1-1-1-1-1,1.319192859035697e-07,0.039314995999973235,577,118.80517019007577,207.37818100518155,212.33190546685407,0,0.059510509000006095
2002,2,2.0,separable,8123.105625617661,1-1-2-2-2-1-2-2-1,1.7715099006831865e-07,0.039314995999973235,577,143.31273194448895,255.89763395960588,255.89763395960588,1,0.06566466200001742
2002,2,2.0,d_optimal,8184.658438426492,1-1-2-2-1-0-1-2-1,1.9880158696194788e-07,0.039314995999973235,577,120.55704177091089,216.6308650981624,218.46646275270075,0,0.05442008400001441
2002,2,8.0,shortest,8000.0,1-1-1-1-1-1-1-1-1,1.319192859035697e-07,0.039314995999973235,577,178.1533333803242,317.572953491747,282.94014587496736,1,0.05220359800000551
2002,2,8.0,separable,8123.105625617661,1-1-2-2-2-1-2-2-1,1.7715099006831865e-07,0.039314995999973235,577,190.27676280047112,340.90681724844166,305.5828501290249,1,0.05498786799995514
2002,2,8.0,d_optimal,8184.658438426492,1-1-2-2-1-0-1-2-1,1.9880158696194788e-07,0.039314995999973235,577,154.36727566525528,284.90801434785254,248.32473643201925,1,0.051546454000003905
2002,3,2.0,shortest,8000.0,1-1-1-1-1-1-1-1-1,1.319192859035697e-07,0.039314995999973235,577,118.46640034191003,175.08850769638343,206.29182354799536,0,0.059069652000005135
2002,3,2.0,separable,8123.105625617661,1-1-2-2-2-1-2-2-1,1.7715099006831865e-07,0.039314995999973235,577,131.32554856412736,204.48616388749107,225.7552927476579,0,0.0560535480000226
2002,3,2.0,d_optimal,8184.658438426492,1-1-2-2-1-0-1-2-1,1.9880158696194788e-07,0.039314995999973235,577,122.52000109803436,192.8917397946633,209.50464837320052,0,0.05884070000001884
2002,3,8.0,shortest,8000.0,1-1-1-1-1-1-1-1-1,1.319192859035697e-07,0.039314995999973235,577,128.6131790357783,226.43138781644967,229.8558002254482,1,0.05128661200001261
2002,3,8.0,separable,8123.105625617661,1-1-2-2-2-1-2-2-1,1.7715099006831865e-07,0.039314995999973235,577,171.4191703183395,323.58436492235705,327.9730647897103,1,0.05234604199995374
2002,3,8.0,d_optimal,8184.658438426492,1-1-2-2-1-0-1-2-1,1.9880158696194788e-07,0.039314995999973235,577,131.66977690739392,244.78067406354313,248.91670111500488,1,0.051820444999975734
2002,4,2.0,shortest,8000.0,1-1-1-1-1-1-1-1-1,1.319192859035697e-07,0.039314995999973235,577,123.3278804588204,200.45432491630612,216.1004767829508,0,0.0572729710000317
2002,4,2.0,separable,8123.105625617661,1-1-2-2-2-1-2-2-1,1.7715099006831865e-07,0.039314995999973235,577,139.42174560552343,195.14980801033607,249.5447506459613,1,0.053768632000014804
2002,4,2.0,d_optimal,8184.658438426492,1-1-2-2-1-0-1-2-1,1.9880158696194788e-07,0.039314995999973235,577,123.19133944854917,199.60916204265925,218.91643641309275,0,0.05660505800000237
2002,4,8.0,shortest,8000.0,1-1-1-1-1-1-1-1-1,1.319192859035697e-07,0.039314995999973235,577,211.02887135436438,317.51249603281957,319.30161079868935,1,0.04985074699999359
2002,4,8.0,separable,8123.105625617661,1-1-2-2-2-1-2-2-1,1.7715099006831865e-07,0.039314995999973235,577,253.19409999101362,405.0120542021592,406.5986754432376,1,0.05166683599998123
2002,4,8.0,d_optimal,8184.658438426492,1-1-2-2-1-0-1-2-1,1.9880158696194788e-07,0.039314995999973235,577,198.84980660031044,335.61029177337304,326.70256659110726,1,0.0516203469999823
2002,5,2.0,shortest,8000.0,1-1-1-1-1-1-1-1-1,1.319192859035697e-07,0.039314995999973235,577,79.5267587184467,106.37958846639019,139.81254520181733,0,0.05327663099996016
2002,5,2.0,separable,8123.105625617661,1-1-2-2-2-1-2-2-1,1.7715099006831865e-07,0.039314995999973235,577,94.15705018979585,168.82501791483674,168.46972869098238,0,0.05384470600000668
2002,5,2.0,d_optimal,8184.658438426492,1-1-2-2-1-0-1-2-1,1.9880158696194788e-07,0.039314995999973235,577,87.05943671225708,150.3692151787411,156.51062792783472,0,0.052733879000015804
2002,5,8.0,shortest,8000.0,1-1-1-1-1-1-1-1-1,1.319192859035697e-07,0.039314995999973235,577,207.71046213332596,410.41297772458324,367.324965848909,1,0.0490598709999972
2002,5,8.0,separable,8123.105625617661,1-1-2-2-2-1-2-2-1,1.7715099006831865e-07,0.039314995999973235,577,210.26807119973597,425.66386297488145,380.7020741279,1,0.05187268099996345
2002,5,8.0,d_optimal,8184.658438426492,1-1-2-2-1-0-1-2-1,1.9880158696194788e-07,0.039314995999973235,577,194.39217932550966,398.9951772188337,351.59612839069257,1,0.05083603799999992
2002,6,2.0,shortest,8000.0,1-1-1-1-1-1-1-1-1,1.319192859035697e-07,0.039314995999973235,577,115.86497405943871,177.7881939288695,212.68780021660916,0,0.05170558100002154
2002,6,2.0,separable,8123.105625617661,1-1-2-2-2-1-2-2-1,1.7715099006831865e-07,0.039314995999973235,577,134.54632594808658,214.92740889990483,248.5791151694528,1,0.05406755199999225
2002,6,2.0,d_optimal,8184.658438426492,1-1-2-2-1-0-1-2-1,1.9880158696194788e-07,0.039314995999973235,577,118.98624310879643,208.76192955567774,221.76284929781013,0,0.05151804700000184
2002,6,8.0,shortest,8000.0,1-1-1-1-1-1-1-1-1,1.319192859035697e-07,0.039314995999973235,577,229.08131405691856,363.56965348464905,365.3300526949089,1,0.0503765709999584
2002,6,8.0,separable,8123.105625617661,1-1-2-2-2-1-2-2-1,1.7715099006831865e-07,0.039314995999973235,577,244.4497998215175,396.07569120550755,397.5792956721786,1,0.05205084900001111
2002,6,8.0,d_optimal,8184.658438426492,1-1-2-2-1-0-1-2-1,1.9880158696194788e-07,0.039314995999973235,577,197.4505091885733,324.3982358878243,323.7932316117635,1,0.05583837000000358
2002,7,2.0,shortest,8000.0,1-1-1-1-1-1-1-1-1,1.319192859035697e-07,0.039314995999973235,577,86.79151628897003,106.07727312351524,148.31159220519544,0,0.059823234000020875
2002,7,2.0,separable,8123.105625617661,1-1-2-2-2-1-2-2-1,1.7715099006831865e-07,0.039314995999973235,577,96.40111189085238,146.33584264183384,169.04329427809634,0,0.05835933200000909
2002,7,2.0,d_optimal,8184.658438426492,1-1-2-2-1-0-1-2-1,1.9880158696194788e-07,0.039314995999973235,577,80.17005912499646,107.68785788075597,138.64779893307235,0,0.051458439999976235
2002,7,8.0,shortest,8000.0,1-1-1-1-1-1-1-1-1,1.319192859035697e-07,0.039314995999973235,577,204.39117391800042,334.73176635667716,335.0979225793435,1,0.05080183900003021
2002,7,8.0,separable,8123.105625617661,1-1-2-2-2-1-2-2-1,1.7715099006831865e-07,0.039314995999973235,577,240.11971319862934,391.65282912851677,392.99593501760177,1,0.05550191399998994
2002,7,8.0,d_optimal,8184.658438426492,1-1-2-2-1-0-1-2-1,1.9880158696194788e-07,0.039314995999973235,577,190.7681845218473,321.03881712122893,321.03881712122893,1,0.06026169299997264
2002,8,2.0,shortest,8000.0,1-1-1-1-1-1-1-1-1,1.319192859035697e-07,0.039314995999973235,577,103.07981846352487,83.48499132985425,184.79819542099102,0,0.06459634300000516
2002,8,2.0,separable,8123.105625617661,1-1-2-2-2-1-2-2-1,1.7715099006831865e-07,0.039314995999973235,577,124.03945477707396,140.9656646329137,221.26168363383815,0,0.05048027899999852
2002,8,2.0,d_optimal,8184.658438426492,1-1-2-2-1-0-1-2-1,1.9880158696194788e-07,0.039314995999973235,577,114.28853328791018,157.7831855028401,205.74877933485214,0,0.05019621700000698
2002,8,8.0,shortest,8000.0,1-1-1-1-1-1-1-1-1,1.319192859035697e-07,0.039314995999973235,577,185.86829658500812,288.5111832621902,295.12814453294465,1,0.05430101100000684
2002,8,8.0,separable,8123.105625617661,1-1-2-2-2-1-2-2-1,1.7715099006831865e-07,0.039314995999973235,577,210.92431933514436,333.6003600597185,342.21781912741113,1,0.055064861000005294
2002,8,8.0,d_optimal,8184.658438426492,1-1-2-2-1-0-1-2-1,1.9880158696194788e-07,0.039314995999973235,577,165.50152573433235,271.47436835216206,267.74026606152194,1,0.05706180399999994
2002,9,2.0,shortest,8000.0,1-1-1-1-1-1-1-1-1,1.319192859035697e-07,0.039314995999973235,577,146.41796052860195,239.6824416353729,274.43869138716775,1,0.0588690300000394
2002,9,2.0,separable,8123.105625617661,1-1-2-2-2-1-2-2-1,1.7715099006831865e-07,0.039314995999973235,577,172.31426809017708,299.23699566380196,318.44571340663066,1,0.05497069900002316
2002,9,2.0,d_optimal,8184.658438426492,1-1-2-2-1-0-1-2-1,1.9880158696194788e-07,0.039314995999973235,577,143.6829613157988,252.42912421390912,268.2981849184234,1,0.05230869300004315
2002,9,8.0,shortest,8000.0,1-1-1-1-1-1-1-1-1,1.319192859035697e-07,0.039314995999973235,577,126.57374395366924,215.48928247203224,204.34311077190858,0,0.05191054299996267
2002,9,8.0,separable,8123.105625617661,1-1-2-2-2-1-2-2-1,1.7715099006831865e-07,0.039314995999973235,577,122.58491676085379,221.35353390108742,209.0645762852643,0,0.051551356999993914
2002,9,8.0,d_optimal,8184.658438426492,1-1-2-2-1-0-1-2-1,1.9880158696194788e-07,0.039314995999973235,577,102.5859927542863,177.83610549383607,162.11949308085934,0,0.051645092000001114
2003,0,2.0,shortest,8000.0,1-1-1-1-1-1-1-1-1,3.464062869294657e-07,0.04484580299998697,577,84.25989027839154,160.39012944920216,151.1268976263602,0,0.05139550699999518
2003,0,2.0,separable,8123.105625617661,1-0-0-0-0-0-1-2-1,5.891956444038832e-07,0.04484580299998697,577,85.11467928205361,132.58074796829604,130.15270179156013,0,0.05322364099998822
2003,0,2.0,d_optimal,8123.105625617661,1-0-0-0-0-0-1-2-1,5.891956444038832e-07,0.04484580299998697,577,85.11467928205361,132.58074796829604,130.15270179156013,0,0.05127276399997527
2003,0,8.0,shortest,8000.0,1-1-1-1-1-1-1-1-1,3.464062869294657e-07,0.04484580299998697,577,168.17458694334684,340.1517212218581,313.32200437704,1,0.05009393900002124
2003,0,8.0,separable,8123.105625617661,1-0-0-0-0-0-1-2-1,5.891956444038832e-07,0.04484580299998697,577,156.84633537497083,309.8192276872005,281.41482274061354,1,0.05014955599995119
2003,0,8.0,d_optimal,8123.105625617661,1-0-0-0-0-0-1-2-1,5.891956444038832e-07,0.04484580299998697,577,156.84633537497083,309.8192276872005,281.41482274061354,1,0.05012551599998005
2003,1,2.0,shortest,8000.0,1-1-1-1-1-1-1-1-1,3.464062869294657e-07,0.04484580299998697,577,107.20294958407649,219.92134965351772,208.5462902905247,0,0.051864346000002115
2003,1,2.0,separable,8123.105625617661,1-0-0-0-0-0-1-2-1,5.891956444038832e-07,0.04484580299998697,577,107.01529114266852,214.91481042216867,198.99331622759007,0,0.05425236500002484
2003,1,2.0,d_optimal,8123.105625617661,1-0-0-0-0-0-1-2-1,5.891956444038832e-07,0.04484580299998697,577,107.01529114266852,214.91481042216867,198.99331622759007,0,0.05445290799997338
2003,1,8.0,shortest,8000.0,1-1-1-1-1-1-1-1-1,3.464062869294657e-07,0.04484580299998697,577,118.21299798266807,217.35717655234316,194.90577672003707,0,0.05130584299996599
2003,1,8.0,separable,8123.105625617661,1-0-0-0-0-0-1-2-1,5.891956444038832e-07,0.04484580299998697,577,112.83855475529842,199.86385928974346,175.01094142698665,0,0.0509370319999789
2003,1,8.0,d_optimal,8123.105625617661,1-0-0-0-0-0-1-2-1,5.891956444038832e-07,0.04484580299998697,577,112.83855475529842,199.86385928974346,175.01094142698665,0,0.05013643100005538
2003,2,2.0,shortest,8000.0,1-1-1-1-1-1-1-1-1,3.464062869294657e-07,0.04484580299998697,577,92.27132582483856,179.3796534296625,174.23564349160796,0,0.05106578099997705
2003,2,2.0,separable,8123.105625617661,1-0-0-0-0-0-1-2-1,5.891956444038832e-07,0.04484580299998697,577,89.32170168826838,181.95445469687039,173.00868009535884,0,0.04693707900003119
2003,2,2.0,d_optimal,8123.105625617661,1-0-0-0-0-0-1-2-1,5.891956444038832e-07,0.04484580299998697,577,89.32170168826838,181.95445469687039,173.00868009535884,0,0.05110686799997666
2003,2,8.0,shortest,8000.0,1-1-1-1-1-1-1-1-1,3.464062869294657e-07,0.04484580299998697,577,169.3073441782856,364.82581658321607,315.86152747734866,1,0.041186740000000555
2003,2,8.0,separable,8123.105625617661,1-0-0-0-0-0-1-2-1,5.891956444038832e-07,0.04484580299998697,577,164.57368990981416,341.72274707147096,289.3933351604777,1,0.04044614999997975
2003,2,8.0,d_optimal,8123.105625617661,1-0-0-0-0-0-1-2-1,5.891956444038832e-07,0.04484580299998697,577,164.57368990981416,341.72274707147096,289.3933351604777,1,0.039995026999974925
2003,3,2.0,shortest,8000.0,1-1-1-1-1-1-1-1-1,3.464062869294657e-07,0.04484580299998697,577,111.80394035196686,259.42391862464115,221.66738391517234,1,0.04726866099997551
2003,3,2.0,separable,8123.105625617661,1-0-0-0-0-0-1-2-1,5.891956444038832e-07,0.04484580299998697,577,106.47368098646554,240.02004540299816,200.2167004838592,0,0.04288087899999482
2003,3,2.0,d_optimal,8123.105625617661,1-0-0-0-0-0-1-2-1,5.891956444038832e-07,0.04484580299998697,577,106.47368098646554,240.02004540299816,200.2167004838592,0,0.041258943000002546
2003,3,8.0,shortest,8000.0,1-1-1-1-1-1-1-1-1,3.464062869294657e-07,0.04484580299998697,577,129.5147987777256,267.5072715771441,245.52913674559179,1,0.04195895000003702
2003,3,8.0,separable,8123.105625617661,1-0-0-0-0-0-1-2-1,5.891956444038832e-07,0.04484580299998697,577,129.12740269895934,262.6185524732598,230.55756026928276,1,0.0473274479999759
2003,3,8.0,d_optimal,8123.105625617661,1-0-0-0-0-0-1-2-1,5.891956444038832e-07,0.04484580299998697,577,129.12740269895934,262.6185524732598,230.55756026928276,1,0.042799612000010256
2003,4,2.0,shortest,8000.0,1-1-1-1-1-1-1-1-1,3.464062869294657e-07,0.04484580299998697,577,118.04421861071357,227.24916421972696,208.85201958424895,0,0.04560749699999178
2003,4,2.0,separable,8123.105625617661,1-0-0-0-0-0-1-2-1,5.891956444038832e-07,0.04484580299998697,577,122.6651129564443,240.2855435019249,216.56100171299923,0,0.05406226599995989
2003,4,2.0,d_optimal,8123.105625617661,1-0-0-0-0-0-1-2-1,5.891956444038832e-07,0.04484580299998697,577,122.6651129564443,240.2855435019249,216.56100171299923,0,0.0730679839999766
2003,4,8.0,shortest,8000.0,1-1-1-1-1-1-1-1-1,3.464062869294657e-07,0.04484580299998697,577,164.0352072859199,327.5877005949241,291.39723534773543,1,0.06292379799998571
2003,4,8.0,separable,8123.105625617661,1-0-0-0-0-0-1-2-1,5.891956444038832e-07,0.04484580299998697,577,154.53594448556964,300.65678645310976,263.3223104936206,1,0.04911745199996176
2003,4,8.0,d_optimal,8123.105625617661,1-0-0-0-0-0-1-2-1,5.891956444038832e-07,0.04484580299998697,577,154.53594448556964,300.65678645310976,263.3223104936206,1,0.040989274000025944
2003,5,2.0,shortest,8000.0,1-1-1-1-1-1-1-1-1,3.464062869294657e-07,0.04484580299998697,577,87.00278367402925,165.14251246753,147.04572216902866,0,0.04193353699997715
2003,5,2.0,separable,8123.105625617661,1-0-0-0-0-0-1-2-1,5.891956444038832e-07,0.04484580299998697,577,106.96117032333191,183.03685772787082,164.24962627813832,0,0.044838042999970185
2003,5,2.0,d_optimal,8123.105625617661,1-0-0-0-0-0-1-2-1,5.891956444038832e-07,0.04484580299998697,577,106.96117032333191,183.03685772787082,164.24962627813832,0,0.0541749169999548
2003,5,8.0,shortest,8000.0,1-1-1-1-1-1-1-1-1,3.464062869294657e-07,0.04484580299998697,577,138.27903810569,272.4989723942701,242.1416425163998,1,0.045521620999977586
2003,5,8.0,separable,8123.105625617661,1-0-0-0-0-0-1-2-1,5.891956444038832e-07,0.04484580299998697,577,140.6845223272806,262.56000310985064,231.37242267170973,1,0.04395882000000029
2003,5,8.0,d_optimal,8123.105625617661,1-0-0-0-0-0-1-2-1,5.891956444038832e-07,0.04484580299998697,577,140.6845223272806,262.56000310985064,231.37242267170973,1,0.04055749200000491
2003,6,2.0,shortest,8000.0,1-1-1-1-1-1-1-1-1,3.464062869294657e-07,0.04484580299998697,577,77.95303226706645,169.00108460367707,152.79816794388987,0,0.04045837000001029
2003,6,2.0,separable,8123.105625617661,1-0-0-0-0-0-1-2-1,5.891956444038832e-07,0.04484580299998697,577,75.33763961261816,159.02650239497373,143.59151354345275,0,0.04129939000000604
2003,6,2.0,d_optimal,8123.105625617661,1-0-0-0-0-0-1-2-1,5.891956444038832e-07,0.04484580299998697,577,75.33763961261816,159.02650239497373,143.59151354345275,0,0.04144065299999511
2003,6,8.0,shortest,8000.0,1-1-1-1-1-1-1-1-1,3.464062869294657e-07,0.04484580299998697,577,151.6363846111345,281.22442454987765,234.8705848117183,1,0.050712593000014294
2003,6,8.0,separable,8123.105625617661,1-0-0-0-0-0-1-2-1,5.891956444038832e-07,0.04484580299998697,577,153.27530336483147,266.6116216643266,230.00991738206054,1,0.041352958999993916
2003,6,8.0,d_optimal,8123.105625617661,1-0-0-0-0-0-1-2-1,5.891956444038832e-07,0.04484580299998697,577,153.27530336483147,266.6116216643266,230.00991738206054,1,0.04046467099999518
2003,7,2.0,shortest,8000.0,1-1-1-1-1-1-1-1-1,3.464062869294657e-07,0.04484580299998697,577,74.50855476523574,173.0140020080223,149.48600269251256,0,0.041278007999949295
2003,7,2.0,separable,8123.105625617661,1-0-0-0-0-0-1-2-1,5.891956444038832e-07,0.04484580299998697,577,77.32862615995,162.43614144080726,135.5490137433929,0,0.0414210270000126
2003,7,2.0,d_optimal,8123.105625617661,1-0-0-0-0-0-1-2-1,5.891956444038832e-07,0.04484580299998697,577,77.32862615995,162.43614144080726,135.5490137433929,0,0.044463704000008875
2003,7,8.0,shortest,8000.0,1-1-1-1-1-1-1-1-1,3.464062869294657e-07,0.04484580299998697,577,61.11398920405278,149.05413752336756,135.03384373626315,0,0.040720566999993935
2003,7,8.0,separable,8123.105625617661,1-0-0-0-0-0-1-2-1,5.891956444038832e-07,0.04484580299998697,577,64.22019837565817,145.22450470553284,132.43264067345402,0,0.04175832199996421
2003,7,8.0,d_optimal,8123.105625617661,1-0-0-0-0-0-1-2-1,5.891956444038832e-07,0.04484580299998697,577,64.22019837565817,145.22450470553284,132.43264067345402,0,0.04322658600000295
2003,8,2.0,shortest,8000.0,1-1-1-1-1-1-1-1-1,3.464062869294657e-07,0.04484580299998697,577,104.48985047851936,199.90042086705841,193.27720873348656,0,0.051012975999981336
2003,8,2.0,separable,8123.105625617661,1-0-0-0-0-0-1-2-1,5.891956444038832e-07,0.04484580299998697,577,101.69286633876276,187.31945992259045,181.64823299574738,0,0.045225343000026896
2003,8,2.0,d_optimal,8123.105625617661,1-0-0-0-0-0-1-2-1,5.891956444038832e-07,0.04484580299998697,577,101.69286633876276,187.31945992259045,181.64823299574738,0,0.04348872599996412
2003,8,8.0,shortest,8000.0,1-1-1-1-1-1-1-1-1,3.464062869294657e-07,0.04484580299998697,577,117.42402387608801,265.2530042734323,248.58285075189374,1,0.03935818200000085
2003,8,8.0,separable,8123.105625617661,1-0-0-0-0-0-1-2-1,5.891956444038832e-07,0.04484580299998697,577,115.17492804634084,250.47364082192888,234.81558929538554,1,0.04093189700000721
2003,8,8.0,d_optimal,8123.105625617661,1-0-0-0-0-0-1-2-1,5.891956444038832e-07,0.04484580299998697,577,115.17492804634084,250.47364082192888,234.81558929538554,1,0.04004902899998797
2003,9,2.0,shortest,8000.0,1-1-1-1-1-1-1-1-1,3.464062869294657e-07,0.04484580299998697,577,89.94515868581006,161.8776019772357,156.58540934414472,0,0.041417148999983056
2003,9,2.0,separable,8123.105625617661,1-0-0-0-0-0-1-2-1,5.891956444038832e-07,0.04484580299998697,577,89.63870472366197,157.37012115465555,159.58674865976292,0,0.044354640000051404
2003,9,2.0,d_optimal,8123.105625617661,1-0-0-0-0-0-1-2-1,5.891956444038832e-07,0.04484580299998697,577,89.63870472366197,157.37012115465555,159.58674865976292,0,0.04364131099998758
2003,9,8.0,shortest,8000.0,1-1-1-1-1-1-1-1-1,3.464062869294657e-07,0.04484580299998697,577,112.58522192024951,214.49506550726446,192.98888699049112,0,0.04239590899999257
2003,9,8.0,separable,8123.105625617661,1-0-0-0-0-0-1-2-1,5.891956444038832e-07,0.04484580299998697,577,121.34240790859438,221.60602801235544,195.68329930660963,0,0.04250088099996674
2003,9,8.0,d_optimal,8123.105625617661,1-0-0-0-0-0-1-2-1,5.891956444038832e-07,0.04484580299998697,577,121.34240790859438,221.60602801235544,195.68329930660963,0,0.04344419400001698
2004,0,2.0,shortest,8000.0,1-1-1-1-1-1-1-1-1,6.227807801939961e-06,0.03799521899998126,577,180.64038319765086,313.9125787831504,290.1626606205122,1,0.04764589499995964
2004,0,2.0,separable,8184.658438426492,1-0-0-0-1-2-1-0-1,1.253910150601284e-05,0.03799521899998126,577,96.41704878871934,189.2322992787907,167.0514856719559,0,0.05052616000000398
2004,0,2.0,d_optimal,8184.658438426492,1-0-0-0-1-2-1-0-1,1.253910150601284e-05,0.03799521899998126,577,96.41704878871934,189.2322992787907,167.0514856719559,0,0.050050545999965834
2004,0,8.0,shortest,8000.0,1-1-1-1-1-1-1-1-1,6.227807801939961e-06,0.03799521899998126,577,178.64658621784778,317.72846152320636,279.35164508876437,1,0.049385801000028096
2004,0,8.0,separable,8184.658438426492,1-0-0-0-1-2-1-0-1,1.253910150601284e-05,0.03799521899998126,577,120.02316432456473,254.84358815055342,211.92583131295268,1,0.050032092000037665
2004,0,8.0,d_optimal,8184.658438426492,1-0-0-0-1-2-1-0-1,1.253910150601284e-05,0.03799521899998126,577,120.02316432456473,254.84358815055342,211.92583131295268,1,0.050519307000001845
2004,1,2.0,shortest,8000.0,1-1-1-1-1-1-1-1-1,6.227807801939961e-06,0.03799521899998126,577,191.84128788360255,347.4757032267611,321.7814543740568,1,0.05098768499999551
2004,1,2.0,separable,8184.658438426492,1-0-0-0-1-2-1-0-1,1.253910150601284e-05,0.03799521899998126,577,103.5505358857434,230.12244134756847,203.90553147969538,0,0.051636445000042386
2004,1,2.0,d_optimal,8184.658438426492,1-0-0-0-1-2-1-0-1,1.253910150601284e-05,0.03799521899998126,577,103.5505358857434,230.12244134756847,203.90553147969538,0,0.04882266800001389
2004,1,8.0,shortest,8000.0,1-1-1-1-1-1-1-1-1,6.227807801939961e-06,0.03799521899998126,577,166.29498313496293,300.9080114255566,270.8349568308261,1,0.04486673499997096
2004,1,8.0,separable,8184.658438426492,1-0-0-0-1-2-1-0-1,1.253910150601284e-05,0.03799521899998126,577,125.59684825515336,246.2101006343648,214.3629747179931,0,0.05003758099996958
2004,1,8.0,d_optimal,8184.658438426492,1-0-0-0-1-2-1-0-1,1.253910150601284e-05,0.03799521899998126,577,125.59684825515336,246.2101006343648,214.3629747179931,0,0.04625032699999565
2004,2,2.0,shortest,8000.0,1-1-1-1-1-1-1-1-1,6.227807801939961e-06,0.03799521899998126,577,182.73514233323567,290.7466412695471,274.83973542402236,1,0.04471583299999793
2004,2,2.0,separable,8184.658438426492,1-0-0-0-1-2-1-0-1,1.253910150601284e-05,0.03799521899998126,577,108.47662996179902,200.16467889491642,171.29887546441162,0,0.04957519700002422
2004,2,2.0,d_optimal,8184.658438426492,1-0-0-0-1-2-1-0-1,1.253910150601284e-05,0.03799521899998126,577,108.47662996179902,200.16467889491642,171.29887546441162,0,0.04597686900001463
2004,2,8.0,shortest,8000.0,1-1-1-1-1-1-1-1-1,6.227807801939961e-06,0.03799521899998126,577,159.6639843456816,290.89633325237594,273.6611232906919,1,0.04076738399999158
2004,2,8.0,separable,8184.658438426492,1-0-0-0-1-2-1-0-1,1.253910150601284e-05,0.03799521899998126,577,157.21965314421948,304.8707083344216,286.6485225375461,1,0.04520454100003235
2004,2,8.0,d_optimal,8184.658438426492,1-0-0-0-1-2-1-0-1,1.253910150601284e-05,0.03799521899998126,577,157.21965314421948,304.8707083344216,286.6485225375461,1,0.04568781700004365
2004,3,2.0,shortest,8000.0,1-1-1-1-1-1-1-1-1,6.227807801939961e-06,0.03799521899998126,577,154.26296052186558,209.63750382081372,208.871245470897,0,0.04617581500002643
2004,3,2.0,separable,8184.658438426492,1-0-0-0-1-2-1-0-1,1.253910150601284e-05,0.03799521899998126,577,104.94364937529691,171.44205398187958,161.20085835956058,0,0.0518689119999749
2004,3,2.0,d_optimal,8184.658438426492,1-0-0-0-1-2-1-0-1,1.253910150601284e-05,0.03799521899998126,577,104.94364937529691,171.44205398187958,161.20085835956058,0,0.058842324000011104
2004,3,8.0,shortest,8000.0,1-1-1-1-1-1-1-1-1,6.227807801939961e-06,0.03799521899998126,577,109.71577279325552,163.71110805370435,175.74684193880296,0,0.0592390239999645
2004,3,8.0,separable,8184.658438426492,1-0-0-0-1-2-1-0-1,1.253910150601284e-05,0.03799521899998126,577,92.16736483379498,145.8102764051544,151.5440842903804,0,0.04997256199999356
2004,3,8.0,d_optimal,8184.658438426492,1-0-0-0-1-2-1-0-1,1.253910150601284e-05,0.03799521899998126,577,92.16736483379498,145.8102764051544,151.5440842903804,0,0.04905183100004251
2004,4,2.0,shortest,8000.0,1-1-1-1-1-1-1-1-1,6.227807801939961e-06,0.03799521899998126,577,161.1006621703382,267.6547827611468,241.4131660935665,1,0.05255663499997354
2004,4,2.0,separable,8184.658438426492,1-0-0-0-1-2-1-0-1,1.253910150601284e-05,0.03799521899998126,577,105.71722556330639,188.96224537692422,183.9577749391594,0,0.059166951000008794
2004,4,2.0,d_optimal,8184.658438426492,1-0-0-0-1-2-1-0-1,1.253910150601284e-05,0.03799521899998126,577,105.71722556330639,188.96224537692422,183.9577749391594,0,0.07027548400003525
2004,4,8.0,shortest,8000.0,1-1-1-1-1-1-1-1-1,6.227807801939961e-06,0.03799521899998126,577,168.171014308734,274.011157684604,251.51573372368762,1,0.0568479599999705
2004,4,8.0,separable,8184.658438426492,1-0-0-0-1-2-1-0-1,1.253910150601284e-05,0.03799521899998126,577,135.92082521887315,230.6796104605122,203.209986905351,0,0.05471987799995759
2004,4,8.0,d_optimal,8184.658438426492,1-0-0-0-1-2-1-0-1,1.253910150601284e-05,0.03799521899998126,577,135.92082521887315,230.6796104605122,203.209986905351,0,0.05005084300000817
2004,5,2.0,shortest,8000.0,1-1-1-1-1-1-1-1-1,6.227807801939961e-06,0.03799521899998126,577,186.62927238885064,310.2502346685194,295.2093548302319,1,0.049338857000009284
2004,5,2.0,separable,8184.658438426492,1-0-0-0-1-2-1-0-1,1.253910150601284e-05,0.03799521899998126,577,113.9768997295472,223.4088618687551,206.78665298200545,0,0.051638978000028146
2004,5,2.0,d_optimal,8184.658438426492,1-0-0-0-1-2-1-0-1,1.253910150601284e-05,0.03799521899998126,577,113.9768997295472,223.4088618687551,206.78665298200545,0,0.056159162999961154
2004,5,8.0,shortest,8000.0,1-1-1-1-1-1-1-1-1,6.227807801939961e-06,0.03799521899998126,577,125.82868144858878,198.08193809472155,187.0257752011801,0,0.05559013299995286
2004,5,8.0,separable,8184.658438426492,1-0-0-0-1-2-1-0-1,1.253910150601284e-05,0.03799521899998126,577,101.38419089009345,172.26829061408313,165.33041181518243,0,0.05646575500003337
2004,5,8.0,d_optimal,8184.658438426492,1-0-0-0-1-2-1-0-1,1.253910150601284e-05,0.03799521899998126,577,101.38419089009345,172.26829061408313,165.33041181518243,0,0.04798470600002247
2004,6,2.0,shortest,8000.0,1-1-1-1-1-1-1-1-1,6.227807801939961e-06,0.03799521899998126,577,164.912825324802,246.062904371277,234.877709653525,0,0.05004000299999234
2004,6,2.0,separable,8184.658438426492,1-0-0-0-1-2-1-0-1,1.253910150601284e-05,0.03799521899998126,577,115.23208364809604,201.72714031650042,184.08447117251302,0,0.052661040000032244
2004,6,2.0,d_optimal,8184.658438426492,1-0-0-0-1-2-1-0-1,1.253910150601284e-05,0.03799521899998126,577,115.23208364809604,201.72714031650042,184.08447117251302,0,0.053683914999965054
2004,6,8.0,shortest,8000.0,1-1-1-1-1-1-1-1-1,6.227807801939961e-06,0.03799521899998126,577,168.28668888491632,233.56536254473602,231.22721444410743,1,0.04548267100000203
2004,6,8.0,separable,8184.658438426492,1-0-0-0-1-2-1-0-1,1.253910150601284e-05,0.03799521899998126,577,137.04529173046254,218.04706343291986,203.73437146245513,0,0.05872377499997583
2004,6,8.0,d_optimal,8184.658438426492,1-0-0-0-1-2-1-0-1,1.253910150601284e-05,0.03799521899998126,577,137.04529173046254,218.04706343291986,203.73437146245513,0,0.05298135399999637
2004,7,2.0,shortest,8000.0,1-1-1-1-1-1-1-1-1,6.227807801939961e-06,0.03799521899998126,577,144.43499316202102,243.82340744449715,219.59669256151045,0,0.05795992800000249
2004,7,2.0,separable,8184.658438426492,1-0-0-0-1-2-1-0-1,1.253910150601284e-05,0.03799521899998126,577,92.39035681462435,181.7275647975954,158.39274804939777,0,0.0590102300000126
2004,7,2.0,d_optimal,8184.658438426492,1-0-0-0-1-2-1-0-1,1.253910150601284e-05,0.03799521899998126,577,92.39035681462435,181.7275647975954,158.39274804939777,0,0.06026106100000561
2004,7,8.0,shortest,8000.0,1-1-1-1-1-1-1-1-1,6.227807801939961e-06,0.03799521899998126,577,154.19796534448193,263.079082748339,241.07880648919618,1,0.04385162099998752
2004,7,8.0,separable,8184.658438426492,1-0-0-0-1-2-1-0-1,1.253910150601284e-05,0.03799521899998126,577,132.5854184921756,258.791989700114,211.07274644513882,1,0.043554062999987764
2004,7,8.0,d_optimal,8184.658438426492,1-0-0-0-1-2-1-0-1,1.253910150601284e-05,0.03799521899998126,577,132.5854184921756,258.791989700114,211.07274644513882,1,0.060291407000022446
2004,8,2.0,shortest,8000.0,1-1-1-1-1-1-1-1-1,6.227807801939961e-06,0.03799521899998126,577,160.94943413641215,252.227377448881,235.1886239516496,1,0.054811013999994884
2004,8,2.0,separable,8184.658438426492,1-0-0-0-1-2-1-0-1,1.253910150601284e-05,0.03799521899998126,577,123.89645529485348,223.03811954349686,198.29102580749662,0,0.0594941559999711
2004,8,2.0,d_optimal,8184.658438426492,1-0-0-0-1-2-1-0-1,1.253910150601284e-05,0.03799521899998126,577,123.89645529485348,223.03811954349686,198.29102580749662,0,0.055731551999997464
2004,8,8.0,shortest,8000.0,1-1-1-1-1-1-1-1-1,6.227807801939961e-06,0.03799521899998126,577,111.53473380878447,133.62921656224893,185.93337414229123,0,0.05128764500000216
2004,8,8.0,separable,8184.658438426492,1-0-0-0-1-2-1-0-1,1.253910150601284e-05,0.03799521899998126,577,91.34904192121125,182.0968577920959,132.4769149735242,0,0.05208954200003291
2004,8,8.0,d_optimal,8184.658438426492,1-0-0-0-1-2-1-0-1,1.253910150601284e-05,0.03799521899998126,577,91.34904192121125,182.0968577920959,132.4769149735242,0,0.05131018499997708
2004,9,2.0,shortest,8000.0,1-1-1-1-1-1-1-1-1,6.227807801939961e-06,0.03799521899998126,577,154.8107418825625,236.43256921353745,223.29861025323976,0,0.05842275399999153
2004,9,2.0,separable,8184.658438426492,1-0-0-0-1-2-1-0-1,1.253910150601284e-05,0.03799521899998126,577,99.17413366206829,177.580290085373,164.9299957867185,0,0.06083686400000943
2004,9,2.0,d_optimal,8184.658438426492,1-0-0-0-1-2-1-0-1,1.253910150601284e-05,0.03799521899998126,577,99.17413366206829,177.580290085373,164.9299957867185,0,0.060225035999962984
2004,9,8.0,shortest,8000.0,1-1-1-1-1-1-1-1-1,6.227807801939961e-06,0.03799521899998126,577,184.96535540328378,397.9549574997122,333.5490103859727,1,0.05024348599999939
2004,9,8.0,separable,8184.658438426492,1-0-0-0-1-2-1-0-1,1.253910150601284e-05,0.03799521899998126,577,155.4980580098301,364.0624691120389,299.2797724695849,1,0.05157873199999585
2004,9,8.0,d_optimal,8184.658438426492,1-0-0-0-1-2-1-0-1,1.253910150601284e-05,0.03799521899998126,577,155.4980580098301,364.0624691120389,299.2797724695849,1,0.05138084399999343
2005,0,2.0,shortest,8000.0,1-1-1-1-1-1-1-1-1,9.980550406183398e-07,0.04305678100001842,577,130.00737365233,185.32971617602695,201.8895538671742,0,0.05559184800000594
2005,0,2.0,separable,8123.105625617661,1-1-1-2-2-2-1-0-1,1.262654755792699e-06,0.04305678100001842,577,143.79124718404438,270.3916466527892,232.3276480594773,1,0.05690209599998752
2005,0,2.0,d_optimal,8123.105625617661,1-1-1-2-2-2-1-0-1,1.262654755792699e-06,0.04305678100001842,577,143.79124718404438,270.3916466527892,232.3276480594773,1,0.05564664100000982
2005,0,8.0,shortest,8000.0,1-1-1-1-1-1-1-1-1,9.980550406183398e-07,0.04305678100001842,577,213.2452930187002,370.64380094921677,345.78530419995053,1,0.05190483800004131
2005,0,8.0,separable,8123.105625617661,1-1-1-2-2-2-1-0-1,1.262654755792699e-06,0.04305678100001842,577,213.23102310619922,392.7122637019838,371.3487780616124,1,0.05135519599997451
2005,0,8.0,d_optimal,8123.105625617661,1-1-1-2-2-2-1-0-1,1.262654755792699e-06,0.04305678100001842,577,213.23102310619922,392.7122637019838,371.3487780616124,1,0.04890752500000417
2005,1,2.0,shortest,8000.0,1-1-1-1-1-1-1-1-1,9.980550406183398e-07,0.04305678100001842,577,105.62277583967513,186.33370099165737,167.21165230314156,0,0.05084384499997441
2005,1,2.0,separable,8123.105625617661,1-1-1-2-2-2-1-0-1,1.262654755792699e-06,0.04305678100001842,577,120.43117104765908,277.6144637302134,250.09507773841193,1,0.05442524299996876
2005,1,2.0,d_optimal,8123.105625617661,1-1-1-2-2-2-1-0-1,1.262654755792699e-06,0.04305678100001842,577,120.43117104765908,277.6144637302134,250.09507773841193,1,0.054078210000000126
2005,1,8.0,shortest,8000.0,1-1-1-1-1-1-1-1-1,9.980550406183398e-07,0.04305678100001842,577,210.6404157249074,401.99644114141296,365.5254667060659,1,0.050728920000040034
2005,1,8.0,separable,8123.105625617661,1-1-1-2-2-2-1-0-1,1.262654755792699e-06,0.04305678100001842,577,208.02349955306678,418.28871709613577,379.36735071675207,1,0.05850012799999149
2005,1,8.0,d_optimal,8123.105625617661,1-1-1-2-2-2-1-0-1,1.262654755792699e-06,0.04305678100001842,577,208.02349955306678,418.28871709613577,379.36735071675207,1,0.05156989599998951
2005,2,2.0,shortest,8000.0,1-1-1-1-1-1-1-1-1,9.980550406183398e-07,0.04305678100001842,577,134.49535237372822,200.96394358143894,209.43201930232308,0,0.05143234700000221
2005,2,2.0,separable,8123.105625617661,1-1-1-2-2-2-1-0-1,1.262654755792699e-06,0.04305678100001842,577,133.65866269336306,253.43206135925956,228.81170854096942,1,0.04780981400000428
2005,2,2.0,d_optimal,8123.105625617661,1-1-1-2-2-2-1-0-1,1.262654755792699e-06,0.04305678100001842,577,133.65866269336306,253.43206135925956,228.81170854096942,1,0.04712222200004135
2005,2,8.0,shortest,8000.0,1-1-1-1-1-1-1-1-1,9.980550406183398e-07,0.04305678100001842,577,191.28668940034672,306.89579222731487,307.9172571338219,1,0.044513507000033314
2005,2,8.0,separable,8123.105625617661,1-1-1-2-2-2-1-0-1,1.262654755792699e-06,0.04305678100001842,577,179.70481734201775,310.6607330390383,308.5860135524925,1,0.04498902199998156
2005,2,8.0,d_optimal,8123.105625617661,1-1-1-2-2-2-1-0-1,1.262654755792699e-06,0.04305678100001842,577,179.70481734201775,310.6607330390383,308.5860135524925,1,0.04784069899994847
2005,3,2.0,shortest,8000.0,1-1-1-1-1-1-1-1-1,9.980550406183398e-07,0.04305678100001842,577,89.31112548247847,108.85797669505796,141.12323783465723,0,0.0438566639999749
2005,3,2.0,separable,8123.105625617661,1-1-1-2-2-2-1-0-1,1.262654755792699e-06,0.04305678100001842,577,105.32266642997564,198.33333346236765,189.09806094882754,0,0.044015218000026834
2005,3,2.0,d_optimal,8123.105625617661,1-1-1-2-2-2-1-0-1,1.262654755792699e-06,0.04305678100001842,577,105.32266642997564,198.33333346236765,189.09806094882754,0,0.054183812000019316
2005,3,8.0,shortest,8000.0,1-1-1-1-1-1-1-1-1,9.980550406183398e-07,0.04305678100001842,577,187.51544559993246,344.4861715262884,322.66440704783076,1,0.048558174999982384
2005,3,8.0,separable,8123.105625617661,1-1-1-2-2-2-1-0-1,1.262654755792699e-06,0.04305678100001842,577,183.34369188268758,353.3618791534068,330.8752103921079,1,0.04995682699995996
2005,3,8.0,d_optimal,8123.105625617661,1-1-1-2-2-2-1-0-1,1.262654755792699e-06,0.04305678100001842,577,183.34369188268758,353.3618791534068,330.8752103921079,1,0.05245207100000471
2005,4,2.0,shortest,8000.0,1-1-1-1-1-1-1-1-1,9.980550406183398e-07,0.04305678100001842,577,133.13983680763485,224.10322251097733,201.9772855127276,0,0.05609969500000034
2005,4,2.0,separable,8123.105625617661,1-1-1-2-2-2-1-0-1,1.262654755792699e-06,0.04305678100001842,577,140.2426129946913,297.30559505218025,268.74637642795307,1,0.0556968989999973
2005,4,2.0,d_optimal,8123.105625617661,1-1-1-2-2-2-1-0-1,1.262654755792699e-06,0.04305678100001842,577,140.2426129946913,297.30559505218025,268.74637642795307,1,0.051809599000023354
2005,4,8.0,shortest,8000.0,1-1-1-1-1-1-1-1-1,9.980550406183398e-07,0.04305678100001842,577,152.97383843865816,270.49380468019046,239.0321638086038,1,0.055073903999982576
2005,4,8.0,separable,8123.105625617661,1-1-1-2-2-2-1-0-1,1.262654755792699e-06,0.04305678100001842,577,162.09865242675372,304.8785478285559,272.9597791226846,1,0.054838501999995515
2005,4,8.0,d_optimal,8123.105625617661,1-1-1-2-2-2-1-0-1,1.262654755792699e-06,0.04305678100001842,577,162.09865242675372,304.8785478285559,272.9597791226846,1,0.05174044099999264
2005,5,2.0,shortest,8000.0,1-1-1-1-1-1-1-1-1,9.980550406183398e-07,0.04305678100001842,577,112.97948692481113,162.49122356866323,174.68114525853937,0,0.05137358600001107
2005,5,2.0,separable,8123.105625617661,1-1-1-2-2-2-1-0-1,1.262654755792699e-06,0.04305678100001842,577,119.47601817801947,239.9066078843479,217.79438108436887,0,0.05857211599999346
2005,5,2.0,d_optimal,8123.105625617661,1-1-1-2-2-2-1-0-1,1.262654755792699e-06,0.04305678100001842,577,119.47601817801947,239.9066078843479,217.79438108436887,0,0.05505878799999664
2005,5,8.0,shortest,8000.0,1-1-1-1-1-1-1-1-1,9.980550406183398e-07,0.04305678100001842,577,155.7318027647215,249.33720035440058,233.60759924605242,1,0.05300510099999656
2005,5,8.0,separable,8123.105625617661,1-1-1-2-2-2-1-0-1,1.262654755792699e-06,0.04305678100001842,577,157.95942309454858,288.6343516307339,273.4977681291524,1,0.046256104000008236
2005,5,8.0,d_optimal,8123.105625617661,1-1-1-2-2-2-1-0-1,1.262654755792699e-06,0.04305678100001842,577,157.95942309454858,288.6343516307339,273.4977681291524,1,0.045852797000009105
2005,6,2.0,shortest,8000.0,1-1-1-1-1-1-1-1-1,9.980550406183398e-07,0.04305678100001842,577,129.77796019353693,204.00023627880995,197.4086727681783,0,0.04791094099999782
2005,6,2.0,separable,8123.105625617661,1-1-1-2-2-2-1-0-1,1.262654755792699e-06,0.04305678100001842,577,145.41797287511312,278.35358734133456,263.5872045186299,1,0.048505428999988
2005,6,2.0,d_optimal,8123.105625617661,1-1-1-2-2-2-1-0-1,1.262654755792699e-06,0.04305678100001842,577,145.41797287511312,278.35358734133456,263.5872045186299,1,0.047501581999995324
2005,6,8.0,shortest,8000.0,1-1-1-1-1-1-1-1-1,9.980550406183398e-07,0.04305678100001842,577,150.27910526755988,308.6289668061293,272.6050640625743,1,0.04699425600000495
2005,6,8.0,separable,8123.105625617661,1-1-1-2-2-2-1-0-1,1.262654755792699e-06,0.04305678100001842,577,147.10318865224622,316.82807400461576,280.0952415345442,1,0.049646925999979885
2005,6,8.0,d_optimal,8123.105625617661,1-1-1-2-2-2-1-0-1,1.262654755792699e-06,0.04305678100001842,577,147.10318865224622,316.82807400461576,280.0952415345442,1,0.051760623000006944
2005,7,2.0,shortest,8000.0,1-1-1-1-1-1-1-1-1,9.980550406183398e-07,0.04305678100001842,577,104.89038319919344,109.7423447705954,154.7767507934196,0,0.056924508999998125
2005,7,2.0,separable,8123.105625617661,1-1-1-2-2-2-1-0-1,1.262654755792699e-06,0.04305678100001842,577,120.232614561454,209.83047343253799,191.78937652199986,0,0.056710586000008334
2005,7,2.0,d_optimal,8123.105625617661,1-1-1-2-2-2-1-0-1,1.262654755792699e-06,0.04305678100001842,577,120.232614561454,209.83047343253799,191.78937652199986,0,0.057886457999984486
2005,7,8.0,shortest,8000.0,1-1-1-1-1-1-1-1-1,9.980550406183398e-07,0.04305678100001842,577,160.86360794857495,291.4532088874364,246.11984028816426,1,0.051972906999992574
2005,7,8.0,separable,8123.105625617661,1-1-1-2-2-2-1-0-1,1.262654755792699e-06,0.04305678100001842,577,160.14334930545914,308.43493903411394,265.9497844713773,1,0.05056281999998191
2005,7,8.0,d_optimal,8123.105625617661,1-1-1-2-2-2-1-0-1,1.262654755792699e-06,0.04305678100001842,577,160.14334930545914,308.43493903411394,265.9497844713773,1,0.04802964300000667
2005,8,2.0,shortest,8000.0,1-1-1-1-1-1-1-1-1,9.980550406183398e-07,0.04305678100001842,577,122.03521481694469,191.81144571421336,191.3010581508205,0,0.0541976380000051
2005,8,2.0,separable,8123.105625617661,1-1-1-2-2-2-1-0-1,1.262654755792699e-06,0.04305678100001842,577,152.2437194160749,302.6414819174519,286.6599595980269,1,0.05704710400004842
2005,8,2.0,d_optimal,8123.105625617661,1-1-1-2-2-2-1-0-1,1.262654755792699e-06,0.04305678100001842,577,152.2437194160749,302.6414819174519,286.6599595980269,1,0.0492583309999759
2005,8,8.0,shortest,8000.0,1-1-1-1-1-1-1-1-1,9.980550406183398e-07,0.04305678100001842,577,123.05691874399258,240.99474704629114,194.6012708437371,0,0.047096615000043585
2005,8,8.0,separable,8123.105625617661,1-1-1-2-2-2-1-0-1,1.262654755792699e-06,0.04305678100001842,577,132.2606270827758,277.94347279053795,237.62333788658944,1,0.05368986700000278
2005,8,8.0,d_optimal,8123.105625617661,1-1-1-2-2-2-1-0-1,1.262654755792699e-06,0.04305678100001842,577,132.2606270827758,277.94347279053795,237.62333788658944,1,0.05098244399999885
2005,9,2.0,shortest,8000.0,1-1-1-1-1-1-1-1-1,9.980550406183398e-07,0.04305678100001842,577,137.73895500176621,237.54637954446463,205.60400676929484,0,0.05411945600002355
2005,9,2.0,separable,8123.105625617661,1-1-1-2-2-2-1-0-1,1.262654755792699e-06,0.04305678100001842,577,144.37038511374035,302.0318604236842,260.791883484363,1,0.053436385999987124
2005,9,2.0,d_optimal,8123.105625617661,1-1-1-2-2-2-1-0-1,1.262654755792699e-06,0.04305678100001842,577,144.37038511374035,302.0318604236842,260.791883484363,1,0.04924754999996139
2005,9,8.0,shortest,8000.0,1-1-1-1-1-1-1-1-1,9.980550406183398e-07,0.04305678100001842,577,217.02216336466634,381.015747275583,344.503698115505,1,0.043828055999995286
2005,9,8.0,separable,8123.105625617661,1-1-1-2-2-2-1-0-1,1.262654755792699e-06,0.04305678100001842,577,214.45624805191844,392.48722695392644,359.1605631715534,1,0.04341898399997035
2005,9,8.0,d_optimal,8123.105625617661,1-1-1-2-2-2-1-0-1,1.262654755792699e-06,0.04305678100001842,577,214.45624805191844,392.48722695392644,359.1605631715534,1,0.044296354999971754
2006,0,2.0,shortest,8000.0,1-1-1-1-1-1-1-1-1,1.4781115888030854e-05,0.040239619999965726,577,80.60751306335263,28.934287366383288,132.41505904664402,0,0.05499431100002994
2006,0,2.0,separable,8123.105625617661,1-1-1-0-1-2-2-2-1,2.6077305375728036e-05,0.040239619999965726,577,70.48010251972488,32.79266109332039,124.39155342021162,0,0.05925614299997051
2006,0,2.0,d_optimal,8123.105625617661,1-1-1-0-1-2-2-2-1,2.6077305375728036e-05,0.040239619999965726,577,70.48010251972488,32.79266109332039,124.39155342021162,0,0.06047277200002554
2006,0,8.0,shortest,8000.0,1-1-1-1-1-1-1-1-1,1.4781115888030854e-05,0.040239619999965726,577,87.52777464235689,31.67414428230396,168.0203841085534,0,0.05332511300002807
2006,0,8.0,separable,8123.105625617661,1-1-1-0-1-2-2-2-1,2.6077305375728036e-05,0.040239619999965726,577,83.08405923108076,14.216737613196068,167.81936423667477,0,0.053050753000036366
2006,0,8.0,d_optimal,8123.105625617661,1-1-1-0-1-2-2-2-1,2.6077305375728036e-05,0.040239619999965726,577,83.08405923108076,14.216737613196068,167.81936423667477,0,0.057834814999978335
2006,1,2.0,shortest,8000.0,1-1-1-1-1-1-1-1-1,1.4781115888030854e-05,0.040239619999965726,577,58.47118017774021,58.892409459172086,88.71141056246715,0,0.07320740000000114
2006,1,2.0,separable,8123.105625617661,1-1-1-0-1-2-2-2-1,2.6077305375728036e-05,0.040239619999965726,577,58.52460575749842,73.19668095233594,89.77678085685385,0,0.05602116499994736
2006,1,2.0,d_optimal,8123.105625617661,1-1-1-0-1-2-2-2-1,2.6077305375728036e-05,0.040239619999965726,577,58.52460575749842,73.19668095233594,89.77678085685385,0,0.05559250400000337
2006,1,8.0,shortest,8000.0,1-1-1-1-1-1-1-1-1,1.4781115888030854e-05,0.040239619999965726,577,88.26715772742591,53.776646042286735,130.52694671915373,0,0.053163691999998264
2006,1,8.0,separable,8123.105625617661,1-1-1-0-1-2-2-2-1,2.6077305375728036e-05,0.040239619999965726,577,87.26779861908122,29.735271969405357,126.70911323885836,0,0.05310692799997696
2006,1,8.0,d_optimal,8123.105625617661,1-1-1-0-1-2-2-2-1,2.6077305375728036e-05,0.040239619999965726,577,87.26779861908122,29.735271969405357,126.70911323885836,0,0.053985741000019516
2006,2,2.0,shortest,8000.0,1-1-1-1-1-1-1-1-1,1.4781115888030854e-05,0.040239619999965726,577,70.0891227140886,43.2938942314841,115.86996146274456,0,0.056589850000023034
2006,2,2.0,separable,8123.105625617661,1-1-1-0-1-2-2-2-1,2.6077305375728036e-05,0.040239619999965726,577,60.99747527561354,43.79931318662211,106.87492319277814,0,0.05654974899999843
2006,2,2.0,d_optimal,8123.105625617661,1-1-1-0-1-2-2-2-1,2.6077305375728036e-05,0.040239619999965726,577,60.99747527561354,43.79931318662211,106.87492319277814,0,0.0571795140000404
2006,2,8.0,shortest,8000.0,1-1-1-1-1-1-1-1-1,1.4781115888030854e-05,0.040239619999965726,577,93.43604432405932,43.74497537039422,150.18425549467213,0,0.051556304000030195
2006,2,8.0,separable,8123.105625617661,1-1-1-0-1-2-2-2-1,2.6077305375728036e-05,0.040239619999965726,577,86.23376107695522,20.91572817658139,141.47719397265433,0,0.05262318600000526
2006,2,8.0,d_optimal,8123.105625617661,1-1-1-0-1-2-2-2-1,2.6077305375728036e-05,0.040239619999965726,577,86.23376107695522,20.91572817658139,141.47719397265433,0,0.054040770999961296
2006,3,2.0,shortest,8000.0,1-1-1-1-1-1-1-1-1,1.4781115888030854e-05,0.040239619999965726,577,74.51482905862018,31.458355610924116,102.37634355486013,0,0.057171355999969364
2006,3,2.0,separable,8123.105625617661,1-1-1-0-1-2-2-2-1,2.6077305375728036e-05,0.040239619999965726,577,62.60193330664647,12.534457390008345,93.78337285728774,0,0.05810379799999055
2006,3,2.0,d_optimal,8123.105625617661,1-1-1-0-1-2-2-2-1,2.6077305375728036e-05,0.040239619999965726,577,62.60193330664647,12.534457390008345,93.78337285728774,0,0.059206168999992315
2006,3,8.0,shortest,8000.0,1-1-1-1-1-1-1-1-1,1.4781115888030854e-05,0.040239619999965726,577,94.31209196474637,68.28611130347036,151.96343453800498,0,0.052556423999988056
2006,3,8.0,separable,8123.105625617661,1-1-1-0-1-2-2-2-1,2.6077305375728036e-05,0.040239619999965726,577,86.0171180932111,38.66142444616647,154.4073753660339,0,0.06014295899996114
2006,3,8.0,d_optimal,8123.105625617661,1-1-1-0-1-2-2-2-1,2.6077305375728036e-05,0.040239619999965726,577,86.0171180932111,38.66142444616647,154.4073753660339,0,0.052549948999967455
2006,4,2.0,shortest,8000.0,1-1-1-1-1-1-1-1-1,1.4781115888030854e-05,0.040239619999965726,577,46.970193121447736,23.444732789767485,75.77769298679618,0,0.05442378500003997
2006,4,2.0,separable,8123.105625617661,1-1-1-0-1-2-2-2-1,2.6077305375728036e-05,0.040239619999965726,577,47.276615310775085,14.966604952201475,79.88223198559459,0,0.05533410800001093
2006,4,2.0,d_optimal,8123.105625617661,1-1-1-0-1-2-2-2-1,2.6077305375728036e-05,0.040239619999965726,577,47.276615310775085,14.966604952201475,79.88223198559459,0,0.05576109800000495
2006,4,8.0,shortest,8000.0,1-1-1-1-1-1-1-1-1,1.4781115888030854e-05,0.040239619999965726,577,108.79058424953254,58.6257374779487,197.2060014054598,0,0.05242120600001954
2006,4,8.0,separable,8123.105625617661,1-1-1-0-1-2-2-2-1,2.6077305375728036e-05,0.040239619999965726,577,103.43025171713984,34.7858573952022,202.29556174420145,0,0.05266989899996588
2006,4,8.0,d_optimal,8123.105625617661,1-1-1-0-1-2-2-2-1,2.6077305375728036e-05,0.040239619999965726,577,103.43025171713984,34.7858573952022,202.29556174420145,0,0.04902554899996403
2006,5,2.0,shortest,8000.0,1-1-1-1-1-1-1-1-1,1.4781115888030854e-05,0.040239619999965726,577,58.46909624749824,24.161309362549883,97.418195658715,0,0.0531305900000234
2006,5,2.0,separable,8123.105625617661,1-1-1-0-1-2-2-2-1,2.6077305375728036e-05,0.040239619999965726,577,52.11029932033164,32.4670183731816,93.90362948564007,0,0.05805324599998585
2006,5,2.0,d_optimal,8123.105625617661,1-1-1-0-1-2-2-2-1,2.6077305375728036e-05,0.040239619999965726,577,52.11029932033164,32.4670183731816,93.90362948564007,0,0.05721764700001586
2006,5,8.0,shortest,8000.0,1-1-1-1-1-1-1-1-1,1.4781115888030854e-05,0.040239619999965726,577,92.17695888873682,66.88945342796625,136.71859592668096,0,0.052844113999981346
2006,5,8.0,separable,8123.105625617661,1-1-1-0-1-2-2-2-1,2.6077305375728036e-05,0.040239619999965726,577,82.381056730739,36.16697494634196,127.24871898028947,0,0.05194913299999371
2006,5,8.0,d_optimal,8123.105625617661,1-1-1-0-1-2-2-2-1,2.6077305375728036e-05,0.040239619999965726,577,82.381056730739,36.16697494634196,127.24871898028947,0,0.05273237000000108
2006,6,2.0,shortest,8000.0,1-1-1-1-1-1-1-1-1,1.4781115888030854e-05,0.040239619999965726,577,62.766601479121825,19.601653699952493,98.76943067206535,0,0.05644069400000262
2006,6,2.0,separable,8123.105625617661,1-1-1-0-1-2-2-2-1,2.6077305375728036e-05,0.040239619999965726,577,51.82804850171388,24.21860059025415,87.05035468446255,0,0.05507603399996697
2006,6,2.0,d_optimal,8123.105625617661,1-1-1-0-1-2-2-2-1,2.6077305375728036e-05,0.040239619999965726,577,51.82804850171388,24.21860059025415,87.05035468446255,0,0.05289099300000544
2006,6,8.0,shortest,8000.0,1-1-1-1-1-1-1-1-1,1.4781115888030854e-05,0.040239619999965726,577,67.54201688873286,66.17036354930956,105.92791121062886,0,0.051299803999995675
2006,6,8.0,separable,8123.105625617661,1-1-1-0-1-2-2-2-1,2.6077305375728036e-05,0.040239619999965726,577,58.02304911124087,34.45214393369583,99.14107908002896,0,0.053228165000007266
2006,6,8.0,d_optimal,8123.105625617661,1-1-1-0-1-2-2-2-1,2.6077305375728036e-05,0.040239619999965726,577,58.02304911124087,34.45214393369583,99.14107908002896,0,0.05483964199999036
2006,7,2.0,shortest,8000.0,1-1-1-1-1-1-1-1-1,1.4781115888030854e-05,0.040239619999965726,577,67.0996833510723,11.778411736384005,106.45014089395961,0,0.05985607299999174
2006,7,2.0,separable,8123.105625617661,1-1-1-0-1-2-2-2-1,2.6077305375728036e-05,0.040239619999965726,577,58.640155392927745,46.26043864385321,97.48989239548465,0,0.056320558999971126
2006,7,2.0,d_optimal,8123.105625617661,1-1-1-0-1-2-2-2-1,2.6077305375728036e-05,0.040239619999965726,577,58.640155392927745,46.26043864385321,97.48989239548465,0,0.06133211700000629
2006,7,8.0,shortest,8000.0,1-1-1-1-1-1-1-1-1,1.4781115888030854e-05,0.040239619999965726,577,82.20592821503593,43.72477465720775,141.93464639177685,0,0.05616393300005029
2006,7,8.0,separable,8123.105625617661,1-1-1-0-1-2-2-2-1,2.6077305375728036e-05,0.040239619999965726,577,72.7835092767743,12.750932291856882,133.0605429738741,0,0.05315918200000169
2006,7,8.0,d_optimal,8123.105625617661,1-1-1-0-1-2-2-2-1,2.6077305375728036e-05,0.040239619999965726,577,72.7835092767743,12.750932291856882,133.0605429738741,0,0.05300468399997271
2006,8,2.0,shortest,8000.0,1-1-1-1-1-1-1-1-1,1.4781115888030854e-05,0.040239619999965726,577,81.99126013463854,72.53105585524072,137.4011951156761,0,0.06428951300000563
2006,8,2.0,separable,8123.105625617661,1-1-1-0-1-2-2-2-1,2.6077305375728036e-05,0.040239619999965726,577,72.29615889830124,42.2513896832006,137.53997169456858,0,0.05902242499996646
2006,8,2.0,d_optimal,8123.105625617661,1-1-1-0-1-2-2-2-1,2.6077305375728036e-05,0.040239619999965726,577,72.29615889830124,42.2513896832006,137.53997169456858,0,0.05759248399999706
2006,8,8.0,shortest,8000.0,1-1-1-1-1-1-1-1-1,1.4781115888030854e-05,0.040239619999965726,577,88.98214187951378,46.02918219463048,159.18131434478613,0,0.05279140999999754
2006,8,8.0,separable,8123.105625617661,1-1-1-0-1-2-2-2-1,2.6077305375728036e-05,0.040239619999965726,577,77.79663667517123,8.59921095909324,150.51073571604218,0,0.05405506400001059
2006,8,8.0,d_optimal,8123.105625617661,1-1-1-0-1-2-2-2-1,2.6077305375728036e-05,0.040239619999965726,577,77.79663667517123,8.59921095909324,150.51073571604218,0,0.0551503910000406
2006,9,2.0,shortest,8000.0,1-1-1-1-1-1-1-1-1,1.4781115888030854e-05,0.040239619999965726,577,70.93272420219753,14.078042487532132,116.53131218940464,0,0.058252981999999065
2006,9,2.0,separable,8123.105625617661,1-1-1-0-1-2-2-2-1,2.6077305375728036e-05,0.040239619999965726,577,60.40535953217358,29.010844191083816,92.24918430289674,0,0.05890974799996229
2006,9,2.0,d_optimal,8123.105625617661,1-1-1-0-1-2-2-2-1,2.6077305375728036e-05,0.040239619999965726,577,60.40535953217358,29.010844191083816,92.24918430289674,0,0.053399840999986736
2006,9,8.0,shortest,8000.0,1-1-1-1-1-1-1-1-1,1.4781115888030854e-05,0.040239619999965726,577,83.00864121190308,46.888015140177,133.11239959379026,0,0.04967076499997347
2006,9,8.0,separable,8123.105625617661,1-1-1-0-1-2-2-2-1,2.6077305375728036e-05,0.040239619999965726,577,76.00078063415059,38.415821767455604,120.18271016689512,0,0.0479576309999743
2006,9,8.0,d_optimal,8123.105625617661,1-1-1-0-1-2-2-2-1,2.6077305375728036e-05,0.040239619999965726,577,76.00078063415059,38.415821767455604,120.18271016689512,0,0.04817620299996861
2007,0,2.0,shortest,8000.0,1-1-1-1-1-1-1-1-1,3.1839503360285054e-06,0.03996279199998298,577,82.15560223069761,97.26514059941356,138.2186534179872,0,0.04724323800002139
2007,0,2.0,separable,8061.55281280883,1-2-2-2-2-2-2-1-1,5.017123144340201e-06,0.03996279199998298,577,55.08679773363722,93.27238508887172,89.28456462298455,0,0.047822193999991214
2007,0,2.0,d_optimal,8123.105625617661,1-2-2-2-2-1-2-1-1,5.020973175998041e-06,0.03996279199998298,577,70.38670209078408,99.5214632078096,119.65086133669762,0,0.04756719799996745
2007,0,8.0,shortest,8000.0,1-1-1-1-1-1-1-1-1,3.1839503360285054e-06,0.03996279199998298,577,74.47352715174674,67.92385416085371,126.09688947377515,0,0.04449587499999552
2007,0,8.0,separable,8061.55281280883,1-2-2-2-2-2-2-1-1,5.017123144340201e-06,0.03996279199998298,577,78.9303805181051,53.638691629071076,131.6177701498425,0,0.04453859799997417
2007,0,8.0,d_optimal,8123.105625617661,1-2-2-2-2-1-2-1-1,5.020973175998041e-06,0.03996279199998298,577,92.54928882267373,66.89871454971522,159.09813406452537,0,0.044985861999975896
2007,1,2.0,shortest,8000.0,1-1-1-1-1-1-1-1-1,3.1839503360285054e-06,0.03996279199998298,577,67.55721090951172,73.97884881125928,114.38034543643568,0,0.0461262239999769
2007,1,2.0,separable,8061.55281280883,1-2-2-2-2-2-2-1-1,5.017123144340201e-06,0.03996279199998298,577,56.16182870376156,62.08923650001896,99.52697979957458,0,0.047436242000003404
2007,1,2.0,d_optimal,8123.105625617661,1-2-2-2-2-1-2-1-1,5.020973175998041e-06,0.03996279199998298,577,61.470668534283114,44.15936190397615,101.88004298181563,0,0.048318941999980325
2007,1,8.0,shortest,8000.0,1-1-1-1-1-1-1-1-1,3.1839503360285054e-06,0.03996279199998298,577,157.5202688391244,67.2962476041909,245.9493629920476,1,0.04558733200002507
2007,1,8.0,separable,8061.55281280883,1-2-2-2-2-2-2-1-1,5.017123144340201e-06,0.03996279199998298,577,126.71931071922356,84.40524677731477,194.48681015279178,0,0.047882054000012886
2007,1,8.0,d_optimal,8123.105625617661,1-2-2-2-2-1-2-1-1,5.020973175998041e-06,0.03996279199998298,577,144.58130154565245,58.84207466886083,239.0298782252124,1,0.045663944000011725
2007,2,2.0,shortest,8000.0,1-1-1-1-1-1-1-1-1,3.1839503360285054e-06,0.03996279199998298,577,83.51967737348278,105.5453145713536,123.56332078091276,0,0.052119941000000836
2007,2,2.0,separable,8061.55281280883,1-2-2-2-2-2-2-1-1,5.017123144340201e-06,0.03996279199998298,577,63.13328107162231,87.74867246384069,100.58524389066814,0,0.05498646800003826
2007,2,2.0,d_optimal,8123.105625617661,1-2-2-2-2-1-2-1-1,5.020973175998041e-06,0.03996279199998298,577,69.22101519034213,99.14440795756666,103.65962757101107,0,0.055084282999985135
2007,2,8.0,shortest,8000.0,1-1-1-1-1-1-1-1-1,3.1839503360285054e-06,0.03996279199998298,577,152.0211773597179,115.99486464337375,274.0738249299397,1,0.05446028199997954
2007,2,8.0,separable,8061.55281280883,1-2-2-2-2-2-2-1-1,5.017123144340201e-06,0.03996279199998298,577,145.7945783570885,130.0222635366325,255.6885950433049,1,0.052231090000020686
2007,2,8.0,d_optimal,8123.105625617661,1-2-2-2-2-1-2-1-1,5.020973175998041e-06,0.03996279199998298,577,166.96562529964902,169.06159059154376,294.62163418544577,1,0.05213115000003654
2007,3,2.0,shortest,8000.0,1-1-1-1-1-1-1-1-1,3.1839503360285054e-06,0.03996279199998298,577,112.07908952621672,154.60301500479392,203.6956345308236,0,0.054575220999993235
2007,3,2.0,separable,8061.55281280883,1-2-2-2-2-2-2-1-1,5.017123144340201e-06,0.03996279199998298,577,64.01243373294943,142.6809404117257,103.45998581650572,0,0.056390303000000586
2007,3,2.0,d_optimal,8123.105625617661,1-2-2-2-2-1-2-1-1,5.020973175998041e-06,0.03996279199998298,577,76.68631995743809,143.50223812904355,128.24511634976207,0,0.056944939000004524
2007,3,8.0,shortest,8000.0,1-1-1-1-1-1-1-1-1,3.1839503360285054e-06,0.03996279199998298,577,118.23310197803288,139.5293768166573,189.48384537164918,0,0.05257344099999273
2007,3,8.0,separable,8061.55281280883,1-2-2-2-2-2-2-1-1,5.017123144340201e-06,0.03996279199998298,577,110.92982907820051,146.87236317036076,171.749606837604,0,0.052014670999994905
2007,3,8.0,d_optimal,8123.105625617661,1-2-2-2-2-1-2-1-1,5.020973175998041e-06,0.03996279199998298,577,117.69391845705952,130.73137783215984,186.53543365809756,0,0.050240389999999024
2007,4,2.0,shortest,8000.0,1-1-1-1-1-1-1-1-1,3.1839503360285054e-06,0.03996279199998298,577,65.48853561206367,72.61944274172275,113.31013202757458,0,0.04947295499999882
2007,4,2.0,separable,8061.55281280883,1-2-2-2-2-2-2-1-1,5.017123144340201e-06,0.03996279199998298,577,56.638326340125765,77.17946273531794,83.74123350343224,0,0.05283189799996535
2007,4,2.0,d_optimal,8123.105625617661,1-2-2-2-2-1-2-1-1,5.020973175998041e-06,0.03996279199998298,577,65.39036133696736,71.84103586134601,99.94572699638199,0,0.05502881999996134
2007,4,8.0,shortest,8000.0,1-1-1-1-1-1-1-1-1,3.1839503360285054e-06,0.03996279199998298,577,85.17694815294347,60.220487897414536,138.06069212640972,0,0.050944260999983726
2007,4,8.0,separable,8061.55281280883,1-2-2-2-2-2-2-1-1,5.017123144340201e-06,0.03996279199998298,577,87.98826003108188,99.76707686459108,141.0994948272395,0,0.04709194200000866
2007,4,8.0,d_optimal,8123.105625617661,1-2-2-2-2-1-2-1-1,5.020973175998041e-06,0.03996279199998298,577,94.65295181454297,117.01614311859716,148.7049933271097,0,0.046467631999973946
2007,5,2.0,shortest,8000.0,1-1-1-1-1-1-1-1-1,3.1839503360285054e-06,0.03996279199998298,577,92.32503040679048,67.32518494735389,164.4312865003828,0,0.04880192799998895
2007,5,2.0,separable,8061.55281280883,1-2-2-2-2-2-2-1-1,5.017123144340201e-06,0.03996279199998298,577,67.69296266054148,67.95141541422781,109.60134277571957,0,0.05011320500000238
2007,5,2.0,d_optimal,8123.105625617661,1-2-2-2-2-1-2-1-1,5.020973175998041e-06,0.03996279199998298,577,87.29064371221344,71.66903271922125,150.99986631636585,0,0.05494380599998294
2007,5,8.0,shortest,8000.0,1-1-1-1-1-1-1-1-1,3.1839503360285054e-06,0.03996279199998298,577,144.262718086233,112.44229349813016,221.80729408755116,1,0.053444106000029024
2007,5,8.0,separable,8061.55281280883,1-2-2-2-2-2-2-1-1,5.017123144340201e-06,0.03996279199998298,577,133.44338411872894,115.53336746371394,199.88962704080222,0,0.05181770600000846
2007,5,8.0,d_optimal,8123.105625617661,1-2-2-2-2-1-2-1-1,5.020973175998041e-06,0.03996279199998298,577,144.31184071429516,123.17508678842617,217.74673880349732,1,0.04800911099999894
2007,6,2.0,shortest,8000.0,1-1-1-1-1-1-1-1-1,3.1839503360285054e-06,0.03996279199998298,577,67.0600513712101,62.38492768972809,134.68931471786786,0,0.04808995399997684
2007,6,2.0,separable,8061.55281280883,1-2-2-2-2-2-2-1-1,5.017123144340201e-06,0.03996279199998298,577,53.69873580586276,54.46498593619955,86.84579433864727,0,0.049587170999984664
2007,6,2.0,d_optimal,8123.105625617661,1-2-2-2-2-1-2-1-1,5.020973175998041e-06,0.03996279199998298,577,64.17165542099303,64.51677851577556,102.81697943636706,0,0.06214418899998009
2007,6,8.0,shortest,8000.0,1-1-1-1-1-1-1-1-1,3.1839503360285054e-06,0.03996279199998298,577,169.84258406127347,182.989138492891,247.0269834248824,1,0.0510920419999934
2007,6,8.0,separable,8061.55281280883,1-2-2-2-2-2-2-1-1,5.017123144340201e-06,0.03996279199998298,577,174.48203779532034,188.01653162635083,268.9897866888042,1,0.0509849510000322
2007,6,8.0,d_optimal,8123.105625617661,1-2-2-2-2-1-2-1-1,5.020973175998041e-06,0.03996279199998298,577,184.77022546452284,164.77773001151,309.29158382664957,1,0.051473321000003125
2007,7,2.0,shortest,8000.0,1-1-1-1-1-1-1-1-1,3.1839503360285054e-06,0.03996279199998298,577,62.853138785637405,67.91916554237058,123.27253770934125,0,0.05469105600002422
2007,7,2.0,separable,8061.55281280883,1-2-2-2-2-2-2-1-1,5.017123144340201e-06,0.03996279199998298,577,55.445787224186404,68.36765890981276,79.5605266763806,0,0.055975230000001375
2007,7,2.0,d_optimal,8123.105625617661,1-2-2-2-2-1-2-1-1,5.020973175998041e-06,0.03996279199998298,577,68.72764068753516,74.46051134180108,114.35971689871648,0,0.05512629099996502
2007,7,8.0,shortest,8000.0,1-1-1-1-1-1-1-1-1,3.1839503360285054e-06,0.03996279199998298,577,103.20125098761011,128.81309224329576,188.3750683662488,0,0.052082318000032046
2007,7,8.0,separable,8061.55281280883,1-2-2-2-2-2-2-1-1,5.017123144340201e-06,0.03996279199998298,577,107.1942024933548,115.72454688434354,202.82664677134957,0,0.050806610999984514
2007,7,8.0,d_optimal,8123.105625617661,1-2-2-2-2-1-2-1-1,5.020973175998041e-06,0.03996279199998298,577,111.73540703569283,111.56885299757302,210.35797513992938,0,0.051091859999985445
2007,8,2.0,shortest,8000.0,1-1-1-1-1-1-1-1-1,3.1839503360285054e-06,0.03996279199998298,577,85.7199928247188,71.2843967509184,152.3437662428213,0,0.05383794400000852
2007,8,2.0,separable,8061.55281280883,1-2-2-2-2-2-2-1-1,5.017123144340201e-06,0.03996279199998298,577,63.982196625515,73.23946732059767,101.02234044458693,0,0.056596296999998685
2007,8,2.0,d_optimal,8123.105625617661,1-2-2-2-2-1-2-1-1,5.020973175998041e-06,0.03996279199998298,577,78.60528136301762,72.54217464682343,134.82857249230946,0,0.08229351299996779
2007,8,8.0,shortest,8000.0,1-1-1-1-1-1-1-1-1,3.1839503360285054e-06,0.03996279199998298,577,65.13229261492184,81.44311380158993,111.42102142299933,0,0.05622340899998335
2007,8,8.0,separable,8061.55281280883,1-2-2-2-2-2-2-1-1,5.017123144340201e-06,0.03996279199998298,577,60.37569940356091,80.24044517642433,113.62850849991445,0,0.05298338599999397
2007,8,8.0,d_optimal,8123.105625617661,1-2-2-2-2-1-2-1-1,5.020973175998041e-06,0.03996279199998298,577,65.9995020965075,83.39703641134047,125.81472208082427,0,0.04742951399998674
2007,9,2.0,shortest,8000.0,1-1-1-1-1-1-1-1-1,3.1839503360285054e-06,0.03996279199998298,577,79.49783643334592,93.64325918859791,120.20422357553869,0,0.053433333999976185
2007,9,2.0,separable,8061.55281280883,1-2-2-2-2-2-2-1-1,5.017123144340201e-06,0.03996279199998298,577,64.79343914151758,77.90010639760096,109.79298301123949,0,0.05157953700000917
2007,9,2.0,d_optimal,8123.105625617661,1-2-2-2-2-1-2-1-1,5.020973175998041e-06,0.03996279199998298,577,81.43195298448451,93.42446692331698,135.4286927157159,0,0.04927911000004315
2007,9,8.0,shortest,8000.0,1-1-1-1-1-1-1-1-1,3.1839503360285054e-06,0.03996279199998298,577,146.79547646623325,89.56945318852374,248.78622834219541,1,0.04451059000001578
2007,9,8.0,separable,8061.55281280883,1-2-2-2-2-2-2-1-1,5.017123144340201e-06,0.03996279199998298,577,142.9145246564981,105.64316923527512,245.79208072525466,1,0.05740800600000284
2007,9,8.0,d_optimal,8123.105625617661,1-2-2-2-2-1-2-1-1,5.020973175998041e-06,0.03996279199998298,577,152.92999939594517,128.86847897628436,259.1971985356808,1,0.052848728000014944
2008,0,2.0,shortest,8000.0,1-1-1-1-1-1-1-1-1,1.4932627930334597e-06,0.042956977000017105,577,105.77764412011003,110.81924317819029,151.3096254813547,0,0.052261145999978
2008,0,2.0,separable,8123.105625617661,1-1-0-1-1-2-2-2-1,2.858495124703379e-06,0.042956977000017105,577,112.13776933375894,186.06856566621295,174.9950129263908,0,0.055314655000017865
2008,0,2.0,d_optimal,8123.105625617661,1-1-0-0-1-2-2-2-1,3.0698777663040718e-06,0.042956977000017105,577,105.75764559687278,165.2286458396761,163.43713473498352,0,0.05409913400001187
2008,0,8.0,shortest,8000.0,1-1-1-1-1-1-1-1-1,1.4932627930334597e-06,0.042956977000017105,577,49.22616328978603,121.35169782711256,83.90134324244148,0,0.04618300200002068
2008,0,8.0,separable,8123.105625617661,1-1-0-1-1-2-2-2-1,2.858495124703379e-06,0.042956977000017105,577,57.104708527308475,150.73671228232553,95.62486671424989,0,0.04521053100000927
2008,0,8.0,d_optimal,8123.105625617661,1-1-0-0-1-2-2-2-1,3.0698777663040718e-06,0.042956977000017105,577,55.12517522173566,109.59208902316684,92.90933755513429,0,0.044514168000034715
2008,1,2.0,shortest,8000.0,1-1-1-1-1-1-1-1-1,1.4932627930334597e-06,0.042956977000017105,577,40.033546076019675,60.588583073498384,61.51234796523719,0,0.046853153999961705
2008,1,2.0,separable,8123.105625617661,1-1-0-1-1-2-2-2-1,2.858495124703379e-06,0.042956977000017105,577,58.51323774745883,101.688920774781,95.31160807463664,0,0.050987033000012616
2008,1,2.0,d_optimal,8123.105625617661,1-1-0-0-1-2-2-2-1,3.0698777663040718e-06,0.042956977000017105,577,70.52772096891536,128.21042490947144,119.01238510653118,0,0.05341692299998613
2008,1,8.0,shortest,8000.0,1-1-1-1-1-1-1-1-1,1.4932627930334597e-06,0.042956977000017105,577,125.66909169764739,72.81395845903398,186.8922206845137,0,0.050747069999999894
2008,1,8.0,separable,8123.105625617661,1-1-0-1-1-2-2-2-1,2.858495124703379e-06,0.042956977000017105,577,117.89889711708385,75.51481927902944,179.96222703971077,0,0.050400599999989026
2008,1,8.0,d_optimal,8123.105625617661,1-1-0-0-1-2-2-2-1,3.0698777663040718e-06,0.042956977000017105,577,100.8992529498127,60.10768642668225,155.0262871843584,0,0.05251305699999875
2008,2,2.0,shortest,8000.0,1-1-1-1-1-1-1-1-1,1.4932627930334597e-06,0.042956977000017105,577,88.9052180516531,17.912789672024733,143.57023666799762,0,0.05276800000001458
2008,2,2.0,separable,8123.105625617661,1-1-0-1-1-2-2-2-1,2.858495124703379e-06,0.042956977000017105,577,79.62660809412387,77.38216096445603,150.76398423781748,0,0.052116632000036134
2008,2,2.0,d_optimal,8123.105625617661,1-1-0-0-1-2-2-2-1,3.0698777663040718e-06,0.042956977000017105,577,73.89952138863738,64.32006305279813,126.74419984509008,0,0.054233670999963124
2008,2,8.0,shortest,8000.0,1-1-1-1-1-1-1-1-1,1.4932627930334597e-06,0.042956977000017105,577,88.01805900773385,62.013461105804794,118.1218851984868,0,0.04828454899995904
2008,2,8.0,separable,8123.105625617661,1-1-0-1-1-2-2-2-1,2.858495124703379e-06,0.042956977000017105,577,87.62189712773836,78.3659807043088,131.96059422993466,0,0.052404760000001716
2008,2,8.0,d_optimal,8123.105625617661,1-1-0-0-1-2-2-2-1,3.0698777663040718e-06,0.042956977000017105,577,88.06258434091389,75.02781708203398,135.01503939843653,0,0.04997307200000023
2008,3,2.0,shortest,8000.0,1-1-1-1-1-1-1-1-1,1.4932627930334597e-06,0.042956977000017105,577,141.0905039848509,66.97100977703288,200.33850724697393,0,0.041912308999997094
2008,3,2.0,separable,8123.105625617661,1-1-0-1-1-2-2-2-1,2.858495124703379e-06,0.042956977000017105,577,128.99036927127577,86.0146140831399,214.1688401410636,0,0.04176941500003295
2008,3,2.0,d_optimal,8123.105625617661,1-1-0-0-1-2-2-2-1,3.0698777663040718e-06,0.042956977000017105,577,123.28311147578593,117.86590076496795,191.22062624660327,0,0.0418512290000308
2008,3,8.0,shortest,8000.0,1-1-1-1-1-1-1-1-1,1.4932627930334597e-06,0.042956977000017105,577,77.77738047308432,52.093757968090436,150.29440124988588,0,0.039880580999977155
2008,3,8.0,separable,8123.105625617661,1-1-0-1-1-2-2-2-1,2.858495124703379e-06,0.042956977000017105,577,65.52289229099966,14.868713494597094,119.02485113371462,0,0.03931963799999494
2008,3,8.0,d_optimal,8123.105625617661,1-1-0-0-1-2-2-2-1,3.0698777663040718e-06,0.042956977000017105,577,67.01221957528273,21.95062900150921,118.96652024371512,0,0.03990995100002692
2008,4,2.0,shortest,8000.0,1-1-1-1-1-1-1-1-1,1.4932627930334597e-06,0.042956977000017105,577,106.86274068438263,13.857837086403114,155.74351888405704,0,0.04875174099998958
2008,4,2.0,separable,8123.105625617661,1-1-0-1-1-2-2-2-1,2.858495124703379e-06,0.042956977000017105,577,89.21324340437125,62.38013500392247,136.4437025712515,0,0.04301151699996808
2008,4,2.0,d_optimal,8123.105625617661,1-1-0-0-1-2-2-2-1,3.0698777663040718e-06,0.042956977000017105,577,88.58133406076504,33.71638175785351,160.66130426565164,0,0.04718512100004091
2008,4,8.0,shortest,8000.0,1-1-1-1-1-1-1-1-1,1.4932627930334597e-06,0.042956977000017105,577,107.44616340653846,83.74158039814407,180.6905878357134,0,0.045747939999955634
2008,4,8.0,separable,8123.105625617661,1-1-0-1-1-2-2-2-1,2.858495124703379e-06,0.042956977000017105,577,95.37387895415955,33.59760424954078,163.37570202945767,0,0.04765058000003819
2008,4,8.0,d_optimal,8123.105625617661,1-1-0-0-1-2-2-2-1,3.0698777663040718e-06,0.042956977000017105,577,91.01258740601924,65.80733969756655,149.87212656283307,0,0.04944631099999697
2008,5,2.0,shortest,8000.0,1-1-1-1-1-1-1-1-1,1.4932627930334597e-06,0.042956977000017105,577,89.97113583925261,71.48144866852626,128.18472265491275,0,0.05590220300001647
2008,5,2.0,separable,8123.105625617661,1-1-0-1-1-2-2-2-1,2.858495124703379e-06,0.042956977000017105,577,86.37726955590315,105.06984814695242,174.8353145791147,0,0.05515453900000011
2008,5,2.0,d_optimal,8123.105625617661,1-1-0-0-1-2-2-2-1,3.0698777663040718e-06,0.042956977000017105,577,94.74215551073671,120.45254212741847,151.58256173725405,0,0.0571712289999482
2008,5,8.0,shortest,8000.0,1-1-1-1-1-1-1-1-1,1.4932627930334597e-06,0.042956977000017105,577,80.09320290887236,92.01078175313825,155.50632687618565,0,0.05111538699998164
2008,5,8.0,separable,8123.105625617661,1-1-0-1-1-2-2-2-1,2.858495124703379e-06,0.042956977000017105,577,62.26243513017992,40.24017388776638,109.27281410738567,0,0.05123337699996
2008,5,8.0,d_optimal,8123.105625617661,1-1-0-0-1-2-2-2-1,3.0698777663040718e-06,0.042956977000017105,577,67.18275727742557,46.307440767596766,118.2902897884345,0,0.060612534999961554
2008,6,2.0,shortest,8000.0,1-1-1-1-1-1-1-1-1,1.4932627930334597e-06,0.042956977000017105,577,67.03981594407884,59.58822811872201,93.3437327599016,0,0.056582274999982474
2008,6,2.0,separable,8123.105625617661,1-1-0-1-1-2-2-2-1,2.858495124703379e-06,0.042956977000017105,577,59.03578517192754,119.33915186095282,102.72661408432265,0,0.054418247000000974
2008,6,2.0,d_optimal,8123.105625617661,1-1-0-0-1-2-2-2-1,3.0698777663040718e-06,0.042956977000017105,577,59.54435368407849,123.54665504940044,103.62580570999523,0,0.05504531999997653
2008,6,8.0,shortest,8000.0,1-1-1-1-1-1-1-1-1,1.4932627930334597e-06,0.042956977000017105,577,130.06593912727766,71.04991245417197,211.85679818988834,1,0.048576953000008416
2008,6,8.0,separable,8123.105625617661,1-1-0-1-1-2-2-2-1,2.858495124703379e-06,0.042956977000017105,577,131.69947468561887,99.38374909585846,200.7044483197257,0,0.047535868000011305
2008,6,8.0,d_optimal,8123.105625617661,1-1-0-0-1-2-2-2-1,3.0698777663040718e-06,0.042956977000017105,577,117.04695907035743,30.0961498416779,184.74611455198288,0,0.048512233999986165
2008,7,2.0,shortest,8000.0,1-1-1-1-1-1-1-1-1,1.4932627930334597e-06,0.042956977000017105,577,62.82790586650384,52.60345815026694,92.23534505468491,0,0.05034629599998652
2008,7,2.0,separable,8123.105625617661,1-1-0-1-1-2-2-2-1,2.858495124703379e-06,0.042956977000017105,577,68.41381941988979,86.50547129519055,127.22343357497323,0,0.05362134099999594
2008,7,2.0,d_optimal,8123.105625617661,1-1-0-0-1-2-2-2-1,3.0698777663040718e-06,0.042956977000017105,577,62.18757014464183,80.84890289196159,103.86069718092766,0,0.053994246999991447
2008,7,8.0,shortest,8000.0,1-1-1-1-1-1-1-1-1,1.4932627930334597e-06,0.042956977000017105,577,112.87794470262868,71.00231710565707,196.7822583216808,0,0.0527780200000052
2008,7,8.0,separable,8123.105625617661,1-1-0-1-1-2-2-2-1,2.858495124703379e-06,0.042956977000017105,577,125.50714520455297,77.221410786711,201.85881634311627,0,0.05272985399994923
2008,7,8.0,d_optimal,8123.105625617661,1-1-0-0-1-2-2-2-1,3.0698777663040718e-06,0.042956977000017105,577,108.95998171547403,65.89124052742963,162.28058132612722,0,0.05268363200002568
2008,8,2.0,shortest,8000.0,1-1-1-1-1-1-1-1-1,1.4932627930334597e-06,0.042956977000017105,577,43.61658014533108,30.10886653653015,81.14609945730183,0,0.05458329600003253
2008,8,2.0,separable,8123.105625617661,1-1-0-1-1-2-2-2-1,2.858495124703379e-06,0.042956977000017105,577,59.109684623941845,92.37185141244747,106.483603858551,0,0.054213949000029515
2008,8,2.0,d_optimal,8123.105625617661,1-1-0-0-1-2-2-2-1,3.0698777663040718e-06,0.042956977000017105,577,61.85528964006585,96.80724469590866,100.77037683020909,0,0.05374357800002372
2008,8,8.0,shortest,8000.0,1-1-1-1-1-1-1-1-1,1.4932627930334597e-06,0.042956977000017105,577,115.56803925949359,22.868115697576677,192.3101031185287,0,0.0532850499999995
2008,8,8.0,separable,8123.105625617661,1-1-0-1-1-2-2-2-1,2.858495124703379e-06,0.042956977000017105,577,102.85310361722902,56.57944515453557,177.9202957836589,0,0.05183856600001491
2008,8,8.0,d_optimal,8123.105625617661,1-1-0-0-1-2-2-2-1,3.0698777663040718e-06,0.042956977000017105,577,97.76338186231776,73.39955927798029,166.71694460141964,0,0.05235552999999982
2008,9,2.0,shortest,8000.0,1-1-1-1-1-1-1-1-1,1.4932627930334597e-06,0.042956977000017105,577,105.73754933163804,141.58113027388367,175.26388312793728,0,0.05367089099996747
2008,9,2.0,separable,8123.105625617661,1-1-0-1-1-2-2-2-1,2.858495124703379e-06,0.042956977000017105,577,99.66266326232802,176.662724280464,157.9961131629954,0,0.056924804999994194
2008,9,2.0,d_optimal,8123.105625617661,1-1-0-0-1-2-2-2-1,3.0698777663040718e-06,0.042956977000017105,577,90.69965141157314,154.3055827524378,133.68278263895468,0,0.05615137800003822
2008,9,8.0,shortest,8000.0,1-1-1-1-1-1-1-1-1,1.4932627930334597e-06,0.042956977000017105,577,80.8240155200899,80.02960849301508,134.08211808749795,0,0.047870119999970484
2008,9,8.0,separable,8123.105625617661,1-1-0-1-1-2-2-2-1,2.858495124703379e-06,0.042956977000017105,577,80.15727266071582,108.10885185052119,139.39212150496374,0,0.048482320000005075
2008,9,8.0,d_optimal,8123.105625617661,1-1-0-0-1-2-2-2-1,3.0698777663040718e-06,0.042956977000017105,577,73.18480025279244,120.45073448370145,120.70545439152019,0,0.04939957799996364
2009,0,2.0,shortest,8000.0,1-1-1-1-1-1-1-1-1,3.013537974200967e-06,0.043242743999996947,577,109.08451485194811,27.54355844379683,152.92486870794494,0,0.050067612000020745
2009,0,2.0,separable,8123.105625617661,1-2-2-2-1-1-0-0-1,4.589275480279362e-06,0.043242743999996947,577,116.29369883906061,85.45915595441882,175.31015404845076,0,0.04960841999997001
2009,0,2.0,d_optimal,8123.105625617661,1-2-2-2-1-1-0-0-1,4.589275480279362e-06,0.043242743999996947,577,116.29369883906061,85.45915595441882,175.31015404845076,0,0.054744658000004165
2009,0,8.0,shortest,8000.0,1-1-1-1-1-1-1-1-1,3.013537974200967e-06,0.043242743999996947,577,117.10262368125623,100.74766152976507,185.68290103664913,0,0.049226302000022315
2009,0,8.0,separable,8123.105625617661,1-2-2-2-1-1-0-0-1,4.589275480279362e-06,0.043242743999996947,577,115.92167840027616,138.36945201272908,180.78506052705237,0,0.05085366700001259
2009,0,8.0,d_optimal,8123.105625617661,1-2-2-2-1-1-0-0-1,4.589275480279362e-06,0.043242743999996947,577,115.92167840027616,138.36945201272908,180.78506052705237,0,0.05263337500002763
2009,1,2.0,shortest,8000.0,1-1-1-1-1-1-1-1-1,3.013537974200967e-06,0.043242743999996947,577,79.92987481284933,44.6060801525256,140.05499955307695,0,0.057739408000031744
2009,1,2.0,separable,8123.105625617661,1-2-2-2-1-1-0-0-1,4.589275480279362e-06,0.043242743999996947,577,67.19633577953735,47.083998069429406,120.3396996439579,0,0.05633521400000063
2009,1,2.0,d_optimal,8123.105625617661,1-2-2-2-1-1-0-0-1,4.589275480279362e-06,0.043242743999996947,577,67.19633577953735,47.083998069429406,120.3396996439579,0,0.05743447499997956
2009,1,8.0,shortest,8000.0,1-1-1-1-1-1-1-1-1,3.013537974200967e-06,0.043242743999996947,577,158.86887534323645,140.52116599981045,221.8980024801516,0,0.04949261600000909
2009,1,8.0,separable,8123.105625617661,1-2-2-2-1-1-0-0-1,4.589275480279362e-06,0.043242743999996947,577,161.26257197206056,175.66491107373471,215.95168024369252,0,0.04433822000004284
2009,1,8.0,d_optimal,8123.105625617661,1-2-2-2-1-1-0-0-1,4.589275480279362e-06,0.043242743999996947,577,161.26257197206056,175.66491107373471,215.95168024369252,0,0.04308367900000576
2009,2,2.0,shortest,8000.0,1-1-1-1-1-1-1-1-1,3.013537974200967e-06,0.043242743999996947,577,74.99145292038358,17.824985152863107,110.03605197987602,0,0.04299092300004759
2009,2,2.0,separable,8123.105625617661,1-2-2-2-1-1-0-0-1,4.589275480279362e-06,0.043242743999996947,577,64.18629317068427,65.4490136244974,93.43960996792573,0,0.04533951500002331
2009,2,2.0,d_optimal,8123.105625617661,1-2-2-2-1-1-0-0-1,4.589275480279362e-06,0.043242743999996947,577,64.18629317068427,65.4490136244974,93.43960996792573,0,0.04484665799998311
2009,2,8.0,shortest,8000.0,1-1-1-1-1-1-1-1-1,3.013537974200967e-06,0.043242743999996947,577,172.76828649735603,158.02761220976546,243.85572687349978,1,0.038840034999964246
2009,2,8.0,separable,8123.105625617661,1-2-2-2-1-1-0-0-1,4.589275480279362e-06,0.043242743999996947,577,166.1129980816438,172.42151139226797,227.76082811788265,1,0.03970351999998911
2009,2,8.0,d_optimal,8123.105625617661,1-2-2-2-1-1-0-0-1,4.589275480279362e-06,0.043242743999996947,577,166.1129980816438,172.42151139226797,227.76082811788265,1,0.03956252599999743
2009,3,2.0,shortest,8000.0,1-1-1-1-1-1-1-1-1,3.013537974200967e-06,0.043242743999996947,577,73.41485609158023,19.729679962086184,117.28925842405978,0,0.04167346299999508
2009,3,2.0,separable,8123.105625617661,1-2-2-2-1-1-0-0-1,4.589275480279362e-06,0.043242743999996947,577,61.10002685580617,8.499165196130948,105.4380993242286,0,0.04236765099994955
2009,3,2.0,d_optimal,8123.105625617661,1-2-2-2-1-1-0-0-1,4.589275480279362e-06,0.043242743999996947,577,61.10002685580617,8.499165196130948,105.4380993242286,0,0.04235490499996786
2009,3,8.0,shortest,8000.0,1-1-1-1-1-1-1-1-1,3.013537974200967e-06,0.043242743999996947,577,202.01280308349513,258.42767054683026,311.38046417563925,1,0.03937836500000458
2009,3,8.0,separable,8123.105625617661,1-2-2-2-1-1-0-0-1,4.589275480279362e-06,0.043242743999996947,577,174.41696741722367,194.87291374296794,250.21396717936693,1,0.040630443999987165
2009,3,8.0,d_optimal,8123.105625617661,1-2-2-2-1-1-0-0-1,4.589275480279362e-06,0.043242743999996947,577,174.41696741722367,194.87291374296794,250.21396717936693,1,0.03976830599998493
2009,4,2.0,shortest,8000.0,1-1-1-1-1-1-1-1-1,3.013537974200967e-06,0.043242743999996947,577,91.50012955508316,88.35864148516588,146.37338205175928,0,0.04223639099996035
2009,4,2.0,separable,8123.105625617661,1-2-2-2-1-1-0-0-1,4.589275480279362e-06,0.043242743999996947,577,77.51360768626769,42.3113307793672,143.4895809854503,0,0.04585328199999594
2009,4,2.0,d_optimal,8123.105625617661,1-2-2-2-1-1-0-0-1,4.589275480279362e-06,0.043242743999996947,577,77.51360768626769,42.3113307793672,143.4895809854503,0,0.04241446599996834
2009,4,8.0,shortest,8000.0,1-1-1-1-1-1-1-1-1,3.013537974200967e-06,0.043242743999996947,577,156.58053920981573,183.6911718120661,251.59602190962974,1,0.04876320900001474
2009,4,8.0,separable,8123.105625617661,1-2-2-2-1-1-0-0-1,4.589275480279362e-06,0.043242743999996947,577,144.00071561719798,146.743563325555,223.6303209009073,0,0.053659461999984615
2009,4,8.0,d_optimal,8123.105625617661,1-2-2-2-1-1-0-0-1,4.589275480279362e-06,0.043242743999996947,577,144.00071561719798,146.743563325555,223.6303209009073,0,0.05360376700002689
2009,5,2.0,shortest,8000.0,1-1-1-1-1-1-1-1-1,3.013537974200967e-06,0.043242743999996947,577,123.12901896090565,109.7709351089141,180.9377500973766,0,0.05388604399996666
2009,5,2.0,separable,8123.105625617661,1-2-2-2-1-1-0-0-1,4.589275480279362e-06,0.043242743999996947,577,94.62526424458129,101.43299852854815,139.93604252225273,0,0.056100490999995145
2009,5,2.0,d_optimal,8123.105625617661,1-2-2-2-1-1-0-0-1,4.589275480279362e-06,0.043242743999996947,577,94.62526424458129,101.43299852854815,139.93604252225273,0,0.04413623799996458
2009,5,8.0,shortest,8000.0,1-1-1-1-1-1-1-1-1,3.013537974200967e-06,0.043242743999996947,577,140.101223928667,95.41947076057502,227.12025850359805,0,0.042891622000013285
2009,5,8.0,separable,8123.105625617661,1-2-2-2-1-1-0-0-1,4.589275480279362e-06,0.043242743999996947,577,129.8133698227341,123.97502728673979,205.6022645300852,0,0.04035040299999082
2009,5,8.0,d_optimal,8123.105625617661,1-2-2-2-1-1-0-0-1,4.589275480279362e-06,0.043242743999996947,577,129.8133698227341,123.97502728673979,205.6022645300852,0,0.041771627999992234
2009,6,2.0,shortest,8000.0,1-1-1-1-1-1-1-1-1,3.013537974200967e-06,0.043242743999996947,577,142.40165565491245,158.21723842197383,234.294600308503,1,0.04218787700000348
2009,6,2.0,separable,8123.105625617661,1-2-2-2-1-1-0-0-1,4.589275480279362e-06,0.043242743999996947,577,125.73461338430499,173.40570267101458,202.0524614118695,0,0.0451722480000285
2009,6,2.0,d_optimal,8123.105625617661,1-2-2-2-1-1-0-0-1,4.589275480279362e-06,0.043242743999996947,577,125.73461338430499,173.40570267101458,202.0524614118695,0,0.046039157999985036
2009,6,8.0,shortest,8000.0,1-1-1-1-1-1-1-1-1,3.013537974200967e-06,0.043242743999996947,577,144.49449733102767,158.6444992659537,213.67056475736646,1,0.04248841800000491
2009,6,8.0,separable,8123.105625617661,1-2-2-2-1-1-0-0-1,4.589275480279362e-06,0.043242743999996947,577,145.5429363107997,125.00353275911223,232.38915065463445,1,0.03977361199997631
2009,6,8.0,d_optimal,8123.105625617661,1-2-2-2-1-1-0-0-1,4.589275480279362e-06,0.043242743999996947,577,145.5429363107997,125.00353275911223,232.38915065463445,1,0.040516645000025164
2009,7,2.0,shortest,8000.0,1-1-1-1-1-1-1-1-1,3.013537974200967e-06,0.043242743999996947,577,105.95568658084555,121.17369476179334,165.0225833716031,0,0.041688102999955845
2009,7,2.0,separable,8123.105625617661,1-2-2-2-1-1-0-0-1,4.589275480279362e-06,0.043242743999996947,577,98.86493579892844,138.80118391015554,159.05547460634432,0,0.04302874199998996
2009,7,2.0,d_optimal,8123.105625617661,1-2-2-2-1-1-0-0-1,4.589275480279362e-06,0.043242743999996947,577,98.86493579892844,138.80118391015554,159.05547460634432,0,0.04392517899998438
2009,7,8.0,shortest,8000.0,1-1-1-1-1-1-1-1-1,3.013537974200967e-06,0.043242743999996947,577,130.67089788282368,131.4971519540982,201.4558690074377,0,0.04830234600001404
2009,7,8.0,separable,8123.105625617661,1-2-2-2-1-1-0-0-1,4.589275480279362e-06,0.043242743999996947,577,114.59376573179432,132.26538319889997,156.25210409247262,0,0.044567680999989534
2009,7,8.0,d_optimal,8123.105625617661,1-2-2-2-1-1-0-0-1,4.589275480279362e-06,0.043242743999996947,577,114.59376573179432,132.26538319889997,156.25210409247262,0,0.04017869699998755
2009,8,2.0,shortest,8000.0,1-1-1-1-1-1-1-1-1,3.013537974200967e-06,0.043242743999996947,577,117.95078237870513,134.28078615033266,164.04941059616175,0,0.04479240000000573
2009,8,2.0,separable,8123.105625617661,1-2-2-2-1-1-0-0-1,4.589275480279362e-06,0.043242743999996947,577,98.07786414783305,94.94165938348767,151.2945578543479,0,0.04723189099996716
2009,8,2.0,d_optimal,8123.105625617661,1-2-2-2-1-1-0-0-1,4.589275480279362e-06,0.043242743999996947,577,98.07786414783305,94.94165938348767,151.2945578543479,0,0.050664033999964886
2009,8,8.0,shortest,8000.0,1-1-1-1-1-1-1-1-1,3.013537974200967e-06,0.043242743999996947,577,126.05565659575595,132.07963100714127,203.14920417713367,0,0.043927693000000545
2009,8,8.0,separable,8123.105625617661,1-2-2-2-1-1-0-0-1,4.589275480279362e-06,0.043242743999996947,577,116.54542824758563,126.48859189358441,177.44912491658283,0,0.045577093000019886
2009,8,8.0,d_optimal,8123.105625617661,1-2-2-2-1-1-0-0-1,4.589275480279362e-06,0.043242743999996947,577,116.54542824758563,126.48859189358441,177.44912491658283,0,0.04557640199999469
2009,9,2.0,shortest,8000.0,1-1-1-1-1-1-1-1-1,3.013537974200967e-06,0.043242743999996947,577,125.35823862480653,158.18502674829082,185.92937547111154,0,0.050839943999960724
2009,9,2.0,separable,8123.105625617661,1-2-2-2-1-1-0-0-1,4.589275480279362e-06,0.043242743999996947,577,110.65773676080177,125.71502644270583,189.2255650266593,0,0.05885538400002588
2009,9,2.0,d_optimal,8123.105625617661,1-2-2-2-1-1-0-0-1,4.589275480279362e-06,0.043242743999996947,577,110.65773676080177,125.71502644270583,189.2255650266593,0,0.05050811699999258
2009,9,8.0,shortest,8000.0,1-1-1-1-1-1-1-1-1,3.013537974200967e-06,0.043242743999996947,577,175.57891921088358,202.50100436458325,256.2420525971861,1,0.04715479200001482
2009,9,8.0,separable,8123.105625617661,1-2-2-2-1-1-0-0-1,4.589275480279362e-06,0.043242743999996947,577,161.90980960028324,166.60200580732763,226.5799400731571,0,0.04881600100003425
2009,9,8.0,d_optimal,8123.105625617661,1-2-2-2-1-1-0-0-1,4.589275480279362e-06,0.043242743999996947,577,161.90980960028324,166.60200580732763,226.5799400731571,0,0.04843816999999717
2010,0,2.0,shortest,8000.0,1-1-1-1-1-1-1-1-1,1.096433499773156e-05,0.04025495199999796,577,76.85099668517269,24.629677113010583,131.04998671385292,0,0.06146032000003743
2010,0,2.0,separable,8061.55281280883,1-2-2-2-2-2-1-1-1,2.0738368775702636e-05,0.04025495199999796,577,78.5426034965316,27.85026644278045,142.394339739029,0,0.06502392600003759
2010,0,2.0,d_optimal,8123.105625617661,1-2-2-2-2-2-1-0-1,2.0796955372982164e-05,0.04025495199999796,577,76.95531343232592,22.66788947299952,142.394339739029,0,0.049671989999978905
2010,0,8.0,shortest,8000.0,1-1-1-1-1-1-1-1-1,1.096433499773156e-05,0.04025495199999796,577,133.57627031653186,97.9775794448348,216.72339448315793,0,0.0475066850000303
2010,0,8.0,separable,8061.55281280883,1-2-2-2-2-2-1-1-1,2.0738368775702636e-05,0.04025495199999796,577,140.89574653843823,145.37154421144308,229.3301140852344,0,0.05292685899996741
2010,0,8.0,d_optimal,8123.105625617661,1-2-2-2-2-2-1-0-1,2.0796955372982164e-05,0.04025495199999796,577,135.99983571415885,120.19817282701489,213.9689614594387,0,0.053608103999977175
2010,1,2.0,shortest,8000.0,1-1-1-1-1-1-1-1-1,1.096433499773156e-05,0.04025495199999796,577,97.33840514910528,36.67653782015846,173.27827094872637,0,0.058041569000010895
2010,1,2.0,separable,8061.55281280883,1-2-2-2-2-2-1-1-1,2.0738368775702636e-05,0.04025495199999796,577,94.92796092650543,41.35571036144991,169.06334832593322,0,0.054548899999986133
2010,1,2.0,d_optimal,8123.105625617661,1-2-2-2-2-2-1-0-1,2.0796955372982164e-05,0.04025495199999796,577,93.24601338914584,44.85963111628693,169.06334832593322,0,0.05766254799999615
2010,1,8.0,shortest,8000.0,1-1-1-1-1-1-1-1-1,1.096433499773156e-05,0.04025495199999796,577,144.74113099805902,180.0757231351394,214.0163604165965,0,0.05273134300000493
2010,1,8.0,separable,8061.55281280883,1-2-2-2-2-2-1-1-1,2.0738368775702636e-05,0.04025495199999796,577,135.31856290972206,173.58436631869358,196.36686558539992,0,0.05198840000002747
2010,1,8.0,d_optimal,8123.105625617661,1-2-2-2-2-2-1-0-1,2.0796955372982164e-05,0.04025495199999796,577,132.54701964248375,163.12735565792954,196.36686558539992,0,0.053774303000011514
2010,2,2.0,shortest,8000.0,1-1-1-1-1-1-1-1-1,1.096433499773156e-05,0.04025495199999796,577,95.0571790510495,61.62869011952889,162.7101810205012,0,0.05732656899999711
2010,2,2.0,separable,8061.55281280883,1-2-2-2-2-2-1-1-1,2.0738368775702636e-05,0.04025495199999796,577,90.66834299145756,70.30804195920278,161.16753791562778,0,0.055592962000048374
2010,2,2.0,d_optimal,8123.105625617661,1-2-2-2-2-2-1-0-1,2.0796955372982164e-05,0.04025495199999796,577,89.7256722934789,65.05930915024938,161.16753791562778,0,0.0573391700000343
2010,2,8.0,shortest,8000.0,1-1-1-1-1-1-1-1-1,1.096433499773156e-05,0.04025495199999796,577,137.74317221438574,116.024203557921,210.20460184122783,0,0.05339812299996538
2010,2,8.0,separable,8061.55281280883,1-2-2-2-2-2-1-1-1,2.0738368775702636e-05,0.04025495199999796,577,136.2393797678454,114.7145376242384,214.5942962796383,0,0.05392557499999384
2010,2,8.0,d_optimal,8123.105625617661,1-2-2-2-2-2-1-0-1,2.0796955372982164e-05,0.04025495199999796,577,130.87460689079703,67.8163908589925,200.689823644062,0,0.05341878699999825
2010,3,2.0,shortest,8000.0,1-1-1-1-1-1-1-1-1,1.096433499773156e-05,0.04025495199999796,577,78.4545716669608,19.314034149709286,132.62913539161633,0,0.05859901499997022
2010,3,2.0,separable,8061.55281280883,1-2-2-2-2-2-1-1-1,2.0738368775702636e-05,0.04025495199999796,577,79.11342097366735,19.125404496527086,127.87418238984907,0,0.05305517800002235
2010,3,2.0,d_optimal,8123.105625617661,1-2-2-2-2-2-1-0-1,2.0796955372982164e-05,0.04025495199999796,577,77.02947754547448,17.943370662447688,127.87418238984907,0,0.05106043199998567
2010,3,8.0,shortest,8000.0,1-1-1-1-1-1-1-1-1,1.096433499773156e-05,0.04025495199999796,577,107.2105824609677,129.88906500111852,153.6772535834402,0,0.050611718000027395
2010,3,8.0,separable,8061.55281280883,1-2-2-2-2-2-1-1-1,2.0738368775702636e-05,0.04025495199999796,577,129.02764301037362,157.26287819713346,193.7584634597353,0,0.049158349999970596
2010,3,8.0,d_optimal,8123.105625617661,1-2-2-2-2-2-1-0-1,2.0796955372982164e-05,0.04025495199999796,577,125.92088034667273,156.02724891339787,185.36911246475887,0,0.04790225400000736
2010,4,2.0,shortest,8000.0,1-1-1-1-1-1-1-1-1,1.096433499773156e-05,0.04025495199999796,577,68.32382828372505,35.3889898059456,110.66717935811114,0,0.047597422000023926
2010,4,2.0,separable,8061.55281280883,1-2-2-2-2-2-1-1-1,2.0738368775702636e-05,0.04025495199999796,577,72.17978500709643,39.20115190999347,117.10660570725867,0,0.048271218000024874
2010,4,2.0,d_optimal,8123.105625617661,1-2-2-2-2-2-1-0-1,2.0796955372982164e-05,0.04025495199999796,577,71.46891120189484,43.00672019261245,117.10660570725867,0,0.04776045599999179
2010,4,8.0,shortest,8000.0,1-1-1-1-1-1-1-1-1,1.096433499773156e-05,0.04025495199999796,577,119.3821961123306,150.30771316454604,167.02707673650096,0,0.048880748999977186
2010,4,8.0,separable,8061.55281280883,1-2-2-2-2-2-1-1-1,2.0738368775702636e-05,0.04025495199999796,577,116.34288475543897,162.3418650032327,174.22678156572465,0,0.05266200099998741
2010,4,8.0,d_optimal,8123.105625617661,1-2-2-2-2-2-1-0-1,2.0796955372982164e-05,0.04025495199999796,577,112.39369018908165,144.2447273706742,160.72390761217838,0,0.05097779900000887
2010,5,2.0,shortest,8000.0,1-1-1-1-1-1-1-1-1,1.096433499773156e-05,0.04025495199999796,577,86.51142106412364,20.37263108289113,150.5587408882392,0,0.050160846999972364
2010,5,2.0,separable,8061.55281280883,1-2-2-2-2-2-1-1-1,2.0738368775702636e-05,0.04025495199999796,577,81.37304870050318,28.961099828700082,142.2636629595487,0,0.05379626000001281
2010,5,2.0,d_optimal,8123.105625617661,1-2-2-2-2-2-1-0-1,2.0796955372982164e-05,0.04025495199999796,577,78.92483064286206,37.000110329382544,142.2636629595487,0,0.05077930599998126
2010,5,8.0,shortest,8000.0,1-1-1-1-1-1-1-1-1,1.096433499773156e-05,0.04025495199999796,577,147.08554173835591,208.42136524106567,211.98981387239692,0,0.05182582999998431
2010,5,8.0,separable,8061.55281280883,1-2-2-2-2-2-1-1-1,2.0738368775702636e-05,0.04025495199999796,577,147.26358896052002,219.98849392798,219.98849392798,0,0.052889450999998644
2010,5,8.0,d_optimal,8123.105625617661,1-2-2-2-2-2-1-0-1,2.0796955372982164e-05,0.04025495199999796,577,141.84659394402715,201.6771376092044,207.40879410950433,0,0.05574635099998204
2010,6,2.0,shortest,8000.0,1-1-1-1-1-1-1-1-1,1.096433499773156e-05,0.04025495199999796,577,89.78713040808567,39.77664019719922,153.50996497936438,0,0.05697163900003943
2010,6,2.0,separable,8061.55281280883,1-2-2-2-2-2-1-1-1,2.0738368775702636e-05,0.04025495199999796,577,90.69403285836962,37.54349832655265,156.79590371433324,0,0.06377040799998213
2010,6,2.0,d_optimal,8123.105625617661,1-2-2-2-2-2-1-0-1,2.0796955372982164e-05,0.04025495199999796,577,89.61217381928354,40.97221408283467,156.79590371433324,0,0.05550536900000225
2010,6,8.0,shortest,8000.0,1-1-1-1-1-1-1-1-1,1.096433499773156e-05,0.04025495199999796,577,117.4406350913058,36.523432579935466,182.44034933169047,0,0.05227833800000781
2010,6,8.0,separable,8061.55281280883,1-2-2-2-2-2-1-1-1,2.0738368775702636e-05,0.04025495199999796,577,101.02469090090118,50.295087244371494,156.06867169798645,0,0.0532403459999955
2010,6,8.0,d_optimal,8123.105625617661,1-2-2-2-2-2-1-0-1,2.0796955372982164e-05,0.04025495199999796,577,99.86263793979428,64.44140186838118,156.06867169798645,0,0.05741406800001414
2010,7,2.0,shortest,8000.0,1-1-1-1-1-1-1-1-1,1.096433499773156e-05,0.04025495199999796,577,80.23157240854401,20.109802620105345,131.86284399572133,0,0.05894544800003132
2010,7,2.0,separable,8061.55281280883,1-2-2-2-2-2-1-1-1,2.0738368775702636e-05,0.04025495199999796,577,77.3475542071679,31.16873490548637,129.47687636997694,0,0.06471551499998895
2010,7,2.0,d_optimal,8123.105625617661,1-2-2-2-2-2-1-0-1,2.0796955372982164e-05,0.04025495199999796,577,76.82952501232897,27.155033344363673,129.47687636997694,0,0.05907218700002659
2010,7,8.0,shortest,8000.0,1-1-1-1-1-1-1-1-1,1.096433499773156e-05,0.04025495199999796,577,138.3203986371101,191.4698774708593,197.16565843551498,0,0.053293577999966146
2010,7,8.0,separable,8061.55281280883,1-2-2-2-2-2-1-1-1,2.0738368775702636e-05,0.04025495199999796,577,127.13397853997856,166.1149442407303,177.41369237023866,0,0.05618665899999087
2010,7,8.0,d_optimal,8123.105625617661,1-2-2-2-2-2-1-0-1,2.0796955372982164e-05,0.04025495199999796,577,122.0202193690156,145.0644135100219,172.11625193334447,0,0.05128724600001533
2010,8,2.0,shortest,8000.0,1-1-1-1-1-1-1-1-1,1.096433499773156e-05,0.04025495199999796,577,93.05823187600403,40.66942523843155,170.4000314815046,0,0.0543671570000015
2010,8,2.0,separable,8061.55281280883,1-2-2-2-2-2-1-1-1,2.0738368775702636e-05,0.04025495199999796,577,91.30917411474077,46.84574036905558,175.95317411963063,0,0.05163269299998774
2010,8,2.0,d_optimal,8123.105625617661,1-2-2-2-2-2-1-0-1,2.0796955372982164e-05,0.04025495199999796,577,90.60224388334944,44.3425664941122,175.95317411963063,0,0.05077109499995913
2010,8,8.0,shortest,8000.0,1-1-1-1-1-1-1-1-1,1.096433499773156e-05,0.04025495199999796,577,97.22607154391359,107.43834780200096,147.5082173637342,0,0.04284890600001745
2010,8,8.0,separable,8061.55281280883,1-2-2-2-2-2-1-1-1,2.0738368775702636e-05,0.04025495199999796,577,104.63119119096102,113.57956881423883,156.61361590985084,0,0.04369466699995428
2010,8,8.0,d_optimal,8123.105625617661,1-2-2-2-2-2-1-0-1,2.0796955372982164e-05,0.04025495199999796,577,100.7936074212236,101.33870027841022,142.52282847414978,0,0.04083313099999941
2010,9,2.0,shortest,8000.0,1-1-1-1-1-1-1-1-1,1.096433499773156e-05,0.04025495199999796,577,80.1733254107677,52.074614492201405,144.57039685300492,0,0.04347778900000776
2010,9,2.0,separable,8061.55281280883,1-2-2-2-2-2-1-1-1,2.0738368775702636e-05,0.04025495199999796,577,80.10194297118296,49.83754228182946,146.38138923896508,0,0.04444705400004523
2010,9,2.0,d_optimal,8123.105625617661,1-2-2-2-2-2-1-0-1,2.0796955372982164e-05,0.04025495199999796,577,78.52939123837038,42.83537404493582,146.38138923896508,0,0.046071397999980945
2010,9,8.0,shortest,8000.0,1-1-1-1-1-1-1-1-1,1.096433499773156e-05,0.04025495199999796,577,115.06358202631841,107.02115700170378,181.42095668402612,0,0.044082070999991174
2010,9,8.0,separable,8061.55281280883,1-2-2-2-2-2-1-1-1,2.0738368775702636e-05,0.04025495199999796,577,119.2405610268806,114.20836776133969,187.9030809279002,0,0.044032839000010426
2010,9,8.0,d_optimal,8123.105625617661,1-2-2-2-2-2-1-0-1,2.0796955372982164e-05,0.04025495199999796,577,117.33713738296062,105.0115867324934,183.48886510892646,0,0.04466010900000583
2011,0,2.0,shortest,8000.0,1-1-1-1-1-1-1-1-1,6.521092116855882e-06,0.03532861900004036,577,112.52965448656727,5.407427286262495,187.08351506261013,0,0.045930695999970794
2011,0,2.0,separable,8184.658438426492,1-2-1-2-1-1-1-2-1,9.288657541468697e-06,0.03532861900004036,577,113.56522198108803,24.346670373383294,206.17863148214792,0,0.04927046900002097
2011,0,2.0,d_optimal,8184.658438426492,1-2-1-2-1-1-2-2-1,9.652609075593158e-06,0.03532861900004036,577,111.2467151121069,26.094694226298337,206.17863148214792,0,0.04543156899995893
2011,0,8.0,shortest,8000.0,1-1-1-1-1-1-1-1-1,6.521092116855882e-06,0.03532861900004036,577,98.50481726047914,122.99849446185603,174.33747349453563,0,0.040920003999985965
2011,0,8.0,separable,8184.658438426492,1-2-1-2-1-1-1-2-1,9.288657541468697e-06,0.03532861900004036,577,99.94109750672648,120.13303483352378,177.43486948349445,0,0.04234421799998245
2011,0,8.0,d_optimal,8184.658438426492,1-2-1-2-1-1-2-2-1,9.652609075593158e-06,0.03532861900004036,577,96.68415914281967,121.24588361675734,170.10630551454128,0,0.0428169830000229
2011,1,2.0,shortest,8000.0,1-1-1-1-1-1-1-1-1,6.521092116855882e-06,0.03532861900004036,577,111.0400848330371,14.854785369964764,190.99437336252237,0,0.04829559800003835
2011,1,2.0,separable,8184.658438426492,1-2-1-2-1-1-1-2-1,9.288657541468697e-06,0.03532861900004036,577,124.50536616376233,39.77040733223941,219.87071830822882,0,0.046728215999962686
2011,1,2.0,d_optimal,8184.658438426492,1-2-1-2-1-1-2-2-1,9.652609075593158e-06,0.03532861900004036,577,121.10935664793622,70.02664163008058,209.36913907228566,0,0.04417972100003453
2011,1,8.0,shortest,8000.0,1-1-1-1-1-1-1-1-1,6.521092116855882e-06,0.03532861900004036,577,102.1055882746282,68.39741691624793,164.0938070956735,0,0.03985441899999387
2011,1,8.0,separable,8184.658438426492,1-2-1-2-1-1-1-2-1,9.288657541468697e-06,0.03532861900004036,577,111.54586495286149,69.47182412742696,182.78849115355237,0,0.04005534200001648
2011,1,8.0,d_optimal,8184.658438426492,1-2-1-2-1-1-2-2-1,9.652609075593158e-06,0.03532861900004036,577,108.43987469772385,67.46174955458471,181.25515351624114,0,0.0397548330000177
2011,2,2.0,shortest,8000.0,1-1-1-1-1-1-1-1-1,6.521092116855882e-06,0.03532861900004036,577,116.79840927021614,39.26598810411493,173.24189703358024,0,0.043370453000022735
2011,2,2.0,separable,8184.658438426492,1-2-1-2-1-1-1-2-1,9.288657541468697e-06,0.03532861900004036,577,123.67523215763724,35.260390788131325,192.24523344866222,0,0.042808176999983516
2011,2,2.0,d_optimal,8184.658438426492,1-2-1-2-1-1-2-2-1,9.652609075593158e-06,0.03532861900004036,577,115.98336523816843,24.664072478335207,191.8644676280411,0,0.04292422000003171
2011,2,8.0,shortest,8000.0,1-1-1-1-1-1-1-1-1,6.521092116855882e-06,0.03532861900004036,577,128.43388421117584,38.25647910970203,241.08376822696894,1,0.03956401699997514
2011,2,8.0,separable,8184.658438426492,1-2-1-2-1-1-1-2-1,9.288657541468697e-06,0.03532861900004036,577,133.8776233067111,38.95056507471125,251.8254914168717,1,0.039504142999987835
2011,2,8.0,d_optimal,8184.658438426492,1-2-1-2-1-1-2-2-1,9.652609075593158e-06,0.03532861900004036,577,129.84938941943048,34.715123300525796,251.5780720704854,1,0.039175155000009454
2011,3,2.0,shortest,8000.0,1-1-1-1-1-1-1-1-1,6.521092116855882e-06,0.03532861900004036,577,103.26382846060925,31.491350751810714,169.49517771895182,0,0.04293999399999393
2011,3,2.0,separable,8184.658438426492,1-2-1-2-1-1-1-2-1,9.288657541468697e-06,0.03532861900004036,577,105.05693971338447,21.46414867777346,170.02927568818083,0,0.04281820599999264
2011,3,2.0,d_optimal,8184.658438426492,1-2-1-2-1-1-2-2-1,9.652609075593158e-06,0.03532861900004036,577,99.77768958768479,21.46183384436657,157.83850777800313,0,0.042951711000000614
2011,3,8.0,shortest,8000.0,1-1-1-1-1-1-1-1-1,6.521092116855882e-06,0.03532861900004036,577,95.28208543772867,46.777941608454086,145.12564548155282,0,0.040288550000013856
2011,3,8.0,separable,8184.658438426492,1-2-1-2-1-1-1-2-1,9.288657541468697e-06,0.03532861900004036,577,110.2499654638695,50.58841199496561,171.49990585860095,0,0.039382637000016985
2011,3,8.0,d_optimal,8184.658438426492,1-2-1-2-1-1-2-2-1,9.652609075593158e-06,0.03532861900004036,577,107.43266722981562,52.115259435261045,171.19166971891292,0,0.039506834000007984
2011,4,2.0,shortest,8000.0,1-1-1-1-1-1-1-1-1,6.521092116855882e-06,0.03532861900004036,577,82.37264035123586,26.243149592047857,134.21788282351014,0,0.043879507000042395
2011,4,2.0,separable,8184.658438426492,1-2-1-2-1-1-1-2-1,9.288657541468697e-06,0.03532861900004036,577,82.04488919821276,30.225395043599146,154.49212097959187,0,0.04354447200000777
2011,4,2.0,d_optimal,8184.658438426492,1-2-1-2-1-1-2-2-1,9.652609075593158e-06,0.03532861900004036,577,80.20355621983961,20.18496770183814,154.49212097959187,0,0.04361191800001052
2011,4,8.0,shortest,8000.0,1-1-1-1-1-1-1-1-1,6.521092116855882e-06,0.03532861900004036,577,115.39833810359191,67.25446323674772,182.4092054716161,0,0.03977440799997112
2011,4,8.0,separable,8184.658438426492,1-2-1-2-1-1-1-2-1,9.288657541468697e-06,0.03532861900004036,577,123.8693222853871,87.90335371160334,192.93061079437274,0,0.038845346999949015
2011,4,8.0,d_optimal,8184.658438426492,1-2-1-2-1-1-2-2-1,9.652609075593158e-06,0.03532861900004036,577,120.33822357920299,91.81875436695996,185.35854697366105,0,0.039487481000037405
2011,5,2.0,shortest,8000.0,1-1-1-1-1-1-1-1-1,6.521092116855882e-06,0.03532861900004036,577,88.80504145604688,23.472361791258876,140.2284256168292,0,0.04321386200001598
2011,5,2.0,separable,8184.658438426492,1-2-1-2-1-1-1-2-1,9.288657541468697e-06,0.03532861900004036,577,91.46938305315312,20.469094826438088,151.1617741686371,0,0.042723136000006434
2011,5,2.0,d_optimal,8184.658438426492,1-2-1-2-1-1-2-2-1,9.652609075593158e-06,0.03532861900004036,577,87.85900867431555,14.977667810740087,148.06673188662091,0,0.04222712099999626
2011,5,8.0,shortest,8000.0,1-1-1-1-1-1-1-1-1,6.521092116855882e-06,0.03532861900004036,577,79.66714111550034,44.54093781614762,143.16388174034614,0,0.03962205999999924
2011,5,8.0,separable,8184.658438426492,1-2-1-2-1-1-1-2-1,9.288657541468697e-06,0.03532861900004036,577,88.57255422096,34.71879865441161,157.93024363309218,0,0.0396681739999849
2011,5,8.0,d_optimal,8184.658438426492,1-2-1-2-1-1-2-2-1,9.652609075593158e-06,0.03532861900004036,577,86.18303995747392,43.017768729230745,157.21336371573457,0,0.039824712999973144
2011,6,2.0,shortest,8000.0,1-1-1-1-1-1-1-1-1,6.521092116855882e-06,0.03532861900004036,577,124.59486740106313,59.62577496249533,204.5371412773681,0,0.043907341000021916
2011,6,2.0,separable,8184.658438426492,1-2-1-2-1-1-1-2-1,9.288657541468697e-06,0.03532861900004036,577,127.8082128095195,30.23207250892247,212.3140185933849,0,0.04363348100002895
2011,6,2.0,d_optimal,8184.658438426492,1-2-1-2-1-1-2-2-1,9.652609075593158e-06,0.03532861900004036,577,126.34981418741562,19.704573349414105,200.322410363077,0,0.043597293999994235
2011,6,8.0,shortest,8000.0,1-1-1-1-1-1-1-1-1,6.521092116855882e-06,0.03532861900004036,577,111.96075569356232,124.69904710747437,168.85405906674242,0,0.038948024000035275
2011,6,8.0,separable,8184.658438426492,1-2-1-2-1-1-1-2-1,9.288657541468697e-06,0.03532861900004036,577,120.60111417430755,117.59907051132636,198.4052368645752,0,0.03912742900001831
2011,6,8.0,d_optimal,8184.658438426492,1-2-1-2-1-1-2-2-1,9.652609075593158e-06,0.03532861900004036,577,116.44120448895889,120.92873530050473,197.20328925183816,0,0.039006728999993356
2011,7,2.0,shortest,8000.0,1-1-1-1-1-1-1-1-1,6.521092116855882e-06,0.03532861900004036,577,93.44094733844226,72.86739850435731,136.5785915024784,0,0.04315688899998804
2011,7,2.0,separable,8184.658438426492,1-2-1-2-1-1-1-2-1,9.288657541468697e-06,0.03532861900004036,577,106.30297564724232,55.534382875311564,166.88560128108188,0,0.04381470900000295
2011,7,2.0,d_optimal,8184.658438426492,1-2-1-2-1-1-2-2-1,9.652609075593158e-06,0.03532861900004036,577,107.7110424822818,81.71220565082919,162.97451264389073,0,0.04471083200002113
2011,7,8.0,shortest,8000.0,1-1-1-1-1-1-1-1-1,6.521092116855882e-06,0.03532861900004036,577,71.95479157250581,65.52206793230835,114.49172719184003,0,0.04201557000004641
2011,7,8.0,separable,8184.658438426492,1-2-1-2-1-1-1-2-1,9.288657541468697e-06,0.03532861900004036,577,78.6182987356041,89.66442587515601,129.26156015641368,0,0.0502384829999869
2011,7,8.0,d_optimal,8184.658438426492,1-2-1-2-1-1-2-2-1,9.652609075593158e-06,0.03532861900004036,577,75.74498237299527,66.11202953942923,124.40307035028557,0,0.04211045900001409
2011,8,2.0,shortest,8000.0,1-1-1-1-1-1-1-1-1,6.521092116855882e-06,0.03532861900004036,577,112.78301689898373,50.81819522368185,179.84248105122697,0,0.05696861400002717
2011,8,2.0,separable,8184.658438426492,1-2-1-2-1-1-1-2-1,9.288657541468697e-06,0.03532861900004036,577,116.14642202676512,49.860641289255575,187.40642554715163,0,0.055129074000035416
2011,8,2.0,d_optimal,8184.658438426492,1-2-1-2-1-1-2-2-1,9.652609075593158e-06,0.03532861900004036,577,111.9609241327244,44.20297062622442,185.01018139465825,0,0.05657438599996567
2011,8,8.0,shortest,8000.0,1-1-1-1-1-1-1-1-1,6.521092116855882e-06,0.03532861900004036,577,139.4987025198146,63.13663858481503,234.06149953460536,0,0.05274353999999448
2011,8,8.0,separable,8184.658438426492,1-2-1-2-1-1-1-2-1,9.288657541468697e-06,0.03532861900004036,577,141.1362368332978,46.7984043635203,241.17276519605826,1,0.05426943699995945
2011,8,8.0,d_optimal,8184.658438426492,1-2-1-2-1-1-2-2-1,9.652609075593158e-06,0.03532861900004036,577,137.30042514725434,62.43397617864441,238.22511341580278,0,0.046484448000001066
2011,9,2.0,shortest,8000.0,1-1-1-1-1-1-1-1-1,6.521092116855882e-06,0.03532861900004036,577,121.99038982599427,16.29284851246439,201.9432758361447,0,0.04494992499996897
2011,9,2.0,separable,8184.658438426492,1-2-1-2-1-1-1-2-1,9.288657541468697e-06,0.03532861900004036,577,116.85650111303569,2.094496776872216,207.28202572363267,0,0.04379321300001493
2011,9,2.0,d_optimal,8184.658438426492,1-2-1-2-1-1-2-2-1,9.652609075593158e-06,0.03532861900004036,577,113.44679044074961,22.8216107924053,207.28202572363267,0,0.043182593999972596
2011,9,8.0,shortest,8000.0,1-1-1-1-1-1-1-1-1,6.521092116855882e-06,0.03532861900004036,577,129.56611631320695,124.75557554417944,204.9666625175179,0,0.041718403999993825
2011,9,8.0,separable,8184.658438426492,1-2-1-2-1-1-1-2-1,9.288657541468697e-06,0.03532861900004036,577,130.63875760653318,120.78438139955206,210.97857474833754,0,0.04173243200000343
2011,9,8.0,d_optimal,8184.658438426492,1-2-1-2-1-1-2-2-1,9.652609075593158e-06,0.03532861900004036,577,126.6252469007867,116.58590819317305,203.4628493444303,0,0.04061840600002142
2012,0,2.0,shortest,8000.0,1-1-1-1-1-1-1-1-1,6.348911295929848e-06,0.03449384700002156,577,79.65861205434393,183.47338261832667,178.76713169558386,0,0.04155570300002864
2012,0,2.0,separable,8123.105625617661,1-1-0-1-1-2-2-2-1,9.496731346840749e-06,0.03449384700002156,577,81.19593236844527,206.81644630061905,195.5728949459692,0,0.0427330040000129
2012,0,2.0,d_optimal,8123.105625617661,1-1-0-1-2-2-2-2-1,1.000803896765174e-05,0.03449384700002156,577,83.59953206577744,202.57461238991323,195.40852325019506,0,0.04254104799997549
2012,0,8.0,shortest,8000.0,1-1-1-1-1-1-1-1-1,6.348911295929848e-06,0.03449384700002156,577,140.30301498415403,278.813110000538,271.98214359741246,1,0.039107504000014615
2012,0,8.0,separable,8123.105625617661,1-1-0-1-1-2-2-2-1,9.496731346840749e-06,0.03449384700002156,577,123.08893987128107,272.4591552162672,255.3169754661039,1,0.03932743500001834
2012,0,8.0,d_optimal,8123.105625617661,1-1-0-1-2-2-2-2-1,1.000803896765174e-05,0.03449384700002156,577,126.71527684300605,277.25586357659085,260.2017134942794,1,0.038884407000011834
2012,1,2.0,shortest,8000.0,1-1-1-1-1-1-1-1-1,6.348911295929848e-06,0.03449384700002156,577,93.8739020053676,145.87534191513453,142.4525849587212,0,0.042123880999952235
2012,1,2.0,separable,8123.105625617661,1-1-0-1-1-2-2-2-1,9.496731346840749e-06,0.03449384700002156,577,89.9134184315132,169.18440217955245,161.38654479180545,0,0.04239080300004616
2012,1,2.0,d_optimal,8123.105625617661,1-1-0-1-2-2-2-2-1,1.000803896765174e-05,0.03449384700002156,577,96.86126875509133,179.92464650293843,172.2721652201547,0,0.04337270100000978
2012,1,8.0,shortest,8000.0,1-1-1-1-1-1-1-1-1,6.348911295929848e-06,0.03449384700002156,577,121.83306352307994,261.04764221225304,242.10753290911177,1,0.03925314299999627
2012,1,8.0,separable,8123.105625617661,1-1-0-1-1-2-2-2-1,9.496731346840749e-06,0.03449384700002156,577,125.49868027867461,297.0048742119736,272.3157635039104,1,0.039789020999990043
2012,1,8.0,d_optimal,8123.105625617661,1-1-0-1-2-2-2-2-1,1.000803896765174e-05,0.03449384700002156,577,112.37324493561891,265.3118553912912,241.9276200019161,1,0.03960212300000876
2012,2,2.0,shortest,8000.0,1-1-1-1-1-1-1-1-1,6.348911295929848e-06,0.03449384700002156,577,84.29985025138726,181.94011136126338,167.503292073085,0,0.04233531199997742
2012,2,2.0,separable,8123.105625617661,1-1-0-1-1-2-2-2-1,9.496731346840749e-06,0.03449384700002156,577,88.63768616377007,212.0963127716296,191.00005427444628,0,0.043586311000012756
2012,2,2.0,d_optimal,8123.105625617661,1-1-0-1-2-2-2-2-1,1.000803896765174e-05,0.03449384700002156,577,93.37349886629704,218.10440756550176,199.27790734245323,0,0.043999385999995866
2012,2,8.0,shortest,8000.0,1-1-1-1-1-1-1-1-1,6.348911295929848e-06,0.03449384700002156,577,190.33053248390388,378.0413784082502,370.02061293662325,1,0.04157747700003256
2012,2,8.0,separable,8123.105625617661,1-1-0-1-1-2-2-2-1,9.496731346840749e-06,0.03449384700002156,577,170.94790672139135,365.24021353320427,353.1723756557973,1,0.04058062299998255
2012,2,8.0,d_optimal,8123.105625617661,1-1-0-1-2-2-2-2-1,1.000803896765174e-05,0.03449384700002156,577,174.64927148854022,374.2163041807443,363.51107800595446,1,0.0395560559999808
2012,3,2.0,shortest,8000.0,1-1-1-1-1-1-1-1-1,6.348911295929848e-06,0.03449384700002156,577,80.41518491406858,161.62796531128322,142.25799608501066,0,0.04328789499999175
2012,3,2.0,separable,8123.105625617661,1-1-0-1-1-2-2-2-1,9.496731346840749e-06,0.03449384700002156,577,93.5726907561275,200.2534529733967,189.35028791562218,0,0.042321720000018104
2012,3,2.0,d_optimal,8123.105625617661,1-1-0-1-2-2-2-2-1,1.000803896765174e-05,0.03449384700002156,577,89.34721508714017,182.8175261922987,168.88402337110082,0,0.045744350999996186
2012,3,8.0,shortest,8000.0,1-1-1-1-1-1-1-1-1,6.348911295929848e-06,0.03449384700002156,577,121.8994845213711,239.17392353168256,226.5560353082104,0,0.05461072099996045
2012,3,8.0,separable,8123.105625617661,1-1-0-1-1-2-2-2-1,9.496731346840749e-06,0.03449384700002156,577,115.35795228761965,250.07476851590278,232.43155273641193,1,0.052693830999999136
2012,3,8.0,d_optimal,8123.105625617661,1-1-0-1-2-2-2-2-1,1.000803896765174e-05,0.03449384700002156,577,111.46796232910427,241.62638758640767,224.4409362452562,0,0.047602705000031165
2012,4,2.0,shortest,8000.0,1-1-1-1-1-1-1-1-1,6.348911295929848e-06,0.03449384700002156,577,101.94561938576419,212.68194947749834,219.3308194949572,0,0.05491551300002584
2012,4,2.0,separable,8123.105625617661,1-1-0-1-1-2-2-2-1,9.496731346840749e-06,0.03449384700002156,577,102.96781819230723,241.1359592805725,239.7396575604777,0,0.051477674000011575
2012,4,2.0,d_optimal,8123.105625617661,1-1-0-1-2-2-2-2-1,1.000803896765174e-05,0.03449384700002156,577,92.9199462757843,223.12064672814248,222.99441861828862,0,0.050653420999992704
2012,4,8.0,shortest,8000.0,1-1-1-1-1-1-1-1-1,6.348911295929848e-06,0.03449384700002156,577,83.79343067399532,197.46858912858576,164.20087126835276,0,0.04540537999997696
2012,4,8.0,separable,8123.105625617661,1-1-0-1-1-2-2-2-1,9.496731346840749e-06,0.03449384700002156,577,87.53878074631272,203.91231290059673,171.0542256886299,0,0.046495761000016955
2012,4,8.0,d_optimal,8123.105625617661,1-1-0-1-2-2-2-2-1,1.000803896765174e-05,0.03449384700002156,577,91.35435075642994,217.47656392006013,183.81542864276267,0,0.04614285999997492
2012,5,2.0,shortest,8000.0,1-1-1-1-1-1-1-1-1,6.348911295929848e-06,0.03449384700002156,577,69.96738515452186,126.89544426610456,125.21141259360482,0,0.04906322000005048
2012,5,2.0,separable,8123.105625617661,1-1-0-1-1-2-2-2-1,9.496731346840749e-06,0.03449384700002156,577,68.31324297421737,115.15229608334917,105.17549196422672,0,0.04546407899999849
2012,5,2.0,d_optimal,8123.105625617661,1-1-0-1-2-2-2-2-1,1.000803896765174e-05,0.03449384700002156,577,74.81572094241578,137.14819757744533,132.57054171764187,0,0.04660981500001071
2012,5,8.0,shortest,8000.0,1-1-1-1-1-1-1-1-1,6.348911295929848e-06,0.03449384700002156,577,104.75937872214531,259.98850738173434,198.47254140836495,1,0.04177301599997918
2012,5,8.0,separable,8123.105625617661,1-1-0-1-1-2-2-2-1,9.496731346840749e-06,0.03449384700002156,577,95.48106457502786,250.5491500762069,186.09862784945352,1,0.04577571300001182
2012,5,8.0,d_optimal,8123.105625617661,1-1-0-1-2-2-2-2-1,1.000803896765174e-05,0.03449384700002156,577,101.34751517710002,260.4619830174602,194.32579950173016,1,0.04367548500005114
2012,6,2.0,shortest,8000.0,1-1-1-1-1-1-1-1-1,6.348911295929848e-06,0.03449384700002156,577,83.54826249087887,162.27012700757146,144.87181120570725,0,0.04970757899997125
2012,6,2.0,separable,8123.105625617661,1-1-0-1-1-2-2-2-1,9.496731346840749e-06,0.03449384700002156,577,85.75505912252889,177.12923040154163,148.44673370644134,0,0.051401660999999876
2012,6,2.0,d_optimal,8123.105625617661,1-1-0-1-2-2-2-2-1,1.000803896765174e-05,0.03449384700002156,577,99.17243007776756,213.72932950701332,186.89964596468096,0,0.04933455099995854
2012,6,8.0,shortest,8000.0,1-1-1-1-1-1-1-1-1,6.348911295929848e-06,0.03449384700002156,577,120.84856317409795,240.69248369554043,240.52333262987563,0,0.046100996000006944
2012,6,8.0,separable,8123.105625617661,1-1-0-1-1-2-2-2-1,9.496731346840749e-06,0.03449384700002156,577,127.02863268514814,276.24814728787527,266.7913218764083,1,0.05551548899995851
2012,6,8.0,d_optimal,8123.105625617661,1-1-0-1-2-2-2-2-1,1.000803896765174e-05,0.03449384700002156,577,130.4966137989487,287.19230597831927,280.425164751235,1,0.05119545799999514
2012,7,2.0,shortest,8000.0,1-1-1-1-1-1-1-1-1,6.348911295929848e-06,0.03449384700002156,577,98.03070781801861,194.78943775115502,202.65363664475456,0,0.05284021800002847
2012,7,2.0,separable,8123.105625617661,1-1-0-1-1-2-2-2-1,9.496731346840749e-06,0.03449384700002156,577,104.20060713399448,231.56445763571585,231.8517081667653,0,0.054554804000019885
2012,7,2.0,d_optimal,8123.105625617661,1-1-0-1-2-2-2-2-1,1.000803896765174e-05,0.03449384700002156,577,107.73295694535284,233.8244352381715,236.6850742502054,1,0.05749853800000437
2012,7,8.0,shortest,8000.0,1-1-1-1-1-1-1-1-1,6.348911295929848e-06,0.03449384700002156,577,64.37218640939325,133.34443632745976,115.90179825952984,0,0.04942520499997727
2012,7,8.0,separable,8123.105625617661,1-1-0-1-1-2-2-2-1,9.496731346840749e-06,0.03449384700002156,577,67.4299621607866,152.3319640635355,133.27521347730604,0,0.05095319700001255
2012,7,8.0,d_optimal,8123.105625617661,1-1-0-1-2-2-2-2-1,1.000803896765174e-05,0.03449384700002156,577,68.11923499374917,144.83038361157332,126.18821221551813,0,0.05015374399999928
2012,8,2.0,shortest,8000.0,1-1-1-1-1-1-1-1-1,6.348911295929848e-06,0.03449384700002156,577,89.1904463468465,173.17830557957205,184.82620650111062,0,0.05230394699998442
2012,8,2.0,separable,8123.105625617661,1-1-0-1-1-2-2-2-1,9.496731346840749e-06,0.03449384700002156,577,87.93468748037007,181.40682377382154,188.707835062614,0,0.05705534300000181
2012,8,2.0,d_optimal,8123.105625617661,1-1-0-1-2-2-2-2-1,1.000803896765174e-05,0.03449384700002156,577,101.18547596145088,213.34161527271095,217.02911253316375,0,0.05404839499999525
2012,8,8.0,shortest,8000.0,1-1-1-1-1-1-1-1-1,6.348911295929848e-06,0.03449384700002156,577,136.96179497239368,262.34519693970253,271.1500625403852,1,0.045411665000017365
2012,8,8.0,separable,8123.105625617661,1-1-0-1-1-2-2-2-1,9.496731346840749e-06,0.03449384700002156,577,130.14345927976262,288.77375885356844,286.16473653590157,1,0.04541439400003355
2012,8,8.0,d_optimal,8123.105625617661,1-1-0-1-2-2-2-2-1,1.000803896765174e-05,0.03449384700002156,577,133.54969908562532,294.5776146606953,289.61681754047146,1,0.045135705000006965
2012,9,2.0,shortest,8000.0,1-1-1-1-1-1-1-1-1,6.348911295929848e-06,0.03449384700002156,577,66.15018249440257,129.373743427953,128.31372324666435,0,0.05412590500003489
2012,9,2.0,separable,8123.105625617661,1-1-0-1-1-2-2-2-1,9.496731346840749e-06,0.03449384700002156,577,76.55625365134591,171.1248233250182,169.61712023743482,0,0.05626037899997982
2012,9,2.0,d_optimal,8123.105625617661,1-1-0-1-2-2-2-2-1,1.000803896765174e-05,0.03449384700002156,577,75.2287722924357,162.99692014259816,154.52266832105954,0,0.05821481999998923
2012,9,8.0,shortest,8000.0,1-1-1-1-1-1-1-1-1,6.348911295929848e-06,0.03449384700002156,577,63.826741036176585,125.38420234955721,106.65162488698805,0,0.052201155999966886
2012,9,8.0,separable,8123.105625617661,1-1-0-1-1-2-2-2-1,9.496731346840749e-06,0.03449384700002156,577,65.92515710864227,128.04457772558484,107.98492584096074,0,0.05229576299996097
2012,9,8.0,d_optimal,8123.105625617661,1-1-0-1-2-2-2-2-1,1.000803896765174e-05,0.03449384700002156,577,69.89659968474872,142.0343992025436,118.62856163527985,0,0.04834231799998179
2013,0,2.0,shortest,8000.0,1-1-1-1-1-1-1-1-1,1.7027063280462496e-07,0.040194904000031784,577,80.03473101159115,203.3796281124775,127.70173070763039,0,0.04852289899997686
2013,0,2.0,separable,8184.658438426492,1-0-0-1-0-1-0-0-1,3.472663134437899e-07,0.040194904000031784,577,95.71853628956443,238.63030582630304,178.38242654763317,0,0.04952227199999015
2013,0,2.0,d_optimal,8184.658438426492,1-0-0-1-0-1-0-0-1,3.472663134437899e-07,0.040194904000031784,577,95.71853628956443,238.63030582630304,178.38242654763317,0,0.04991310999997722
2013,0,8.0,shortest,8000.0,1-1-1-1-1-1-1-1-1,1.7027063280462496e-07,0.040194904000031784,577,102.99411993828953,161.51023442029523,151.09398029176592,0,0.047756666999987374
2013,0,8.0,separable,8184.658438426492,1-0-0-1-0-1-0-0-1,3.472663134437899e-07,0.040194904000031784,577,102.61742660369605,183.1779527964585,150.19190569301918,0,0.04859415399999989
2013,0,8.0,d_optimal,8184.658438426492,1-0-0-1-0-1-0-0-1,3.472663134437899e-07,0.040194904000031784,577,102.61742660369605,183.1779527964585,150.19190569301918,0,0.05077285700002676
2013,1,2.0,shortest,8000.0,1-1-1-1-1-1-1-1-1,1.7027063280462496e-07,0.040194904000031784,577,79.78816823612301,125.09664526430831,111.73461834589196,0,0.05411100700001725
2013,1,2.0,separable,8184.658438426492,1-0-0-1-0-1-0-0-1,3.472663134437899e-07,0.040194904000031784,577,103.48562238975742,191.98262220084092,183.79136684118032,0,0.052313515999969695
2013,1,2.0,d_optimal,8184.658438426492,1-0-0-1-0-1-0-0-1,3.472663134437899e-07,0.040194904000031784,577,103.48562238975742,191.98262220084092,183.79136684118032,0,0.05406441200000245
2013,1,8.0,shortest,8000.0,1-1-1-1-1-1-1-1-1,1.7027063280462496e-07,0.040194904000031784,577,90.3534570479019,114.90607739267496,132.9332498917848,0,0.048979123000037816
2013,1,8.0,separable,8184.658438426492,1-0-0-1-0-1-0-0-1,3.472663134437899e-07,0.040194904000031784,577,79.33967001691374,89.3699556760622,110.83899329270209,0,0.04717308800002229
2013,1,8.0,d_optimal,8184.658438426492,1-0-0-1-0-1-0-0-1,3.472663134437899e-07,0.040194904000031784,577,79.33967001691374,89.3699556760622,110.83899329270209,0,0.04757291300001043
2013,2,2.0,shortest,8000.0,1-1-1-1-1-1-1-1-1,1.7027063280462496e-07,0.040194904000031784,577,108.48951340950313,261.0735398847442,209.2362501600286,1,0.05471171400000685
2013,2,2.0,separable,8184.658438426492,1-0-0-1-0-1-0-0-1,3.472663134437899e-07,0.040194904000031784,577,126.20310249432347,301.69736064716307,257.8122637513811,1,0.05454249699999991
2013,2,2.0,d_optimal,8184.658438426492,1-0-0-1-0-1-0-0-1,3.472663134437899e-07,0.040194904000031784,577,126.20310249432347,301.69736064716307,257.8122637513811,1,0.05984527599997591
2013,2,8.0,shortest,8000.0,1-1-1-1-1-1-1-1-1,1.7027063280462496e-07,0.040194904000031784,577,139.29777689707288,219.38543454225882,202.2164714268988,0,0.053134022999984154
2013,2,8.0,separable,8184.658438426492,1-0-0-1-0-1-0-0-1,3.472663134437899e-07,0.040194904000031784,577,139.03661759522078,230.98557809987355,193.80224007343838,0,0.05189921499999173
2013,2,8.0,d_optimal,8184.658438426492,1-0-0-1-0-1-0-0-1,3.472663134437899e-07,0.040194904000031784,577,139.03661759522078,230.98557809987355,193.80224007343838,0,0.051336573000014596
2013,3,2.0,shortest,8000.0,1-1-1-1-1-1-1-1-1,1.7027063280462496e-07,0.040194904000031784,577,72.22403345147279,125.72115635219937,115.05620701130269,0,0.05268011200001865
2013,3,2.0,separable,8184.658438426492,1-0-0-1-0-1-0-0-1,3.472663134437899e-07,0.040194904000031784,577,99.54938856096683,181.6520379595701,163.75718846964386,0,0.05371932799999968
2013,3,2.0,d_optimal,8184.658438426492,1-0-0-1-0-1-0-0-1,3.472663134437899e-07,0.040194904000031784,577,99.54938856096683,181.6520379595701,163.75718846964386,0,0.05400186099996063
2013,3,8.0,shortest,8000.0,1-1-1-1-1-1-1-1-1,1.7027063280462496e-07,0.040194904000031784,577,173.9763116286523,281.2843392112955,247.3738222922802,1,0.050577631000010115
2013,3,8.0,separable,8184.658438426492,1-0-0-1-0-1-0-0-1,3.472663134437899e-07,0.040194904000031784,577,156.70808703583063,246.36751795176292,212.1137916636912,0,0.04953532499996527
2013,3,8.0,d_optimal,8184.658438426492,1-0-0-1-0-1-0-0-1,3.472663134437899e-07,0.040194904000031784,577,156.70808703583063,246.36751795176292,212.1137916636912,0,0.04543807499999275
2013,4,2.0,shortest,8000.0,1-1-1-1-1-1-1-1-1,1.7027063280462496e-07,0.040194904000031784,577,78.92474936737838,179.94562711432997,139.35505919893004,0,0.05053652500004091
2013,4,2.0,separable,8184.658438426492,1-0-0-1-0-1-0-0-1,3.472663134437899e-07,0.040194904000031784,577,92.69371816674727,188.66139744452872,171.99679186898666,0,0.05179189300002918
2013,4,2.0,d_optimal,8184.658438426492,1-0-0-1-0-1-0-0-1,3.472663134437899e-07,0.040194904000031784,577,92.69371816674727,188.66139744452872,171.99679186898666,0,0.051992003999998815
2013,4,8.0,shortest,8000.0,1-1-1-1-1-1-1-1-1,1.7027063280462496e-07,0.040194904000031784,577,79.71010888602939,121.15284046053772,135.60537017743175,0,0.04970819400000437
2013,4,8.0,separable,8184.658438426492,1-0-0-1-0-1-0-0-1,3.472663134437899e-07,0.040194904000031784,577,93.20361038930957,166.38382254640442,141.50445529342605,0,0.053072169000017766
2013,4,8.0,d_optimal,8184.658438426492,1-0-0-1-0-1-0-0-1,3.472663134437899e-07,0.040194904000031784,577,93.20361038930957,166.38382254640442,141.50445529342605,0,0.05244571299999734
2013,5,2.0,shortest,8000.0,1-1-1-1-1-1-1-1-1,1.7027063280462496e-07,0.040194904000031784,577,57.204904579410375,93.7315243035019,85.57427181179806,0,0.05399435999999014
2013,5,2.0,separable,8184.658438426492,1-0-0-1-0-1-0-0-1,3.472663134437899e-07,0.040194904000031784,577,76.20338379404689,122.97238818046905,123.1215798894706,0,0.05993822199997112
2013,5,2.0,d_optimal,8184.658438426492,1-0-0-1-0-1-0-0-1,3.472663134437899e-07,0.040194904000031784,577,76.20338379404689,122.97238818046905,123.1215798894706,0,0.05419411200000468
2013,5,8.0,shortest,8000.0,1-1-1-1-1-1-1-1-1,1.7027063280462496e-07,0.040194904000031784,577,84.97975370328354,179.37685690895876,149.83621323053438,0,0.051033274000019446
2013,5,8.0,separable,8184.658438426492,1-0-0-1-0-1-0-0-1,3.472663134437899e-07,0.040194904000031784,577,85.03312803406486,176.04862090226797,144.16876444941204,0,0.050569268999993255
2013,5,8.0,d_optimal,8184.658438426492,1-0-0-1-0-1-0-0-1,3.472663134437899e-07,0.040194904000031784,577,85.03312803406486,176.04862090226797,144.16876444941204,0,0.04975722400001814
2013,6,2.0,shortest,8000.0,1-1-1-1-1-1-1-1-1,1.7027063280462496e-07,0.040194904000031784,577,69.70069604562659,147.11803553252642,110.92529327481907,0,0.05278270799999518
2013,6,2.0,separable,8184.658438426492,1-0-0-1-0-1-0-0-1,3.472663134437899e-07,0.040194904000031784,577,92.78560232721644,174.7019822807887,174.7019822807887,0,0.05562100399998826
2013,6,2.0,d_optimal,8184.658438426492,1-0-0-1-0-1-0-0-1,3.472663134437899e-07,0.040194904000031784,577,92.78560232721644,174.7019822807887,174.7019822807887,0,0.05248903500000779
2013,6,8.0,shortest,8000.0,1-1-1-1-1-1-1-1-1,1.7027063280462496e-07,0.040194904000031784,577,109.25007524311161,139.0418384969217,181.26929944037576,0,0.047855185000003075
2013,6,8.0,separable,8184.658438426492,1-0-0-1-0-1-0-0-1,3.472663134437899e-07,0.040194904000031784,577,106.58710750877148,161.07496645281523,148.393855568224,0,0.048586613999987094
2013,6,8.0,d_optimal,8184.658438426492,1-0-0-1-0-1-0-0-1,3.472663134437899e-07,0.040194904000031784,577,106.58710750877148,161.07496645281523,148.393855568224,0,0.05056585699998095
2013,7,2.0,shortest,8000.0,1-1-1-1-1-1-1-1-1,1.7027063280462496e-07,0.040194904000031784,577,75.17079906180757,82.94772084413336,110.34194440375285,0,0.04950254500005258
2013,7,2.0,separable,8184.658438426492,1-0-0-1-0-1-0-0-1,3.472663134437899e-07,0.040194904000031784,577,94.89220757238222,166.92293665858773,178.2517601872432,0,0.04936818999999559
2013,7,2.0,d_optimal,8184.658438426492,1-0-0-1-0-1-0-0-1,3.472663134437899e-07,0.040194904000031784,577,94.89220757238222,166.92293665858773,178.2517601872432,0,0.0500780589999863
2013,7,8.0,shortest,8000.0,1-1-1-1-1-1-1-1-1,1.7027063280462496e-07,0.040194904000031784,577,115.54979121912088,134.53810493043454,183.074970849967,0,0.048782899000002544
2013,7,8.0,separable,8184.658438426492,1-0-0-1-0-1-0-0-1,3.472663134437899e-07,0.040194904000031784,577,123.55051515108089,175.60344287785642,175.0383919946386,0,0.04110584799997241
2013,7,8.0,d_optimal,8184.658438426492,1-0-0-1-0-1-0-0-1,3.472663134437899e-07,0.040194904000031784,577,123.55051515108089,175.60344287785642,175.0383919946386,0,0.041925708000007944
2013,8,2.0,shortest,8000.0,1-1-1-1-1-1-1-1-1,1.7027063280462496e-07,0.040194904000031784,577,79.68877562899486,165.36149698381453,130.46843323251923,0,0.04039726799999244
2013,8,2.0,separable,8184.658438426492,1-0-0-1-0-1-0-0-1,3.472663134437899e-07,0.040194904000031784,577,84.92745272520797,148.4798327142942,145.67506859055374,0,0.0435505930000204
2013,8,2.0,d_optimal,8184.658438426492,1-0-0-1-0-1-0-0-1,3.472663134437899e-07,0.040194904000031784,577,84.92745272520797,148.4798327142942,145.67506859055374,0,0.04076556999996228
2013,8,8.0,shortest,8000.0,1-1-1-1-1-1-1-1-1,1.7027063280462496e-07,0.040194904000031784,577,85.44408777949361,79.25018890393983,154.0446620768571,0,0.03860966299998836
2013,8,8.0,separable,8184.658438426492,1-0-0-1-0-1-0-0-1,3.472663134437899e-07,0.040194904000031784,577,91.42754269806076,126.80637245687235,138.5635583414532,0,0.039089492000016435
2013,8,8.0,d_optimal,8184.658438426492,1-0-0-1-0-1-0-0-1,3.472663134437899e-07,0.040194904000031784,577,91.42754269806076,126.80637245687235,138.5635583414532,0,0.04651803100000507
2013,9,2.0,shortest,8000.0,1-1-1-1-1-1-1-1-1,1.7027063280462496e-07,0.040194904000031784,577,74.77312699215842,136.27728378139386,119.61758743910198,0,0.05363289400003168
2013,9,2.0,separable,8184.658438426492,1-0-0-1-0-1-0-0-1,3.472663134437899e-07,0.040194904000031784,577,115.28629913905036,282.67219329189936,254.79373212295988,1,0.05390682099999822
2013,9,2.0,d_optimal,8184.658438426492,1-0-0-1-0-1-0-0-1,3.472663134437899e-07,0.040194904000031784,577,115.28629913905036,282.67219329189936,254.79373212295988,1,0.05098730899999282
2013,9,8.0,shortest,8000.0,1-1-1-1-1-1-1-1-1,1.7027063280462496e-07,0.040194904000031784,577,114.43988369810023,242.73409423144255,213.72687666623472,0,0.044927982000046995
2013,9,8.0,separable,8184.658438426492,1-0-0-1-0-1-0-0-1,3.472663134437899e-07,0.040194904000031784,577,112.66931954330089,235.80925129269005,209.62540963577356,0,0.04310230300001194
2013,9,8.0,d_optimal,8184.658438426492,1-0-0-1-0-1-0-0-1,3.472663134437899e-07,0.040194904000031784,577,112.66931954330089,235.80925129269005,209.62540963577356,0,0.04212132200001406
2014,0,2.0,shortest,8000.0,1-1-1-1-1-1-1-1-1,1.901682712710614e-06,0.036449750999963726,577,71.62463670552421,71.56320846463207,115.48371573737604,0,0.047168915999975525
2014,0,2.0,separable,8184.658438426492,1-0-0-0-1-2-1-2-1,3.06630055759203e-06,0.036449750999963726,577,67.74169919735706,41.43818937591539,109.64113313280932,0,0.048728943000014624
2014,0,2.0,d_optimal,8184.658438426492,1-0-0-0-1-2-1-2-1,3.06630055759203e-06,0.036449750999963726,577,67.74169919735706,41.43818937591539,109.64113313280932,0,0.05415354400003025
2014,0,8.0,shortest,8000.0,1-1-1-1-1-1-1-1-1,1.901682712710614e-06,0.036449750999963726,577,101.03506301910501,128.56180268263282,152.90582410226645,0,0.05724896799995349
2014,0,8.0,separable,8184.658438426492,1-0-0-0-1-2-1-2-1,3.06630055759203e-06,0.036449750999963726,577,101.3484604426684,122.69655975136929,158.84990265001025,0,0.05867894199997181
2014,0,8.0,d_optimal,8184.658438426492,1-0-0-0-1-2-1-2-1,3.06630055759203e-06,0.036449750999963726,577,101.3484604426684,122.69655975136929,158.84990265001025,0,0.04315100100001246
2014,1,2.0,shortest,8000.0,1-1-1-1-1-1-1-1-1,1.901682712710614e-06,0.036449750999963726,577,77.0002461075689,13.463947771634464,135.77585789423054,0,0.043806217999986075
2014,1,2.0,separable,8184.658438426492,1-0-0-0-1-2-1-2-1,3.06630055759203e-06,0.036449750999963726,577,73.38069552095801,18.695896804122626,135.71386123976254,0,0.04473008100001152
2014,1,2.0,d_optimal,8184.658438426492,1-0-0-0-1-2-1-2-1,3.06630055759203e-06,0.036449750999963726,577,73.38069552095801,18.695896804122626,135.71386123976254,0,0.046326826999973036
2014,1,8.0,shortest,8000.0,1-1-1-1-1-1-1-1-1,1.901682712710614e-06,0.036449750999963726,577,100.64591328936032,111.24291975815076,176.61241015949284,0,0.044132204999982605
2014,1,8.0,separable,8184.658438426492,1-0-0-0-1-2-1-2-1,3.06630055759203e-06,0.036449750999963726,577,96.0360193974773,125.1016781166998,166.38494620245874,0,0.04211758200000304
2014,1,8.0,d_optimal,8184.658438426492,1-0-0-0-1-2-1-2-1,3.06630055759203e-06,0.036449750999963726,577,96.0360193974773,125.1016781166998,166.38494620245874,0,0.043584097000007205
2014,2,2.0,shortest,8000.0,1-1-1-1-1-1-1-1-1,1.901682712710614e-06,0.036449750999963726,577,85.28855418979961,13.343914338940223,136.45393219568004,0,0.0468298150000237
2014,2,2.0,separable,8184.658438426492,1-0-0-0-1-2-1-2-1,3.06630055759203e-06,0.036449750999963726,577,93.90360078041132,34.281772831971544,147.3920200817873,0,0.046605386000010185
2014,2,2.0,d_optimal,8184.658438426492,1-0-0-0-1-2-1-2-1,3.06630055759203e-06,0.036449750999963726,577,93.90360078041132,34.281772831971544,147.3920200817873,0,0.044583826999996745
2014,2,8.0,shortest,8000.0,1-1-1-1-1-1-1-1-1,1.901682712710614e-06,0.036449750999963726,577,85.98318508471354,112.19369835504595,153.60864892663008,0,0.04203567299998667
2014,2,8.0,separable,8184.658438426492,1-0-0-0-1-2-1-2-1,3.06630055759203e-06,0.036449750999963726,577,85.26573682853451,84.07765257006773,154.1890147125565,0,0.04273840000001883
2014,2,8.0,d_optimal,8184.658438426492,1-0-0-0-1-2-1-2-1,3.06630055759203e-06,0.036449750999963726,577,85.26573682853451,84.07765257006773,154.1890147125565,0,0.04354184900000746
2014,3,2.0,shortest,8000.0,1-1-1-1-1-1-1-1-1,1.901682712710614e-06,0.036449750999963726,577,101.096099847288,73.60981636282072,175.00144872213255,0,0.04586370499998793
2014,3,2.0,separable,8184.658438426492,1-0-0-0-1-2-1-2-1,3.06630055759203e-06,0.036449750999963726,577,85.62710020325417,32.99671805233804,148.1239655403236,0,0.047510703000000376
2014,3,2.0,d_optimal,8184.658438426492,1-0-0-0-1-2-1-2-1,3.06630055759203e-06,0.036449750999963726,577,85.62710020325417,32.99671805233804,148.1239655403236,0,0.04818886000003886
2014,3,8.0,shortest,8000.0,1-1-1-1-1-1-1-1-1,1.901682712710614e-06,0.036449750999963726,577,88.12845560818438,64.42410579561468,139.26095203670357,0,0.04023342800002183
2014,3,8.0,separable,8184.658438426492,1-0-0-0-1-2-1-2-1,3.06630055759203e-06,0.036449750999963726,577,87.77977398422125,42.858891101055065,152.00519538712248,0,0.03920061399998076
2014,3,8.0,d_optimal,8184.658438426492,1-0-0-0-1-2-1-2-1,3.06630055759203e-06,0.036449750999963726,577,87.77977398422125,42.858891101055065,152.00519538712248,0,0.03953490700001794
2014,4,2.0,shortest,8000.0,1-1-1-1-1-1-1-1-1,1.901682712710614e-06,0.036449750999963726,577,91.4855814769243,74.47950925841032,142.1607952027979,0,0.04177647199998091
2014,4,2.0,separable,8184.658438426492,1-0-0-0-1-2-1-2-1,3.06630055759203e-06,0.036449750999963726,577,84.27469881353095,40.77912662396628,138.6819542586939,0,0.041998214000045664
2014,4,2.0,d_optimal,8184.658438426492,1-0-0-0-1-2-1-2-1,3.06630055759203e-06,0.036449750999963726,577,84.27469881353095,40.77912662396628,138.6819542586939,0,0.04216974199999868
2014,4,8.0,shortest,8000.0,1-1-1-1-1-1-1-1-1,1.901682712710614e-06,0.036449750999963726,577,70.36651042259247,75.5385612339178,111.7439173552577,0,0.03965687499999149
2014,4,8.0,separable,8184.658438426492,1-0-0-0-1-2-1-2-1,3.06630055759203e-06,0.036449750999963726,577,76.6933795947618,73.61626871741618,130.32196501534685,0,0.03897628199996461
2014,4,8.0,d_optimal,8184.658438426492,1-0-0-0-1-2-1-2-1,3.06630055759203e-06,0.036449750999963726,577,76.6933795947618,73.61626871741618,130.32196501534685,0,0.039292542999987745
2014,5,2.0,shortest,8000.0,1-1-1-1-1-1-1-1-1,1.901682712710614e-06,0.036449750999963726,577,97.55082321533081,50.34408455136775,167.91053054474213,0,0.046710232000009455
2014,5,2.0,separable,8184.658438426492,1-0-0-0-1-2-1-2-1,3.06630055759203e-06,0.036449750999963726,577,89.08298274643454,35.61366838965999,153.06564406355056,0,0.04568702699998539
2014,5,2.0,d_optimal,8184.658438426492,1-0-0-0-1-2-1-2-1,3.06630055759203e-06,0.036449750999963726,577,89.08298274643454,35.61366838965999,153.06564406355056,0,0.0424799190000158
2014,5,8.0,shortest,8000.0,1-1-1-1-1-1-1-1-1,1.901682712710614e-06,0.036449750999963726,577,109.08259649023086,102.27085476888213,186.53428953999278,0,0.03892408400002978
2014,5,8.0,separable,8184.658438426492,1-0-0-0-1-2-1-2-1,3.06630055759203e-06,0.036449750999963726,577,102.36275012639717,87.39769481981165,187.73355311056864,0,0.03980755100002398
2014,5,8.0,d_optimal,8184.658438426492,1-0-0-0-1-2-1-2-1,3.06630055759203e-06,0.036449750999963726,577,102.36275012639717,87.39769481981165,187.73355311056864,0,0.0402891699999941
2014,6,2.0,shortest,8000.0,1-1-1-1-1-1-1-1-1,1.901682712710614e-06,0.036449750999963726,577,96.58282572307574,71.75649225838627,160.9944452925143,0,0.04125078599997778
2014,6,2.0,separable,8184.658438426492,1-0-0-0-1-2-1-2-1,3.06630055759203e-06,0.036449750999963726,577,83.15378873628481,44.52326190417886,150.0412514258064,0,0.0425433460000022
2014,6,2.0,d_optimal,8184.658438426492,1-0-0-0-1-2-1-2-1,3.06630055759203e-06,0.036449750999963726,577,83.15378873628481,44.52326190417886,150.0412514258064,0,0.043188528000030146
2014,6,8.0,shortest,8000.0,1-1-1-1-1-1-1-1-1,1.901682712710614e-06,0.036449750999963726,577,126.26499204875448,132.61939251665117,216.14836481980052,0,0.04008249200001046
2014,6,8.0,separable,8184.658438426492,1-0-0-0-1-2-1-2-1,3.06630055759203e-06,0.036449750999963726,577,125.40009886747504,124.34956178223837,221.1763840359185,0,0.04125698199999306
2014,6,8.0,d_optimal,8184.658438426492,1-0-0-0-1-2-1-2-1,3.06630055759203e-06,0.036449750999963726,577,125.40009886747504,124.34956178223837,221.1763840359185,0,0.04559210300004679
2014,7,2.0,shortest,8000.0,1-1-1-1-1-1-1-1-1,1.901682712710614e-06,0.036449750999963726,577,77.4380619744034,55.81307532063973,135.41090709890204,0,0.045264986999995926
2014,7,2.0,separable,8184.658438426492,1-0-0-0-1-2-1-2-1,3.06630055759203e-06,0.036449750999963726,577,81.23310121468799,32.76404918052741,157.96778716145286,0,0.04808530299999347
2014,7,2.0,d_optimal,8184.658438426492,1-0-0-0-1-2-1-2-1,3.06630055759203e-06,0.036449750999963726,577,81.23310121468799,32.76404918052741,157.96778716145286,0,0.04658723799997233
2014,7,8.0,shortest,8000.0,1-1-1-1-1-1-1-1-1,1.901682712710614e-06,0.036449750999963726,577,80.09600501945846,67.69776521887287,114.16215299747464,0,0.0402214199999662
2014,7,8.0,separable,8184.658438426492,1-0-0-0-1-2-1-2-1,3.06630055759203e-06,0.036449750999963726,577,85.2973101631138,50.89197874939304,123.19402165596274,0,0.039850645999990775
2014,7,8.0,d_optimal,8184.658438426492,1-0-0-0-1-2-1-2-1,3.06630055759203e-06,0.036449750999963726,577,85.2973101631138,50.89197874939304,123.19402165596274,0,0.0396920989999785
2014,8,2.0,shortest,8000.0,1-1-1-1-1-1-1-1-1,1.901682712710614e-06,0.036449750999963726,577,95.23035474983968,44.70227167920529,177.17790052348258,0,0.05256944400002794
2014,8,2.0,separable,8184.658438426492,1-0-0-0-1-2-1-2-1,3.06630055759203e-06,0.036449750999963726,577,98.53199028780439,11.594856513416655,188.34043441299622,0,0.05166456400002062
2014,8,2.0,d_optimal,8184.658438426492,1-0-0-0-1-2-1-2-1,3.06630055759203e-06,0.036449750999963726,577,98.53199028780439,11.594856513416655,188.34043441299622,0,0.04985409400001117
2014,8,8.0,shortest,8000.0,1-1-1-1-1-1-1-1-1,1.901682712710614e-06,0.036449750999963726,577,114.16723127726831,91.76136165517656,174.54896713535862,0,0.04150018199999295
2014,8,8.0,separable,8184.658438426492,1-0-0-0-1-2-1-2-1,3.06630055759203e-06,0.036449750999963726,577,115.27300815099332,81.43582071020732,177.9917533461654,0,0.0417739240000401
2014,8,8.0,d_optimal,8184.658438426492,1-0-0-0-1-2-1-2-1,3.06630055759203e-06,0.036449750999963726,577,115.27300815099332,81.43582071020732,177.9917533461654,0,0.04266425899999149
2014,9,2.0,shortest,8000.0,1-1-1-1-1-1-1-1-1,1.901682712710614e-06,0.036449750999963726,577,94.80141071762574,48.78515287556607,152.4268658311052,0,0.04184349500002327
2014,9,2.0,separable,8184.658438426492,1-0-0-0-1-2-1-2-1,3.06630055759203e-06,0.036449750999963726,577,88.35976699842749,43.584258988537336,153.8504573553395,0,0.04286348700003373
2014,9,2.0,d_optimal,8184.658438426492,1-0-0-0-1-2-1-2-1,3.06630055759203e-06,0.036449750999963726,577,88.35976699842749,43.584258988537336,153.8504573553395,0,0.04439997800000128
2014,9,8.0,shortest,8000.0,1-1-1-1-1-1-1-1-1,1.901682712710614e-06,0.036449750999963726,577,108.18054438725945,72.49106656426478,193.29610339908248,0,0.047037588000023334
2014,9,8.0,separable,8184.658438426492,1-0-0-0-1-2-1-2-1,3.06630055759203e-06,0.036449750999963726,577,97.92447866860674,62.29876887037543,178.00795521140503,0,0.052135458000009294
2014,9,8.0,d_optimal,8184.658438426492,1-0-0-0-1-2-1-2-1,3.06630055759203e-06,0.036449750999963726,577,97.92447866860674,62.29876887037543,178.00795521140503,0,0.05063075300000719
2015,0,2.0,shortest,8000.0,1-1-1-1-1-1-1-1-1,9.380768926550644e-06,0.039870489000009,577,33.78119661673746,39.82580948668066,52.11432369474247,0,0.047804095999993024
2015,0,2.0,separable,8061.55281280883,1-2-2-2-2-2-2-1-1,1.2371109184788004e-05,0.039870489000009,577,33.36706010515828,31.249001978834734,57.54643633162218,0,0.055445268000028136
2015,0,2.0,d_optimal,8123.105625617661,1-1-2-2-2-2-1-0-1,1.4190116741083312e-05,0.039870489000009,577,33.068888396184526,46.1346291481211,55.38350732126176,0,0.05764559099998223
2015,0,8.0,shortest,8000.0,1-1-1-1-1-1-1-1-1,9.380768926550644e-06,0.039870489000009,577,53.43785954704849,29.755141271435267,82.90787148597404,0,0.05401648100001921
2015,0,8.0,separable,8061.55281280883,1-2-2-2-2-2-2-1-1,1.2371109184788004e-05,0.039870489000009,577,55.78204348646459,25.66309483257932,80.84520730435149,0,0.056250879000003806
2015,0,8.0,d_optimal,8123.105625617661,1-1-2-2-2-2-1-0-1,1.4190116741083312e-05,0.039870489000009,577,50.371313636522856,23.647590873976917,79.0193405389534,0,0.051395854000020336
2015,1,2.0,shortest,8000.0,1-1-1-1-1-1-1-1-1,9.380768926550644e-06,0.039870489000009,577,47.51641298260302,74.92500595309241,86.3470943276134,0,0.06366496600003302
2015,1,2.0,separable,8061.55281280883,1-2-2-2-2-2-2-1-1,1.2371109184788004e-05,0.039870489000009,577,38.76850450351851,50.07873131268482,63.53583207860318,0,0.060304838999968524
2015,1,2.0,d_optimal,8123.105625617661,1-1-2-2-2-2-1-0-1,1.4190116741083312e-05,0.039870489000009,577,39.45630879999518,59.55395577140076,64.98993346442025,0,0.052884086000005937
2015,1,8.0,shortest,8000.0,1-1-1-1-1-1-1-1-1,9.380768926550644e-06,0.039870489000009,577,64.62622122934388,69.24135938114941,109.06595617135574,0,0.05360040599998683
2015,1,8.0,separable,8061.55281280883,1-2-2-2-2-2-2-1-1,1.2371109184788004e-05,0.039870489000009,577,58.35428625905298,61.54554396784996,92.86331006510507,0,0.052901375999965694
2015,1,8.0,d_optimal,8123.105625617661,1-1-2-2-2-2-1-0-1,1.4190116741083312e-05,0.039870489000009,577,61.35874164323547,83.6557235706267,94.99914556325653,0,0.05019469100000151
2015,2,2.0,shortest,8000.0,1-1-1-1-1-1-1-1-1,9.380768926550644e-06,0.039870489000009,577,42.96171240588077,17.776959608542224,78.04074133031169,0,0.05713584099999025
2015,2,2.0,separable,8061.55281280883,1-2-2-2-2-2-2-1-1,1.2371109184788004e-05,0.039870489000009,577,43.20946050095742,6.225141090056898,67.88470068403353,0,0.0646620449999773
2015,2,2.0,d_optimal,8123.105625617661,1-1-2-2-2-2-1-0-1,1.4190116741083312e-05,0.039870489000009,577,44.85706556258909,24.98353777635229,68.82850491577366,0,0.05542096599998558
2015,2,8.0,shortest,8000.0,1-1-1-1-1-1-1-1-1,9.380768926550644e-06,0.039870489000009,577,69.40700819050599,58.89399354525058,114.18426657268611,0,0.04234587299998793
2015,2,8.0,separable,8061.55281280883,1-2-2-2-2-2-2-1-1,1.2371109184788004e-05,0.039870489000009,577,66.5714429333371,64.47273800421067,120.75104661370162,0,0.04521743000003653
2015,2,8.0,d_optimal,8123.105625617661,1-1-2-2-2-2-1-0-1,1.4190116741083312e-05,0.039870489000009,577,74.63248886783371,60.30554785871085,132.78312909945595,0,0.04140295199999855
2015,3,2.0,shortest,8000.0,1-1-1-1-1-1-1-1-1,9.380768926550644e-06,0.039870489000009,577,61.079147701305814,40.46006982278232,121.47976825617299,0,0.043503646000033314
2015,3,2.0,separable,8061.55281280883,1-2-2-2-2-2-2-1-1,1.2371109184788004e-05,0.039870489000009,577,57.67059537062426,42.5098225132433,120.17152901087873,0,0.04408783000002359
2015,3,2.0,d_optimal,8123.105625617661,1-1-2-2-2-2-1-0-1,1.4190116741083312e-05,0.039870489000009,577,66.38324786545027,42.91066939550823,134.28697993875443,0,0.04456011000002036
2015,3,8.0,shortest,8000.0,1-1-1-1-1-1-1-1-1,9.380768926550644e-06,0.039870489000009,577,63.03862446688341,66.37495963661488,89.07752667022913,0,0.04096967399999585
2015,3,8.0,separable,8061.55281280883,1-2-2-2-2-2-2-1-1,1.2371109184788004e-05,0.039870489000009,577,58.370736856707275,60.05384257909001,99.89225506943714,0,0.0424061670000242
2015,3,8.0,d_optimal,8123.105625617661,1-1-2-2-2-2-1-0-1,1.4190116741083312e-05,0.039870489000009,577,60.307636564243886,61.02468570018189,101.89164480939236,0,0.04167101799998818
2015,4,2.0,shortest,8000.0,1-1-1-1-1-1-1-1-1,9.380768926550644e-06,0.039870489000009,577,66.04524665846513,90.12498311509239,121.72459968970433,0,0.04411546000000044
2015,4,2.0,separable,8061.55281280883,1-2-2-2-2-2-2-1-1,1.2371109184788004e-05,0.039870489000009,577,57.83387282054393,54.044125786604,111.9597630206809,0,0.04441853100001936
2015,4,2.0,d_optimal,8123.105625617661,1-1-2-2-2-2-1-0-1,1.4190116741083312e-05,0.039870489000009,577,61.30649010855407,73.13868360304421,117.21107211608594,0,0.04937843499999417
2015,4,8.0,shortest,8000.0,1-1-1-1-1-1-1-1-1,9.380768926550644e-06,0.039870489000009,577,44.80032675245767,98.2618407530893,85.32156277164565,0,0.04572136400003046
2015,4,8.0,separable,8061.55281280883,1-2-2-2-2-2-2-1-1,1.2371109184788004e-05,0.039870489000009,577,46.56642074759258,98.17421362310331,87.65675740799995,0,0.04226861699999063
2015,4,8.0,d_optimal,8123.105625617661,1-1-2-2-2-2-1-0-1,1.4190116741083312e-05,0.039870489000009,577,48.574503702157386,92.80374408011912,81.53608154223534,0,0.04565445999998019
2015,5,2.0,shortest,8000.0,1-1-1-1-1-1-1-1-1,9.380768926550644e-06,0.039870489000009,577,41.46701623774331,32.150845852402384,62.75099026133811,0,0.04424696300003461
2015,5,2.0,separable,8061.55281280883,1-2-2-2-2-2-2-1-1,1.2371109184788004e-05,0.039870489000009,577,44.00461731711325,38.776932234792774,82.3413183151567,0,0.04458217799998465
2015,5,2.0,d_optimal,8123.105625617661,1-1-2-2-2-2-1-0-1,1.4190116741083312e-05,0.039870489000009,577,51.646397129631296,35.64005106248848,91.26740006809173,0,0.04593115099999068
2015,5,8.0,shortest,8000.0,1-1-1-1-1-1-1-1-1,9.380768926550644e-06,0.039870489000009,577,68.54984206885257,102.35346502149733,111.5974164289036,0,0.04378282400000444
2015,5,8.0,separable,8061.55281280883,1-2-2-2-2-2-2-1-1,1.2371109184788004e-05,0.039870489000009,577,65.7113856108404,98.45419650633795,111.77139207551176,0,0.04198224599997502
2015,5,8.0,d_optimal,8123.105625617661,1-1-2-2-2-2-1-0-1,1.4190116741083312e-05,0.039870489000009,577,64.973448187754,105.54194005307461,118.37206199135358,0,0.042721018000008826
2015,6,2.0,shortest,8000.0,1-1-1-1-1-1-1-1-1,9.380768926550644e-06,0.039870489000009,577,36.94609309665806,38.534166399337956,57.366443655422216,0,0.04598138800002971
2015,6,2.0,separable,8061.55281280883,1-2-2-2-2-2-2-1-1,1.2371109184788004e-05,0.039870489000009,577,37.81998455349379,48.586241757681606,59.63115230290256,0,0.044432991999997284
2015,6,2.0,d_optimal,8123.105625617661,1-1-2-2-2-2-1-0-1,1.4190116741083312e-05,0.039870489000009,577,41.09874295986784,46.46232455544723,62.32688248106577,0,0.04472364199995127
2015,6,8.0,shortest,8000.0,1-1-1-1-1-1-1-1-1,9.380768926550644e-06,0.039870489000009,577,47.823954397795426,63.81679491473365,77.53398034171072,0,0.04071920900003079
2015,6,8.0,separable,8061.55281280883,1-2-2-2-2-2-2-1-1,1.2371109184788004e-05,0.039870489000009,577,49.705008199923064,53.08680638859613,89.3896889975343,0,0.04061109099995974
2015,6,8.0,d_optimal,8123.105625617661,1-1-2-2-2-2-1-0-1,1.4190116741083312e-05,0.039870489000009,577,46.83311587862109,77.76679546593402,80.81897945946659,0,0.04106893900001296
2015,7,2.0,shortest,8000.0,1-1-1-1-1-1-1-1-1,9.380768926550644e-06,0.039870489000009,577,47.29775954014574,51.81537531662356,81.80344171639432,0,0.04525551699998687
2015,7,2.0,separable,8061.55281280883,1-2-2-2-2-2-2-1-1,1.2371109184788004e-05,0.039870489000009,577,48.04760821153847,47.98325363940652,83.11276324488963,0,0.04687065000001667
2015,7,2.0,d_optimal,8123.105625617661,1-1-2-2-2-2-1-0-1,1.4190116741083312e-05,0.039870489000009,577,54.112490630606814,52.58484085082253,98.12684019690865,0,0.0449664100000291
2015,7,8.0,shortest,8000.0,1-1-1-1-1-1-1-1-1,9.380768926550644e-06,0.039870489000009,577,45.87770394355909,71.97855158340306,71.43950795054837,0,0.040566914999999426
2015,7,8.0,separable,8061.55281280883,1-2-2-2-2-2-2-1-1,1.2371109184788004e-05,0.039870489000009,577,45.627352558463905,61.89305877318073,70.84719788716532,0,0.03988570100000288
2015,7,8.0,d_optimal,8123.105625617661,1-1-2-2-2-2-1-0-1,1.4190116741083312e-05,0.039870489000009,577,47.1464342229735,64.1214980273463,70.83206713952133,0,0.040453721999995196
2015,8,2.0,shortest,8000.0,1-1-1-1-1-1-1-1-1,9.380768926550644e-06,0.039870489000009,577,39.31024935203677,69.7662400554225,63.090324107437226,0,0.045219475000010334
2015,8,2.0,separable,8061.55281280883,1-2-2-2-2-2-2-1-1,1.2371109184788004e-05,0.039870489000009,577,44.57811566426338,63.01441483747667,82.76186787192674,0,0.04567066199996361
2015,8,2.0,d_optimal,8123.105625617661,1-1-2-2-2-2-1-0-1,1.4190116741083312e-05,0.039870489000009,577,49.833530930234055,68.75600740765238,88.08473173484886,0,0.05048213399999213
2015,8,8.0,shortest,8000.0,1-1-1-1-1-1-1-1-1,9.380768926550644e-06,0.039870489000009,577,67.17083301149846,50.26953373093618,108.18298535516543,0,0.042940195999960906
2015,8,8.0,separable,8061.55281280883,1-2-2-2-2-2-2-1-1,1.2371109184788004e-05,0.039870489000009,577,63.5243669957785,51.041719051623716,120.52848883798062,0,0.04290631300000314
2015,8,8.0,d_optimal,8123.105625617661,1-1-2-2-2-2-1-0-1,1.4190116741083312e-05,0.039870489000009,577,57.8325797900416,56.52762443825866,111.97611209817471,0,0.04202957999996215
2015,9,2.0,shortest,8000.0,1-1-1-1-1-1-1-1-1,9.380768926550644e-06,0.039870489000009,577,65.76728520226305,93.3413497525333,122.68112773040158,0,0.04400489900001503
2015,9,2.0,separable,8061.55281280883,1-2-2-2-2-2-2-1-1,1.2371109184788004e-05,0.039870489000009,577,50.05536495244313,74.15972590670702,80.85191698450528,0,0.045181061999983285
2015,9,2.0,d_optimal,8123.105625617661,1-1-2-2-2-2-1-0-1,1.4190116741083312e-05,0.039870489000009,577,60.98300613008762,100.54308422932704,115.09022858529556,0,0.04677348199999187
2015,9,8.0,shortest,8000.0,1-1-1-1-1-1-1-1-1,9.380768926550644e-06,0.039870489000009,577,69.28288766418768,39.23177526765307,146.54308878141572,0,0.040894460000004074
2015,9,8.0,separable,8061.55281280883,1-2-2-2-2-2-2-1-1,1.2371109184788004e-05,0.039870489000009,577,72.55982952358373,55.02053883018274,155.2922810477963,0,0.04431498100001363
2015,9,8.0,d_optimal,8123.105625617661,1-1-2-2-2-2-1-0-1,1.4190116741083312e-05,0.039870489000009,577,81.16037132403308,46.09984834868718,185.2787690719563,0,0.04187215400003197
2016,0,2.0,shortest,8000.0,1-1-1-1-1-1-1-1-1,1.2580143756493176e-05,0.03531412900002806,577,94.89494047494401,133.62271685800425,182.61652638334849,0,0.043036045000008016
2016,0,2.0,separable,8123.105625617661,1-0-0-0-0-1-2-1-1,2.79129367819941e-05,0.03531412900002806,577,96.80631382561583,138.23951328528963,184.8644378024364,0,0.0442642519999481
2016,0,2.0,d_optimal,8123.105625617661,1-0-0-0-0-1-2-1-1,2.79129367819941e-05,0.03531412900002806,577,96.80631382561583,138.23951328528963,184.8644378024364,0,0.04369056199999477
2016,0,8.0,shortest,8000.0,1-1-1-1-1-1-1-1-1,1.2580143756493176e-05,0.03531412900002806,577,122.81388220433304,155.55535087256828,240.07966500259073,1,0.04093233399999008
2016,0,8.0,separable,8123.105625617661,1-0-0-0-0-1-2-1-1,2.79129367819941e-05,0.03531412900002806,577,129.09553324140367,148.45301573932954,254.803572585344,1,0.04166668999999956
2016,0,8.0,d_optimal,8123.105625617661,1-0-0-0-0-1-2-1-1,2.79129367819941e-05,0.03531412900002806,577,129.09553324140367,148.45301573932954,254.803572585344,1,0.04589945799995121
2016,1,2.0,shortest,8000.0,1-1-1-1-1-1-1-1-1,1.2580143756493176e-05,0.03531412900002806,577,120.90304541324471,128.61857612359267,234.049124797875,1,0.046085954999966816
2016,1,2.0,separable,8123.105625617661,1-0-0-0-0-1-2-1-1,2.79129367819941e-05,0.03531412900002806,577,114.61940824698094,121.29226274491674,225.88309375464607,1,0.04360283900001605
2016,1,2.0,d_optimal,8123.105625617661,1-0-0-0-0-1-2-1-1,2.79129367819941e-05,0.03531412900002806,577,114.61940824698094,121.29226274491674,225.88309375464607,1,0.04406277000003911
2016,1,8.0,shortest,8000.0,1-1-1-1-1-1-1-1-1,1.2580143756493176e-05,0.03531412900002806,577,150.64383215749046,167.99564030244082,265.3848236187318,1,0.039151247000006606
2016,1,8.0,separable,8123.105625617661,1-0-0-0-0-1-2-1-1,2.79129367819941e-05,0.03531412900002806,577,146.13868385543046,152.7612601716403,260.1077028424832,1,0.039228368000010505
2016,1,8.0,d_optimal,8123.105625617661,1-0-0-0-0-1-2-1-1,2.79129367819941e-05,0.03531412900002806,577,146.13868385543046,152.7612601716403,260.1077028424832,1,0.03958264600004213
2016,2,2.0,shortest,8000.0,1-1-1-1-1-1-1-1-1,1.2580143756493176e-05,0.03531412900002806,577,95.06529649694639,83.67222478950784,190.81148742164436,0,0.0414609780000319
2016,2,2.0,separable,8123.105625617661,1-0-0-0-0-1-2-1-1,2.79129367819941e-05,0.03531412900002806,577,99.71329651272431,77.63993707736796,202.2173263102607,1,0.04293030200000203
2016,2,2.0,d_optimal,8123.105625617661,1-0-0-0-0-1-2-1-1,2.79129367819941e-05,0.03531412900002806,577,99.71329651272431,77.63993707736796,202.2173263102607,1,0.04285434399997712
2016,2,8.0,shortest,8000.0,1-1-1-1-1-1-1-1-1,1.2580143756493176e-05,0.03531412900002806,577,139.32283019328278,189.98369118138834,231.50709712014927,0,0.03938228700002355
2016,2,8.0,separable,8123.105625617661,1-0-0-0-0-1-2-1-1,2.79129367819941e-05,0.03531412900002806,577,135.00489559846562,189.54626854500887,230.98128549754767,0,0.03963137200003075
2016,2,8.0,d_optimal,8123.105625617661,1-0-0-0-0-1-2-1-1,2.79129367819941e-05,0.03531412900002806,577,135.00489559846562,189.54626854500887,230.98128549754767,0,0.03932150400004275
2016,3,2.0,shortest,8000.0,1-1-1-1-1-1-1-1-1,1.2580143756493176e-05,0.03531412900002806,577,88.31391541557915,102.07296374140101,170.14392461207342,0,0.04150531300001603
2016,3,2.0,separable,8123.105625617661,1-0-0-0-0-1-2-1-1,2.79129367819941e-05,0.03531412900002806,577,96.67178155701656,99.02901679020265,183.72394765616534,0,0.04244972300000427
2016,3,2.0,d_optimal,8123.105625617661,1-0-0-0-0-1-2-1-1,2.79129367819941e-05,0.03531412900002806,577,96.67178155701656,99.02901679020265,183.72394765616534,0,0.04257185199998048
2016,3,8.0,shortest,8000.0,1-1-1-1-1-1-1-1-1,1.2580143756493176e-05,0.03531412900002806,577,132.76384557512486,156.90832981471073,212.0705620106364,1,0.03916103099999191
2016,3,8.0,separable,8123.105625617661,1-0-0-0-0-1-2-1-1,2.79129367819941e-05,0.03531412900002806,577,117.81769189536591,149.99701558719846,191.3960292262193,0,0.04077911000001677
2016,3,8.0,d_optimal,8123.105625617661,1-0-0-0-0-1-2-1-1,2.79129367819941e-05,0.03531412900002806,577,117.81769189536591,149.99701558719846,191.3960292262193,0,0.04024772600001825
2016,4,2.0,shortest,8000.0,1-1-1-1-1-1-1-1-1,1.2580143756493176e-05,0.03531412900002806,577,92.83642465695623,104.89099800522003,183.81408945074722,0,0.042544782999982544
2016,4,2.0,separable,8123.105625617661,1-0-0-0-0-1-2-1-1,2.79129367819941e-05,0.03531412900002806,577,95.64195561188782,109.30418239469579,182.68779463208713,0,0.04432862400000204
2016,4,2.0,d_optimal,8123.105625617661,1-0-0-0-0-1-2-1-1,2.79129367819941e-05,0.03531412900002806,577,95.64195561188782,109.30418239469579,182.68779463208713,0,0.04375414800000499
2016,4,8.0,shortest,8000.0,1-1-1-1-1-1-1-1-1,1.2580143756493176e-05,0.03531412900002806,577,143.3020184847254,154.16146620504003,227.5387160889044,0,0.03871281900001122
2016,4,8.0,separable,8123.105625617661,1-0-0-0-0-1-2-1-1,2.79129367819941e-05,0.03531412900002806,577,141.81212926512043,154.34264608989295,231.9526102523396,1,0.03920411499996135
2016,4,8.0,d_optimal,8123.105625617661,1-0-0-0-0-1-2-1-1,2.79129367819941e-05,0.03531412900002806,577,141.81212926512043,154.34264608989295,231.9526102523396,1,0.03922130000000834
2016,5,2.0,shortest,8000.0,1-1-1-1-1-1-1-1-1,1.2580143756493176e-05,0.03531412900002806,577,100.00916284629746,129.4101167697585,177.6309783182179,0,0.042576453999970454
2016,5,2.0,separable,8123.105625617661,1-0-0-0-0-1-2-1-1,2.79129367819941e-05,0.03531412900002806,577,94.68163418014109,129.31557882678914,167.89891890796358,0,0.043080656000029194
2016,5,2.0,d_optimal,8123.105625617661,1-0-0-0-0-1-2-1-1,2.79129367819941e-05,0.03531412900002806,577,94.68163418014109,129.31557882678914,167.89891890796358,0,0.04345937599998706
2016,5,8.0,shortest,8000.0,1-1-1-1-1-1-1-1-1,1.2580143756493176e-05,0.03531412900002806,577,149.07163843131198,213.57399433762086,237.03301774713782,1,0.0390878200000202
2016,5,8.0,separable,8123.105625617661,1-0-0-0-0-1-2-1-1,2.79129367819941e-05,0.03531412900002806,577,138.96592465211015,203.52750799985003,220.21394165302584,0,0.040500973000007434
2016,5,8.0,d_optimal,8123.105625617661,1-0-0-0-0-1-2-1-1,2.79129367819941e-05,0.03531412900002806,577,138.96592465211015,203.52750799985003,220.21394165302584,0,0.04016087200000129
2016,6,2.0,shortest,8000.0,1-1-1-1-1-1-1-1-1,1.2580143756493176e-05,0.03531412900002806,577,119.1957450292101,117.4373434009533,232.68935068665994,1,0.042019267999990007
2016,6,2.0,separable,8123.105625617661,1-0-0-0-0-1-2-1-1,2.79129367819941e-05,0.03531412900002806,577,121.00137179050485,119.75923734261231,238.10434159784378,1,0.0425011789999985
2016,6,2.0,d_optimal,8123.105625617661,1-0-0-0-0-1-2-1-1,2.79129367819941e-05,0.03531412900002806,577,121.00137179050485,119.75923734261231,238.10434159784378,1,0.04325201099999276
2016,6,8.0,shortest,8000.0,1-1-1-1-1-1-1-1-1,1.2580143756493176e-05,0.03531412900002806,577,171.26601531810508,153.37076021128644,307.11676842629834,1,0.04152744700002131
2016,6,8.0,separable,8123.105625617661,1-0-0-0-0-1-2-1-1,2.79129367819941e-05,0.03531412900002806,577,179.80429169044055,146.7098893657571,327.8962178825402,1,0.04029898900000717
2016,6,8.0,d_optimal,8123.105625617661,1-0-0-0-0-1-2-1-1,2.79129367819941e-05,0.03531412900002806,577,179.80429169044055,146.7098893657571,327.8962178825402,1,0.04054328099999793
2016,7,2.0,shortest,8000.0,1-1-1-1-1-1-1-1-1,1.2580143756493176e-05,0.03531412900002806,577,137.10938245766337,135.64830831075923,262.65772845953126,1,0.04197001099998943
2016,7,2.0,separable,8123.105625617661,1-0-0-0-0-1-2-1-1,2.79129367819941e-05,0.03531412900002806,577,136.78728724567262,142.9082987154941,255.2947377740504,1,0.04299385399997391
2016,7,2.0,d_optimal,8123.105625617661,1-0-0-0-0-1-2-1-1,2.79129367819941e-05,0.03531412900002806,577,136.78728724567262,142.9082987154941,255.2947377740504,1,0.043672182000022985
2016,7,8.0,shortest,8000.0,1-1-1-1-1-1-1-1-1,1.2580143756493176e-05,0.03531412900002806,577,150.4878682053045,214.20481302747982,263.83917456907017,1,0.04010397000001831
2016,7,8.0,separable,8123.105625617661,1-0-0-0-0-1-2-1-1,2.79129367819941e-05,0.03531412900002806,577,159.4509272938622,222.70190310348818,279.5783228917921,1,0.042454915999996956
2016,7,8.0,d_optimal,8123.105625617661,1-0-0-0-0-1-2-1-1,2.79129367819941e-05,0.03531412900002806,577,159.4509272938622,222.70190310348818,279.5783228917921,1,0.04034977499998149
2016,8,2.0,shortest,8000.0,1-1-1-1-1-1-1-1-1,1.2580143756493176e-05,0.03531412900002806,577,82.41531433664758,102.30499840627427,149.91112478893635,0,0.04259829099999024
2016,8,2.0,separable,8123.105625617661,1-0-0-0-0-1-2-1-1,2.79129367819941e-05,0.03531412900002806,577,93.94572820464879,100.4007406812451,173.99012331919005,0,0.042932159000031334
2016,8,2.0,d_optimal,8123.105625617661,1-0-0-0-0-1-2-1-1,2.79129367819941e-05,0.03531412900002806,577,93.94572820464879,100.4007406812451,173.99012331919005,0,0.042975318000003426
2016,8,8.0,shortest,8000.0,1-1-1-1-1-1-1-1-1,1.2580143756493176e-05,0.03531412900002806,577,143.31574126224507,174.16469107991438,244.23572571055482,1,0.03933271299996477
2016,8,8.0,separable,8123.105625617661,1-0-0-0-0-1-2-1-1,2.79129367819941e-05,0.03531412900002806,577,142.9146880489228,169.90514120631238,228.7431491002238,1,0.039331959000037386
2016,8,8.0,d_optimal,8123.105625617661,1-0-0-0-0-1-2-1-1,2.79129367819941e-05,0.03531412900002806,577,142.9146880489228,169.90514120631238,228.7431491002238,1,0.03949670699995522
2016,9,2.0,shortest,8000.0,1-1-1-1-1-1-1-1-1,1.2580143756493176e-05,0.03531412900002806,577,91.18387724991085,108.95950592172247,177.1846392659484,0,0.04192559500000925
2016,9,2.0,separable,8123.105625617661,1-0-0-0-0-1-2-1-1,2.79129367819941e-05,0.03531412900002806,577,83.5358396947251,104.3749335734085,150.7166361677606,0,0.04329233000004251
2016,9,2.0,d_optimal,8123.105625617661,1-0-0-0-0-1-2-1-1,2.79129367819941e-05,0.03531412900002806,577,83.5358396947251,104.3749335734085,150.7166361677606,0,0.04336796699999468
2016,9,8.0,shortest,8000.0,1-1-1-1-1-1-1-1-1,1.2580143756493176e-05,0.03531412900002806,577,109.33356797086645,214.55533701191993,200.06834196576088,0,0.04475333199997067
2016,9,8.0,separable,8123.105625617661,1-0-0-0-0-1-2-1-1,2.79129367819941e-05,0.03531412900002806,577,111.95646195410282,213.41504001115598,208.7452018166656,0,0.05142455799995105
2016,9,8.0,d_optimal,8123.105625617661,1-0-0-0-0-1-2-1-1,2.79129367819941e-05,0.03531412900002806,577,111.95646195410282,213.41504001115598,208.7452018166656,0,0.04786418499998035
2017,0,2.0,shortest,8000.0,1-1-1-1-1-1-1-1-1,5.057376115234133e-07,0.041571045000011964,577,92.3885728358454,110.02240013355558,146.97543587282422,0,0.05211106999996673
2017,0,2.0,separable,8184.658438426492,1-0-1-0-0-1-2-2-1,9.160847681983425e-07,0.041571045000011964,577,86.85591889360788,88.58983697095383,147.22946946229615,0,0.0533501410000099
2017,0,2.0,d_optimal,8123.105625617661,1-2-2-1-2-2-2-2-1,1.1007533738557824e-06,0.041571045000011964,577,108.77822249068821,128.57170660798096,167.9571661037933,0,0.053252545000020746
2017,0,8.0,shortest,8000.0,1-1-1-1-1-1-1-1-1,5.057376115234133e-07,0.041571045000011964,577,117.88632907590925,193.94549363940573,193.8006714487149,0,0.048804015000030176
2017,0,8.0,separable,8184.658438426492,1-0-1-0-0-1-2-2-1,9.160847681983425e-07,0.041571045000011964,577,102.61273281421582,145.83405053032962,145.83405053032962,0,0.04587826099998438
2017,0,8.0,d_optimal,8123.105625617661,1-2-2-1-2-2-2-2-1,1.1007533738557824e-06,0.041571045000011964,577,120.10344248847859,206.07140951472942,198.05964757275814,0,0.04914142199999105
2017,1,2.0,shortest,8000.0,1-1-1-1-1-1-1-1-1,5.057376115234133e-07,0.041571045000011964,577,102.11904846744015,154.58427603923053,177.1832235227317,0,0.05032448599996542
2017,1,2.0,separable,8184.658438426492,1-0-1-0-0-1-2-2-1,9.160847681983425e-07,0.041571045000011964,577,86.79810958121502,141.27981493404127,153.69743026699808,0,0.051504991999991034
2017,1,2.0,d_optimal,8123.105625617661,1-2-2-1-2-2-2-2-1,1.1007533738557824e-06,0.041571045000011964,577,113.39617070556717,152.66203319243834,172.1228407862767,0,0.047697959000004175
2017,1,8.0,shortest,8000.0,1-1-1-1-1-1-1-1-1,5.057376115234133e-07,0.041571045000011964,577,133.57298662521174,186.50267969163573,182.81394135687395,0,0.04340224100002388
2017,1,8.0,separable,8184.658438426492,1-0-1-0-0-1-2-2-1,9.160847681983425e-07,0.041571045000011964,577,113.12411778096784,156.22850766156157,158.7798279239091,0,0.044837259000019
2017,1,8.0,d_optimal,8123.105625617661,1-2-2-1-2-2-2-2-1,1.1007533738557824e-06,0.041571045000011964,577,122.83643334596997,186.9227038178917,180.59166764573888,0,0.04576644200000146
2017,2,2.0,shortest,8000.0,1-1-1-1-1-1-1-1-1,5.057376115234133e-07,0.041571045000011964,577,80.10661522018098,77.35600691714565,148.1566607476345,0,0.04712905299999193
2017,2,2.0,separable,8184.658438426492,1-0-1-0-0-1-2-2-1,9.160847681983425e-07,0.041571045000011964,577,68.09755396583697,49.45651930792164,122.67205981029431,0,0.05416171899997835
2017,2,2.0,d_optimal,8123.105625617661,1-2-2-1-2-2-2-2-1,1.1007533738557824e-06,0.041571045000011964,577,93.36911427805015,83.8183034140028,154.99545323980755,0,0.057522062999964874
2017,2,8.0,shortest,8000.0,1-1-1-1-1-1-1-1-1,5.057376115234133e-07,0.041571045000011964,577,153.70396292737675,172.59538666117325,214.85891364836067,0,0.05095698299999185
2017,2,8.0,separable,8184.658438426492,1-0-1-0-0-1-2-2-1,9.160847681983425e-07,0.041571045000011964,577,124.11571530937037,86.62712284520038,190.64168488061324,0,0.050456649000011566
2017,2,8.0,d_optimal,8123.105625617661,1-2-2-1-2-2-2-2-1,1.1007533738557824e-06,0.041571045000011964,577,135.06719093705766,138.20718427994316,180.013944138306,0,0.05142189700001154
2017,3,2.0,shortest,8000.0,1-1-1-1-1-1-1-1-1,5.057376115234133e-07,0.041571045000011964,577,60.13833388819493,47.82473568253838,89.95570937980216,0,0.05006984599998532
2017,3,2.0,separable,8184.658438426492,1-0-1-0-0-1-2-2-1,9.160847681983425e-07,0.041571045000011964,577,60.65892372562486,35.46138372071744,107.24189503490366,0,0.0500771009999994
2017,3,2.0,d_optimal,8123.105625617661,1-2-2-1-2-2-2-2-1,1.1007533738557824e-06,0.041571045000011964,577,81.59870103538748,64.84158062241143,122.29065267860084,0,0.05255849399998169
2017,3,8.0,shortest,8000.0,1-1-1-1-1-1-1-1-1,5.057376115234133e-07,0.041571045000011964,577,133.3035880342884,133.99511552724323,190.07126367757047,0,0.05310812900000883
2017,3,8.0,separable,8184.658438426492,1-0-1-0-0-1-2-2-1,9.160847681983425e-07,0.041571045000011964,577,122.47672403105142,98.11943578337335,187.1808956731211,0,0.05271335200001204
2017,3,8.0,d_optimal,8123.105625617661,1-2-2-1-2-2-2-2-1,1.1007533738557824e-06,0.041571045000011964,577,123.76408034792124,125.47302637679736,182.11523991199286,0,0.05022925200000827
2017,4,2.0,shortest,8000.0,1-1-1-1-1-1-1-1-1,5.057376115234133e-07,0.041571045000011964,577,47.34743992746685,14.41881844100699,73.36748730210658,0,0.05081460999997489
2017,4,2.0,separable,8184.658438426492,1-0-1-0-0-1-2-2-1,9.160847681983425e-07,0.041571045000011964,577,59.04738106659331,36.868247604103544,106.51227331575107,0,0.053080326999975114
2017,4,2.0,d_optimal,8123.105625617661,1-2-2-1-2-2-2-2-1,1.1007533738557824e-06,0.041571045000011964,577,73.64050916461501,24.742083941074384,117.2844870019644,0,0.05312674100002823
2017,4,8.0,shortest,8000.0,1-1-1-1-1-1-1-1-1,5.057376115234133e-07,0.041571045000011964,577,100.967528604626,131.0300800297529,133.41335723391393,0,0.050958863000005294
2017,4,8.0,separable,8184.658438426492,1-0-1-0-0-1-2-2-1,9.160847681983425e-07,0.041571045000011964,577,104.48028441124589,100.63314871692954,141.78666511760315,0,0.049726508999981434
2017,4,8.0,d_optimal,8123.105625617661,1-2-2-1-2-2-2-2-1,1.1007533738557824e-06,0.041571045000011964,577,95.8374508997914,131.10635515780635,141.99021572282913,0,0.04961972399996739
2017,5,2.0,shortest,8000.0,1-1-1-1-1-1-1-1-1,5.057376115234133e-07,0.041571045000011964,577,84.2773560346272,121.77318270191175,152.31857182297273,0,0.054428954999991674
2017,5,2.0,separable,8184.658438426492,1-0-1-0-0-1-2-2-1,9.160847681983425e-07,0.041571045000011964,577,84.06330246212025,114.38157953036415,133.22373595361358,0,0.054816049000010025
2017,5,2.0,d_optimal,8123.105625617661,1-2-2-1-2-2-2-2-1,1.1007533738557824e-06,0.041571045000011964,577,101.61228185832408,142.13630743335565,168.05558338132877,0,0.054429827999967983
2017,5,8.0,shortest,8000.0,1-1-1-1-1-1-1-1-1,5.057376115234133e-07,0.041571045000011964,577,120.70620651310648,113.18341773632424,174.34262222700988,0,0.050302203999990525
2017,5,8.0,separable,8184.658438426492,1-0-1-0-0-1-2-2-1,9.160847681983425e-07,0.041571045000011964,577,100.73241994651696,59.48710353832893,164.57325658406603,0,0.05115197300000318
2017,5,8.0,d_optimal,8123.105625617661,1-2-2-1-2-2-2-2-1,1.1007533738557824e-06,0.041571045000011964,577,111.42833730094449,91.57096763117264,165.74182364975653,0,0.05055672000003142
2017,6,2.0,shortest,8000.0,1-1-1-1-1-1-1-1-1,5.057376115234133e-07,0.041571045000011964,577,98.64652107427771,128.18389733801763,161.7745623756768,0,0.04630593500002078
2017,6,2.0,separable,8184.658438426492,1-0-1-0-0-1-2-2-1,9.160847681983425e-07,0.041571045000011964,577,81.21133294754901,96.53985571800678,137.00155495255154,0,0.04404278700002351
2017,6,2.0,d_optimal,8123.105625617661,1-2-2-1-2-2-2-2-1,1.1007533738557824e-06,0.041571045000011964,577,105.49486203519052,119.83719012015396,157.33135389334453,0,0.04681480800002191
2017,6,8.0,shortest,8000.0,1-1-1-1-1-1-1-1-1,5.057376115234133e-07,0.041571045000011964,577,102.94340731974367,159.64484604585064,172.85950545289617,0,0.042276829999991605
2017,6,8.0,separable,8184.658438426492,1-0-1-0-0-1-2-2-1,9.160847681983425e-07,0.041571045000011964,577,79.67605765487428,104.31834601828872,130.41752848692053,0,0.04294227899998759
2017,6,8.0,d_optimal,8123.105625617661,1-2-2-1-2-2-2-2-1,1.1007533738557824e-06,0.041571045000011964,577,104.24112523984101,167.2672108036755,174.24826115397406,0,0.039034340999990036
2017,7,2.0,shortest,8000.0,1-1-1-1-1-1-1-1-1,5.057376115234133e-07,0.041571045000011964,577,82.19420642060265,105.28208743432573,138.6371013536122,0,0.04004727900002081
2017,7,2.0,separable,8184.658438426492,1-0-1-0-0-1-2-2-1,9.160847681983425e-07,0.041571045000011964,577,75.11807460314832,83.39777528422549,127.33772633890193,0,0.041055836999987605
2017,7,2.0,d_optimal,8123.105625617661,1-2-2-1-2-2-2-2-1,1.1007533738557824e-06,0.041571045000011964,577,101.96826124992553,104.33299765247412,172.01733973102066,0,0.04080836200000704
2017,7,8.0,shortest,8000.0,1-1-1-1-1-1-1-1-1,5.057376115234133e-07,0.041571045000011964,577,154.85770845447396,181.69263773441006,217.3210131403206,0,0.04015358600003083
2017,7,8.0,separable,8184.658438426492,1-0-1-0-0-1-2-2-1,9.160847681983425e-07,0.041571045000011964,577,126.30951750978434,145.9977929245677,179.73256858594695,0,0.03902966800001195
2017,7,8.0,d_optimal,8123.105625617661,1-2-2-1-2-2-2-2-1,1.1007533738557824e-06,0.041571045000011964,577,115.00355141089376,168.8368184695618,178.6877993353492,0,0.03979558400004635
2017,8,2.0,shortest,8000.0,1-1-1-1-1-1-1-1-1,5.057376115234133e-07,0.041571045000011964,577,87.2136603767463,73.71821097241921,138.15288424509563,0,0.04305481400001554
2017,8,2.0,separable,8184.658438426492,1-0-1-0-0-1-2-2-1,9.160847681983425e-07,0.041571045000011964,577,75.49433948949441,90.98953004594763,145.84565378771666,0,0.044872660999999425
2017,8,2.0,d_optimal,8123.105625617661,1-2-2-1-2-2-2-2-1,1.1007533738557824e-06,0.041571045000011964,577,91.03967136754589,69.18402276035485,156.671209521768,0,0.04222869300002685
2017,8,8.0,shortest,8000.0,1-1-1-1-1-1-1-1-1,5.057376115234133e-07,0.041571045000011964,577,173.06347069605883,214.0245657238097,280.08239797872324,1,0.039421747999995205
2017,8,8.0,separable,8184.658438426492,1-0-1-0-0-1-2-2-1,9.160847681983425e-07,0.041571045000011964,577,153.33296205158598,182.410914751124,227.40715074827162,0,0.03934720799998104
2017,8,8.0,d_optimal,8123.105625617661,1-2-2-1-2-2-2-2-1,1.1007533738557824e-06,0.041571045000011964,577,154.49088890319715,200.21194008030335,242.27939017125553,1,0.03963039299998172
2017,9,2.0,shortest,8000.0,1-1-1-1-1-1-1-1-1,5.057376115234133e-07,0.041571045000011964,577,76.3994335659661,131.9407583959806,127.79732276193414,0,0.042131677999975636
2017,9,2.0,separable,8184.658438426492,1-0-1-0-0-1-2-2-1,9.160847681983425e-07,0.041571045000011964,577,73.87962141322762,107.95155680619123,119.62178953660455,0,0.04128888999997571
2017,9,2.0,d_optimal,8123.105625617661,1-2-2-1-2-2-2-2-1,1.1007533738557824e-06,0.041571045000011964,577,91.17557993863582,124.30575469738953,138.0807002140407,0,0.041526343999976234
2017,9,8.0,shortest,8000.0,1-1-1-1-1-1-1-1-1,5.057376115234133e-07,0.041571045000011964,577,105.48172485051442,176.4729843236929,176.4729843236929,0,0.03928681100001086
2017,9,8.0,separable,8184.658438426492,1-0-1-0-0-1-2-2-1,9.160847681983425e-07,0.041571045000011964,577,101.4393960444501,154.96192038074074,148.72477854419216,0,0.04011009399999921
2017,9,8.0,d_optimal,8123.105625617661,1-2-2-1-2-2-2-2-1,1.1007533738557824e-06,0.041571045000011964,577,112.17302174444823,194.3456834393259,185.58886149924686,0,0.03860404400001016
2018,0,2.0,shortest,8000.0,1-1-1-1-1-1-1-1-1,3.3737867644762896e-06,0.034971275999964746,577,122.71849835463965,44.02043018704446,196.85793508562594,0,0.04152373300001955
2018,0,2.0,separable,8123.105625617661,1-0-1-0-0-0-0-0-1,5.2688056915968176e-06,0.034971275999964746,577,124.1123451251293,33.852506560679615,182.5523861682484,0,0.04189489200001617
2018,0,2.0,d_optimal,8123.105625617661,1-0-1-0-0-0-0-0-1,5.2688056915968176e-06,0.034971275999964746,577,124.1123451251293,33.852506560679615,182.5523861682484,0,0.042242282999950476
2018,0,8.0,shortest,8000.0,1-1-1-1-1-1-1-1-1,3.3737867644762896e-06,0.034971275999964746,577,146.726156017461,66.1704125349679,216.79493459032597,0,0.038671317000023464
2018,0,8.0,separable,8123.105625617661,1-0-1-0-0-0-0-0-1,5.2688056915968176e-06,0.034971275999964746,577,136.1691671431585,89.2569629678926,196.87325366604384,0,0.04122110899999143
2018,0,8.0,d_optimal,8123.105625617661,1-0-1-0-0-0-0-0-1,5.2688056915968176e-06,0.034971275999964746,577,136.1691671431585,89.2569629678926,196.87325366604384,0,0.04182434899996679
2018,1,2.0,shortest,8000.0,1-1-1-1-1-1-1-1-1,3.3737867644762896e-06,0.034971275999964746,577,136.98732733507066,27.305341120863655,218.67726839881075,0,0.043431461000011495
2018,1,2.0,separable,8123.105625617661,1-0-1-0-0-0-0-0-1,5.2688056915968176e-06,0.034971275999964746,577,134.05058585734102,20.861989635511172,208.19467643916093,0,0.04213342799999964
2018,1,2.0,d_optimal,8123.105625617661,1-0-1-0-0-0-0-0-1,5.2688056915968176e-06,0.034971275999964746,577,134.05058585734102,20.861989635511172,208.19467643916093,0,0.04228384300000698
2018,1,8.0,shortest,8000.0,1-1-1-1-1-1-1-1-1,3.3737867644762896e-06,0.034971275999964746,577,140.4142758038483,38.812828865288616,201.90510493857963,0,0.038656730000013795
2018,1,8.0,separable,8123.105625617661,1-0-1-0-0-0-0-0-1,5.2688056915968176e-06,0.034971275999964746,577,133.89270330129924,65.18798884811551,194.2983309291142,0,0.03938244099998656
2018,1,8.0,d_optimal,8123.105625617661,1-0-1-0-0-0-0-0-1,5.2688056915968176e-06,0.034971275999964746,577,133.89270330129924,65.18798884811551,194.2983309291142,0,0.038471655999956056
2018,2,2.0,shortest,8000.0,1-1-1-1-1-1-1-1-1,3.3737867644762896e-06,0.034971275999964746,577,100.74314444043421,22.51685070777019,173.62714732646893,0,0.04259183699997493
2018,2,2.0,separable,8123.105625617661,1-0-1-0-0-0-0-0-1,5.2688056915968176e-06,0.034971275999964746,577,113.49637597285917,49.57285368895996,178.20899239957146,0,0.055904406999957246
2018,2,2.0,d_optimal,8123.105625617661,1-0-1-0-0-0-0-0-1,5.2688056915968176e-06,0.034971275999964746,577,113.49637597285917,49.57285368895996,178.20899239957146,0,0.053763473000003614
2018,2,8.0,shortest,8000.0,1-1-1-1-1-1-1-1-1,3.3737867644762896e-06,0.034971275999964746,577,154.9598405271569,101.31943568207431,213.80109151147374,0,0.05046669900002598
2018,2,8.0,separable,8123.105625617661,1-0-1-0-0-0-0-0-1,5.2688056915968176e-06,0.034971275999964746,577,152.5704845075118,132.2050326992177,195.61214474637217,0,0.050894046999985676
2018,2,8.0,d_optimal,8123.105625617661,1-0-1-0-0-0-0-0-1,5.2688056915968176e-06,0.034971275999964746,577,152.5704845075118,132.2050326992177,195.61214474637217,0,0.04610295700001643
2018,3,2.0,shortest,8000.0,1-1-1-1-1-1-1-1-1,3.3737867644762896e-06,0.034971275999964746,577,113.90833943883351,40.122345584081536,176.6269938739525,0,0.048582165999960125
2018,3,2.0,separable,8123.105625617661,1-0-1-0-0-0-0-0-1,5.2688056915968176e-06,0.034971275999964746,577,119.02210499798714,31.222480009551987,169.90511055699608,0,0.04879329099998131
2018,3,2.0,d_optimal,8123.105625617661,1-0-1-0-0-0-0-0-1,5.2688056915968176e-06,0.034971275999964746,577,119.02210499798714,31.222480009551987,169.90511055699608,0,0.05001088599999548
2018,3,8.0,shortest,8000.0,1-1-1-1-1-1-1-1-1,3.3737867644762896e-06,0.034971275999964746,577,136.7800964007346,97.7410216713328,215.36563647591444,0,0.04475230999997848
2018,3,8.0,separable,8123.105625617661,1-0-1-0-0-0-0-0-1,5.2688056915968176e-06,0.034971275999964746,577,140.12993907095463,121.77898239438194,218.29806239879218,0,0.04570405499998742
2018,3,8.0,d_optimal,8123.105625617661,1-0-1-0-0-0-0-0-1,5.2688056915968176e-06,0.034971275999964746,577,140.12993907095463,121.77898239438194,218.29806239879218,0,0.04837482799996451
2018,4,2.0,shortest,8000.0,1-1-1-1-1-1-1-1-1,3.3737867644762896e-06,0.034971275999964746,577,129.21696668090027,14.585525509831411,216.78392450579625,0,0.048076680999997734
2018,4,2.0,separable,8123.105625617661,1-0-1-0-0-0-0-0-1,5.2688056915968176e-06,0.034971275999964746,577,137.03805438501104,18.283576010394643,220.74256780354284,0,0.048323768000045675
2018,4,2.0,d_optimal,8123.105625617661,1-0-1-0-0-0-0-0-1,5.2688056915968176e-06,0.034971275999964746,577,137.03805438501104,18.283576010394643,220.74256780354284,0,0.04771362899998621
2018,4,8.0,shortest,8000.0,1-1-1-1-1-1-1-1-1,3.3737867644762896e-06,0.034971275999964746,577,161.97903442797403,104.36740857937849,216.16845073175557,1,0.04316835199995239
2018,4,8.0,separable,8123.105625617661,1-0-1-0-0-0-0-0-1,5.2688056915968176e-06,0.034971275999964746,577,159.78563504217095,170.39551406344913,207.21964489631893,0,0.04437976299999491
2018,4,8.0,d_optimal,8123.105625617661,1-0-1-0-0-0-0-0-1,5.2688056915968176e-06,0.034971275999964746,577,159.78563504217095,170.39551406344913,207.21964489631893,0,0.044708275999994385
2018,5,2.0,shortest,8000.0,1-1-1-1-1-1-1-1-1,3.3737867644762896e-06,0.034971275999964746,577,138.8859967236149,27.699486608557812,208.56113417970667,0,0.048769247999985055
2018,5,2.0,separable,8123.105625617661,1-0-1-0-0-0-0-0-1,5.2688056915968176e-06,0.034971275999964746,577,152.80315113668192,22.437032975513446,231.10775978963449,1,0.05278243499998325
2018,5,2.0,d_optimal,8123.105625617661,1-0-1-0-0-0-0-0-1,5.2688056915968176e-06,0.034971275999964746,577,152.80315113668192,22.437032975513446,231.10775978963449,1,0.05404205400003548
2018,5,8.0,shortest,8000.0,1-1-1-1-1-1-1-1-1,3.3737867644762896e-06,0.034971275999964746,577,119.02498561198719,33.30277330264285,192.3199046862267,0,0.044447352000020146
2018,5,8.0,separable,8123.105625617661,1-0-1-0-0-0-0-0-1,5.2688056915968176e-06,0.034971275999964746,577,118.8950177414961,54.94053572479188,189.68350885764454,0,0.04463362300003837
2018,5,8.0,d_optimal,8123.105625617661,1-0-1-0-0-0-0-0-1,5.2688056915968176e-06,0.034971275999964746,577,118.8950177414961,54.94053572479188,189.68350885764454,0,0.04390812200000482
2018,6,2.0,shortest,8000.0,1-1-1-1-1-1-1-1-1,3.3737867644762896e-06,0.034971275999964746,577,131.6592916297756,41.77404975946765,244.15995507597927,1,0.05130890800000998
2018,6,2.0,separable,8123.105625617661,1-0-1-0-0-0-0-0-1,5.2688056915968176e-06,0.034971275999964746,577,119.53317063797294,35.011933580751396,173.7449129097169,0,0.05332046699999182
2018,6,2.0,d_optimal,8123.105625617661,1-0-1-0-0-0-0-0-1,5.2688056915968176e-06,0.034971275999964746,577,119.53317063797294,35.011933580751396,173.7449129097169,0,0.05479209800000717
2018,6,8.0,shortest,8000.0,1-1-1-1-1-1-1-1-1,3.3737867644762896e-06,0.034971275999964746,577,135.40564063411497,96.18406467628613,211.39670878593304,0,0.05039574900001753
2018,6,8.0,separable,8123.105625617661,1-0-1-0-0-0-0-0-1,5.2688056915968176e-06,0.034971275999964746,577,139.94922907757748,129.81657447616655,211.19828498241273,0,0.05087699599999951
2018,6,8.0,d_optimal,8123.105625617661,1-0-1-0-0-0-0-0-1,5.2688056915968176e-06,0.034971275999964746,577,139.94922907757748,129.81657447616655,211.19828498241273,0,0.050399818999949275
2018,7,2.0,shortest,8000.0,1-1-1-1-1-1-1-1-1,3.3737867644762896e-06,0.034971275999964746,577,87.31285207288452,33.56433863050691,145.32861886050833,0,0.05350756299998238
2018,7,2.0,separable,8123.105625617661,1-0-1-0-0-0-0-0-1,5.2688056915968176e-06,0.034971275999964746,577,95.54574229808794,21.328029830642087,133.13285187130978,0,0.0530080009999665
2018,7,2.0,d_optimal,8123.105625617661,1-0-1-0-0-0-0-0-1,5.2688056915968176e-06,0.034971275999964746,577,95.54574229808794,21.328029830642087,133.13285187130978,0,0.049597409000000425
2018,7,8.0,shortest,8000.0,1-1-1-1-1-1-1-1-1,3.3737867644762896e-06,0.034971275999964746,577,162.4821824641942,95.42215241813896,252.0133797292215,1,0.046282125000004726
2018,7,8.0,separable,8123.105625617661,1-0-1-0-0-0-0-0-1,5.2688056915968176e-06,0.034971275999964746,577,157.12549936240964,112.0831414933638,233.9571929807913,1,0.0456143959999622
2018,7,8.0,d_optimal,8123.105625617661,1-0-1-0-0-0-0-0-1,5.2688056915968176e-06,0.034971275999964746,577,157.12549936240964,112.0831414933638,233.9571929807913,1,0.04577347200000759
2018,8,2.0,shortest,8000.0,1-1-1-1-1-1-1-1-1,3.3737867644762896e-06,0.034971275999964746,577,135.04444831454222,29.64704945818841,211.36780822159886,0,0.051590559000032954
2018,8,2.0,separable,8123.105625617661,1-0-1-0-0-0-0-0-1,5.2688056915968176e-06,0.034971275999964746,577,128.70714428324965,27.76630159083781,183.09507262082025,0,0.054223889000013514
2018,8,2.0,d_optimal,8123.105625617661,1-0-1-0-0-0-0-0-1,5.2688056915968176e-06,0.034971275999964746,577,128.70714428324965,27.76630159083781,183.09507262082025,0,0.0537708049999992
2018,8,8.0,shortest,8000.0,1-1-1-1-1-1-1-1-1,3.3737867644762896e-06,0.034971275999964746,577,169.14192719369373,132.61157235155142,248.2949036505568,1,0.05112619800001994
2018,8,8.0,separable,8123.105625617661,1-0-1-0-0-0-0-0-1,5.2688056915968176e-06,0.034971275999964746,577,152.0129386209545,130.29922802644202,236.1473285923676,1,0.051404233000027943
2018,8,8.0,d_optimal,8123.105625617661,1-0-1-0-0-0-0-0-1,5.2688056915968176e-06,0.034971275999964746,577,152.0129386209545,130.29922802644202,236.1473285923676,1,0.05063938500001086
2018,9,2.0,shortest,8000.0,1-1-1-1-1-1-1-1-1,3.3737867644762896e-06,0.034971275999964746,577,152.15528905913624,24.917396375650917,244.9497866385095,1,0.0581179499999962
2018,9,2.0,separable,8123.105625617661,1-0-1-0-0-0-0-0-1,5.2688056915968176e-06,0.034971275999964746,577,151.0659243447029,14.918859518914772,228.7967971716817,0,0.05918142800004489
2018,9,2.0,d_optimal,8123.105625617661,1-0-1-0-0-0-0-0-1,5.2688056915968176e-06,0.034971275999964746,577,151.0659243447029,14.918859518914772,228.7967971716817,0,0.05680696000001717
2018,9,8.0,shortest,8000.0,1-1-1-1-1-1-1-1-1,3.3737867644762896e-06,0.034971275999964746,577,157.53852174316165,72.30207931257033,224.68053274300334,0,0.050574707000009766
2018,9,8.0,separable,8123.105625617661,1-0-1-0-0-0-0-0-1,5.2688056915968176e-06,0.034971275999964746,577,154.2267502907604,73.47180744258378,222.3183161242828,0,0.05132104099999424
2018,9,8.0,d_optimal,8123.105625617661,1-0-1-0-0-0-0-0-1,5.2688056915968176e-06,0.034971275999964746,577,154.2267502907604,73.47180744258378,222.3183161242828,0,0.051435879999985445
2019,0,2.0,shortest,8000.0,1-1-1-1-1-1-1-1-1,7.313806017477297e-06,0.041421921999983624,577,51.512616741353725,30.040165069778467,80.39597166372037,0,0.05060609600002408
2019,0,2.0,separable,8184.658438426492,1-2-1-2-2-1-0-0-1,9.677379961113832e-06,0.041421921999983624,577,59.75518585068596,48.85086168566097,90.30948410959523,0,0.0510898579999548
2019,0,2.0,d_optimal,8184.658438426492,1-0-1-2-2-1-0-0-1,9.72219024733258e-06,0.041421921999983624,577,56.828306391974465,45.16121204628545,89.0184370190098,0,0.05105193299999655
2019,0,8.0,shortest,8000.0,1-1-1-1-1-1-1-1-1,7.313806017477297e-06,0.041421921999983624,577,81.1447654783931,51.435239956328836,147.18349795420647,0,0.04607139400002325
2019,0,8.0,separable,8184.658438426492,1-2-1-2-2-1-0-0-1,9.677379961113832e-06,0.041421921999983624,577,77.77931121770976,25.125671916993905,144.6291912696454,0,0.04622587400001521
2019,0,8.0,d_optimal,8184.658438426492,1-0-1-2-2-1-0-0-1,9.72219024733258e-06,0.041421921999983624,577,78.5624970570254,31.6566710840275,146.96246741086057,0,0.04751236799995695
2019,1,2.0,shortest,8000.0,1-1-1-1-1-1-1-1-1,7.313806017477297e-06,0.041421921999983624,577,90.36993498418066,87.1499706307065,159.97960851939183,0,0.053708235000044624
2019,1,2.0,separable,8184.658438426492,1-2-1-2-2-1-0-0-1,9.677379961113832e-06,0.041421921999983624,577,95.7711365354348,83.36780591948593,169.53925453836092,0,0.05723855399998001
2019,1,2.0,d_optimal,8184.658438426492,1-0-1-2-2-1-0-0-1,9.72219024733258e-06,0.041421921999983624,577,91.7216858254339,68.38258430361591,167.21254464133628,0,0.05311692600002971
2019,1,8.0,shortest,8000.0,1-1-1-1-1-1-1-1-1,7.313806017477297e-06,0.041421921999983624,577,62.696028491591946,52.515221499337244,97.82124007011708,0,0.0527798509999684
2019,1,8.0,separable,8184.658438426492,1-2-1-2-2-1-0-0-1,9.677379961113832e-06,0.041421921999983624,577,57.65662338393376,25.01382396815185,104.99804269767125,0,0.05421889000001556
2019,1,8.0,d_optimal,8184.658438426492,1-0-1-2-2-1-0-0-1,9.72219024733258e-06,0.041421921999983624,577,58.3649900235329,34.11394628580476,94.0836889818682,0,0.05241563700002416
2019,2,2.0,shortest,8000.0,1-1-1-1-1-1-1-1-1,7.313806017477297e-06,0.041421921999983624,577,70.22808775664515,44.71252418013722,106.27894536613836,0,0.05549791299995377
2019,2,2.0,separable,8184.658438426492,1-2-1-2-2-1-0-0-1,9.677379961113832e-06,0.041421921999983624,577,72.09080767943377,31.186144563644206,115.69651861368072,0,0.06347047400004158
2019,2,2.0,d_optimal,8184.658438426492,1-0-1-2-2-1-0-0-1,9.72219024733258e-06,0.041421921999983624,577,72.43368811427165,27.67396030624064,110.78528804572464,0,0.05551013399997373
2019,2,8.0,shortest,8000.0,1-1-1-1-1-1-1-1-1,7.313806017477297e-06,0.041421921999983624,577,64.83535867366176,56.91474095847462,98.84669834678651,0,0.06114299099999698
2019,2,8.0,separable,8184.658438426492,1-2-1-2-2-1-0-0-1,9.677379961113832e-06,0.041421921999983624,577,66.55692434683895,51.15169898764973,104.46723218367502,0,0.05441567100001521
2019,2,8.0,d_optimal,8184.658438426492,1-0-1-2-2-1-0-0-1,9.72219024733258e-06,0.041421921999983624,577,81.41523165894893,43.175894584052145,107.9648720262864,0,0.05092267400004857
2019,3,2.0,shortest,8000.0,1-1-1-1-1-1-1-1-1,7.313806017477297e-06,0.041421921999983624,577,84.62018410297675,104.1018310774133,137.4234605704884,0,0.05567713499999627
2019,3,2.0,separable,8184.658438426492,1-2-1-2-2-1-0-0-1,9.677379961113832e-06,0.041421921999983624,577,92.76915871967476,111.69290747810423,148.66598322580379,0,0.06161340599999221
2019,3,2.0,d_optimal,8184.658438426492,1-0-1-2-2-1-0-0-1,9.72219024733258e-06,0.041421921999983624,577,85.18483861039033,94.73324850070848,144.53372715414423,0,0.054659270000001925
2019,3,8.0,shortest,8000.0,1-1-1-1-1-1-1-1-1,7.313806017477297e-06,0.041421921999983624,577,68.30956440201346,27.39520630118997,139.67502701015462,0,0.051564462000044387
2019,3,8.0,separable,8184.658438426492,1-2-1-2-2-1-0-0-1,9.677379961113832e-06,0.041421921999983624,577,73.46748659803295,59.96146742403879,146.95933861759858,0,0.05175430500003131
2019,3,8.0,d_optimal,8184.658438426492,1-0-1-2-2-1-0-0-1,9.72219024733258e-06,0.041421921999983624,577,71.94718900855595,54.20767706668308,142.20116859928848,0,0.05404561299997113
2019,4,2.0,shortest,8000.0,1-1-1-1-1-1-1-1-1,7.313806017477297e-06,0.041421921999983624,577,54.051792482972814,53.2967897776055,88.2630354243453,0,0.05784002600000804
2019,4,2.0,separable,8184.658438426492,1-2-1-2-2-1-0-0-1,9.677379961113832e-06,0.041421921999983624,577,60.844013399213665,47.17851849931648,93.85237770502579,0,0.06950973799996518
2019,4,2.0,d_optimal,8184.658438426492,1-0-1-2-2-1-0-0-1,9.72219024733258e-06,0.041421921999983624,577,58.876247067692496,43.94144282583122,93.09163918829331,0,0.062154391999968084
2019,4,8.0,shortest,8000.0,1-1-1-1-1-1-1-1-1,7.313806017477297e-06,0.041421921999983624,577,81.51430379875127,104.34390235702566,120.05545292320859,0,0.050691464000010455
2019,4,8.0,separable,8184.658438426492,1-2-1-2-2-1-0-0-1,9.677379961113832e-06,0.041421921999983624,577,72.36748582002275,93.58268535729171,122.72956340968226,0,0.05120704199998727
2019,4,8.0,d_optimal,8184.658438426492,1-0-1-2-2-1-0-0-1,9.72219024733258e-06,0.041421921999983624,577,71.01695172848976,81.30532782962653,128.4637954799575,0,0.05217449300005228
2019,5,2.0,shortest,8000.0,1-1-1-1-1-1-1-1-1,7.313806017477297e-06,0.041421921999983624,577,64.89611902732149,50.50816577980933,96.6347038009338,0,0.05719077499998093
2019,5,2.0,separable,8184.658438426492,1-2-1-2-2-1-0-0-1,9.677379961113832e-06,0.041421921999983624,577,77.6922755882052,81.46481524786107,124.63196662470804,0,0.0583926460000157
2019,5,2.0,d_optimal,8184.658438426492,1-0-1-2-2-1-0-0-1,9.72219024733258e-06,0.041421921999983624,577,80.61515493491288,57.33553687785198,129.61273662909403,0,0.0564357879999875
2019,5,8.0,shortest,8000.0,1-1-1-1-1-1-1-1-1,7.313806017477297e-06,0.041421921999983624,577,83.29812256684298,61.733888570802435,136.1945067379784,0,0.05343001900001809
2019,5,8.0,separable,8184.658438426492,1-2-1-2-2-1-0-0-1,9.677379961113832e-06,0.041421921999983624,577,89.52965508191141,58.09760048663565,149.58838352455675,0,0.05305402099997991
2019,5,8.0,d_optimal,8184.658438426492,1-0-1-2-2-1-0-0-1,9.72219024733258e-06,0.041421921999983624,577,86.1830624842902,41.256038945703644,147.82234216880443,0,0.05026797099998248
2019,6,2.0,shortest,8000.0,1-1-1-1-1-1-1-1-1,7.313806017477297e-06,0.041421921999983624,577,64.6616941460964,62.42680623617947,113.12398043756768,0,0.05482159700000011
2019,6,2.0,separable,8184.658438426492,1-2-1-2-2-1-0-0-1,9.677379961113832e-06,0.041421921999983624,577,65.10518113653126,40.65303031002533,117.84439733992954,0,0.05687224299998661
2019,6,2.0,d_optimal,8184.658438426492,1-0-1-2-2-1-0-0-1,9.72219024733258e-06,0.041421921999983624,577,69.32257918825879,59.81798419845731,119.0487202307362,0,0.054637084999967556
2019,6,8.0,shortest,8000.0,1-1-1-1-1-1-1-1-1,7.313806017477297e-06,0.041421921999983624,577,105.9278199373504,77.34273292278837,163.2140608145548,0,0.05201270600002772
2019,6,8.0,separable,8184.658438426492,1-2-1-2-2-1-0-0-1,9.677379961113832e-06,0.041421921999983624,577,107.37399963245502,78.7925431706823,165.22976653373973,0,0.05309304899998324
2019,6,8.0,d_optimal,8184.658438426492,1-0-1-2-2-1-0-0-1,9.72219024733258e-06,0.041421921999983624,577,92.97233945901151,54.64308169125165,158.7849254338015,0,0.05322637099999383
2019,7,2.0,shortest,8000.0,1-1-1-1-1-1-1-1-1,7.313806017477297e-06,0.041421921999983624,577,59.799378012913465,81.19906479326187,89.2750412274976,0,0.05810357100000374
2019,7,2.0,separable,8184.658438426492,1-2-1-2-2-1-0-0-1,9.677379961113832e-06,0.041421921999983624,577,65.23151282356856,83.63244507205009,96.39970737771884,0,0.055825911999988875
2019,7,2.0,d_optimal,8184.658438426492,1-0-1-2-2-1-0-0-1,9.72219024733258e-06,0.041421921999983624,577,61.09219071263597,68.56463298319576,85.17125304909861,0,0.05657474999998158
2019,7,8.0,shortest,8000.0,1-1-1-1-1-1-1-1-1,7.313806017477297e-06,0.041421921999983624,577,86.76063499358995,48.39465221497027,133.06848501262292,0,0.0512908320000065
2019,7,8.0,separable,8184.658438426492,1-2-1-2-2-1-0-0-1,9.677379961113832e-06,0.041421921999983624,577,90.34974674703389,58.267790091546686,148.11911962233395,0,0.05406886100001884
2019,7,8.0,d_optimal,8184.658438426492,1-0-1-2-2-1-0-0-1,9.72219024733258e-06,0.041421921999983624,577,83.90695672426082,59.35689708166494,142.91528850375892,0,0.04985456199995042
2019,8,2.0,shortest,8000.0,1-1-1-1-1-1-1-1-1,7.313806017477297e-06,0.041421921999983624,577,78.53283201949023,19.76846622062748,134.47616844373613,0,0.0505823039999882
2019,8,2.0,separable,8184.658438426492,1-2-1-2-2-1-0-0-1,9.677379961113832e-06,0.041421921999983624,577,83.82716544348246,49.010876434088004,141.07768622854437,0,0.055379500999947595
2019,8,2.0,d_optimal,8184.658438426492,1-0-1-2-2-1-0-0-1,9.72219024733258e-06,0.041421921999983624,577,76.74295961306505,27.568173689838446,139.2040587020705,0,0.05659288499998638
2019,8,8.0,shortest,8000.0,1-1-1-1-1-1-1-1-1,7.313806017477297e-06,0.041421921999983624,577,74.42616680828964,100.19679491697029,134.93014881259623,0,0.050855446000014126
2019,8,8.0,separable,8184.658438426492,1-2-1-2-2-1-0-0-1,9.677379961113832e-06,0.041421921999983624,577,73.81459171938866,91.81047055973454,129.8468533474836,0,0.05221314199997096
2019,8,8.0,d_optimal,8184.658438426492,1-0-1-2-2-1-0-0-1,9.72219024733258e-06,0.041421921999983624,577,81.9974611376795,100.86544302601672,132.89822414708587,0,0.053370518999997785
2019,9,2.0,shortest,8000.0,1-1-1-1-1-1-1-1-1,7.313806017477297e-06,0.041421921999983624,577,69.8922457379966,76.51528592295155,119.4502560557525,0,0.057376202000000376
2019,9,2.0,separable,8184.658438426492,1-2-1-2-2-1-0-0-1,9.677379961113832e-06,0.041421921999983624,577,70.60016586326,62.44731447730252,122.99700486839008,0,0.056064990000038506
2019,9,2.0,d_optimal,8184.658438426492,1-0-1-2-2-1-0-0-1,9.72219024733258e-06,0.041421921999983624,577,70.76019848159773,59.28195721136846,118.60627394636076,0,0.05293586499999492
2019,9,8.0,shortest,8000.0,1-1-1-1-1-1-1-1-1,7.313806017477297e-06,0.041421921999983624,577,94.78891043002115,80.20977467059646,157.42162162559933,0,0.0479199409999751
2019,9,8.0,separable,8184.658438426492,1-2-1-2-2-1-0-0-1,9.677379961113832e-06,0.041421921999983624,577,100.61237586145835,74.03013084822919,158.11560958999127,0,0.057117887000003975
2019,9,8.0,d_optimal,8184.658438426492,1-0-1-2-2-1-0-0-1,9.72219024733258e-06,0.041421921999983624,577,97.67383895246886,64.40512644549234,158.32692979581446,0,0.053074558999981036
2020,0,2.0,shortest,8000.0,1-1-1-1-1-1-1-1-1,2.8205769615564302e-06,0.04245446400000219,577,70.6287842878499,20.789370930974247,125.40375519491229,0,0.056483850999995866
2020,0,2.0,separable,8184.658438426492,1-0-0-1-0-1-2-2-1,5.096441506736712e-06,0.04245446400000219,577,56.50590326515262,27.241720626634947,80.35481240238636,0,0.05653482500002838
2020,0,2.0,d_optimal,8123.105625617661,1-0-0-1-1-1-1-2-1,5.383151711167665e-06,0.04245446400000219,577,61.05058322770146,40.533382978907646,108.48372040763738,0,0.05458127600002172
2020,0,8.0,shortest,8000.0,1-1-1-1-1-1-1-1-1,2.8205769615564302e-06,0.04245446400000219,577,153.94671557969366,37.345993512235474,221.495761880298,0,0.053120406000005005
2020,0,8.0,separable,8184.658438426492,1-0-0-1-0-1-2-2-1,5.096441506736712e-06,0.04245446400000219,577,109.19084531130686,14.144996460237671,177.54459704213318,0,0.05228805900003408
2020,0,8.0,d_optimal,8123.105625617661,1-0-0-1-1-1-1-2-1,5.383151711167665e-06,0.04245446400000219,577,131.62665938061838,48.121142648627874,208.01165326569742,0,0.0489059409999868
2020,1,2.0,shortest,8000.0,1-1-1-1-1-1-1-1-1,2.8205769615564302e-06,0.04245446400000219,577,87.74836754792312,29.857008499107167,136.6184040449337,0,0.054409256000042205
2020,1,2.0,separable,8184.658438426492,1-0-0-1-0-1-2-2-1,5.096441506736712e-06,0.04245446400000219,577,67.49501355127175,49.73808733895754,107.14041494660029,0,0.05677096499999834
2020,1,2.0,d_optimal,8123.105625617661,1-0-0-1-1-1-1-2-1,5.383151711167665e-06,0.04245446400000219,577,64.73449479557094,28.877751176821967,115.61866514738426,0,0.057205317000011746
2020,1,8.0,shortest,8000.0,1-1-1-1-1-1-1-1-1,2.8205769615564302e-06,0.04245446400000219,577,153.92755281880062,62.238806608172276,225.15242894999815,0,0.04942643799995494
2020,1,8.0,separable,8184.658438426492,1-0-0-1-0-1-2-2-1,5.096441506736712e-06,0.04245446400000219,577,114.53759788998313,30.065101313978353,173.51283036467748,0,0.05065603899998905
2020,1,8.0,d_optimal,8123.105625617661,1-0-0-1-1-1-1-2-1,5.383151711167665e-06,0.04245446400000219,577,132.18557836074953,40.092633187669186,198.85303815872552,0,0.050959395999996104
2020,2,2.0,shortest,8000.0,1-1-1-1-1-1-1-1-1,2.8205769615564302e-06,0.04245446400000219,577,66.97547517347955,69.84122489795307,110.32921577195607,0,0.0511330090000115
2020,2,2.0,separable,8184.658438426492,1-0-0-1-0-1-2-2-1,5.096441506736712e-06,0.04245446400000219,577,53.859477806319745,54.55232674910541,78.13218039857773,0,0.05246552999994947
2020,2,2.0,d_optimal,8123.105625617661,1-0-0-1-1-1-1-2-1,5.383151711167665e-06,0.04245446400000219,577,58.45092890146532,66.26116755277235,106.85447571893282,0,0.04882109400000445
2020,2,8.0,shortest,8000.0,1-1-1-1-1-1-1-1-1,2.8205769615564302e-06,0.04245446400000219,577,103.19335054425322,36.8969003036694,143.80680160514817,0,0.04589031900002283
2020,2,8.0,separable,8184.658438426492,1-0-0-1-0-1-2-2-1,5.096441506736712e-06,0.04245446400000219,577,81.4309016597011,44.564822852104484,116.21760695544015,0,0.04881641599996556
2020,2,8.0,d_optimal,8123.105625617661,1-0-0-1-1-1-1-2-1,5.383151711167665e-06,0.04245446400000219,577,83.23181929951276,48.0834661045217,135.72062395859948,0,0.05137555800001792
2020,3,2.0,shortest,8000.0,1-1-1-1-1-1-1-1-1,2.8205769615564302e-06,0.04245446400000219,577,82.96652383848412,10.098256643155457,157.8606264752007,0,0.05785261400001218
2020,3,2.0,separable,8184.658438426492,1-0-0-1-0-1-2-2-1,5.096441506736712e-06,0.04245446400000219,577,74.18510031582512,13.209885643342517,132.4851857812613,0,0.06242558399998188
2020,3,2.0,d_optimal,8123.105625617661,1-0-0-1-1-1-1-2-1,5.383151711167665e-06,0.04245446400000219,577,75.95808208725663,27.49832794590246,140.9539470066715,0,0.058141546000001654
2020,3,8.0,shortest,8000.0,1-1-1-1-1-1-1-1-1,2.8205769615564302e-06,0.04245446400000219,577,169.95899796464985,103.41613179747836,280.10238336226035,1,0.05395447199998671
2020,3,8.0,separable,8184.658438426492,1-0-0-1-0-1-2-2-1,5.096441506736712e-06,0.04245446400000219,577,136.5152026726613,111.03465538604495,218.2564645942595,1,0.052722839000011845
2020,3,8.0,d_optimal,8123.105625617661,1-0-0-1-1-1-1-2-1,5.383151711167665e-06,0.04245446400000219,577,143.7653825364288,112.08079975531865,229.06344370558446,1,0.05208428000003096
2020,4,2.0,shortest,8000.0,1-1-1-1-1-1-1-1-1,2.8205769615564302e-06,0.04245446400000219,577,82.13482183217216,67.17861215686942,129.82846378945402,0,0.054193677999990086
2020,4,2.0,separable,8184.658438426492,1-0-0-1-0-1-2-2-1,5.096441506736712e-06,0.04245446400000219,577,72.35739879694641,76.23317093022622,108.76937603931957,0,0.052758381999979065
2020,4,2.0,d_optimal,8123.105625617661,1-0-0-1-1-1-1-2-1,5.383151711167665e-06,0.04245446400000219,577,72.96042149796838,75.80304219395772,116.64187869418342,0,0.053895807000003515
2020,4,8.0,shortest,8000.0,1-1-1-1-1-1-1-1-1,2.8205769615564302e-06,0.04245446400000219,577,96.1529941302823,10.819273042106177,141.28311107846432,0,0.05040850599999658
2020,4,8.0,separable,8184.658438426492,1-0-0-1-0-1-2-2-1,5.096441506736712e-06,0.04245446400000219,577,71.39303618931947,35.16167079466314,108.83379723657343,0,0.050277017000041724
2020,4,8.0,d_optimal,8123.105625617661,1-0-0-1-1-1-1-2-1,5.383151711167665e-06,0.04245446400000219,577,83.56816876825879,33.26664222037786,142.3191904457889,0,0.05257231500002035
2020,5,2.0,shortest,8000.0,1-1-1-1-1-1-1-1-1,2.8205769615564302e-06,0.04245446400000219,577,70.43613896728792,19.104593188883257,127.21736725288709,0,0.05135994300002267
2020,5,2.0,separable,8184.658438426492,1-0-0-1-0-1-2-2-1,5.096441506736712e-06,0.04245446400000219,577,56.5926701122331,36.806448392370804,83.294670711443,0,0.054204681999976856
2020,5,2.0,d_optimal,8123.105625617661,1-0-0-1-1-1-1-2-1,5.383151711167665e-06,0.04245446400000219,577,56.00261613965351,18.112058136806155,99.40702434557176,0,0.053408050000030016
2020,5,8.0,shortest,8000.0,1-1-1-1-1-1-1-1-1,2.8205769615564302e-06,0.04245446400000219,577,128.81514220789558,44.548352497800366,201.03881810976017,0,0.05165481500000624
2020,5,8.0,separable,8184.658438426492,1-0-0-1-0-1-2-2-1,5.096441506736712e-06,0.04245446400000219,577,95.28443088819705,34.92246207177167,174.07494480719524,0,0.04983956000000944
2020,5,8.0,d_optimal,8123.105625617661,1-0-0-1-1-1-1-2-1,5.383151711167665e-06,0.04245446400000219,577,105.36364865795372,33.660121821311535,174.58245880821815,0,0.04829073100000869
2020,6,2.0,shortest,8000.0,1-1-1-1-1-1-1-1-1,2.8205769615564302e-06,0.04245446400000219,577,52.64038382036492,47.54445161899474,88.59726323358367,0,0.04814094200003183
2020,6,2.0,separable,8184.658438426492,1-0-0-1-0-1-2-2-1,5.096441506736712e-06,0.04245446400000219,577,48.922553752538036,45.78919192845112,77.04063415163158,0,0.04901260099995852
2020,6,2.0,d_optimal,8123.105625617661,1-0-0-1-1-1-1-2-1,5.383151711167665e-06,0.04245446400000219,577,47.00621865947299,36.90730476885296,72.19236718581766,0,0.04913421999998491
2020,6,8.0,shortest,8000.0,1-1-1-1-1-1-1-1-1,2.8205769615564302e-06,0.04245446400000219,577,143.56275397448496,51.83591781851491,216.43515795734012,1,0.051133071999970525
2020,6,8.0,separable,8184.658438426492,1-0-0-1-0-1-2-2-1,5.096441506736712e-06,0.04245446400000219,577,103.59571061970308,23.64722682364872,169.97161523396315,0,0.05002477200002886
2020,6,8.0,d_optimal,8123.105625617661,1-0-0-1-1-1-1-2-1,5.383151711167665e-06,0.04245446400000219,577,112.65677564388598,39.95387813804132,171.7432849908536,0,0.05022463099999186
2020,7,2.0,shortest,8000.0,1-1-1-1-1-1-1-1-1,2.8205769615564302e-06,0.04245446400000219,577,74.82974428081012,35.15057149107698,138.1069558912174,0,0.054733360000000175
2020,7,2.0,separable,8184.658438426492,1-0-0-1-0-1-2-2-1,5.096441506736712e-06,0.04245446400000219,577,61.80553779177685,32.52354862779464,103.52232204082495,0,0.056264209000005394
2020,7,2.0,d_optimal,8123.105625617661,1-0-0-1-1-1-1-2-1,5.383151711167665e-06,0.04245446400000219,577,69.86231075958966,49.92146835951213,129.305072723192,0,0.051479529000005186
2020,7,8.0,shortest,8000.0,1-1-1-1-1-1-1-1-1,2.8205769615564302e-06,0.04245446400000219,577,100.25821891709717,7.53842421053436,146.51491668376346,0,0.04706307100002505
2020,7,8.0,separable,8184.658438426492,1-0-0-1-0-1-2-2-1,5.096441506736712e-06,0.04245446400000219,577,73.2757118080656,25.3431557262455,110.23085320131968,0,0.046483930000022156
2020,7,8.0,d_optimal,8123.105625617661,1-0-0-1-1-1-1-2-1,5.383151711167665e-06,0.04245446400000219,577,92.78346149339171,20.052808809941826,145.04812366214887,0,0.04656671899999765
2020,8,2.0,shortest,8000.0,1-1-1-1-1-1-1-1-1,2.8205769615564302e-06,0.04245446400000219,577,77.98960240049693,44.95780657312643,159.36907319321907,0,0.048230623999984346
2020,8,2.0,separable,8184.658438426492,1-0-0-1-0-1-2-2-1,5.096441506736712e-06,0.04245446400000219,577,64.51499478517766,39.39700664330271,119.33635496505826,0,0.04722131199997648
2020,8,2.0,d_optimal,8123.105625617661,1-0-0-1-1-1-1-2-1,5.383151711167665e-06,0.04245446400000219,577,63.22797800943788,33.020673437954194,136.42221283462302,0,0.04636195199998383
2020,8,8.0,shortest,8000.0,1-1-1-1-1-1-1-1-1,2.8205769615564302e-06,0.04245446400000219,577,102.71607807150517,54.81201888486053,178.93837492375965,0,0.04362368099998548
2020,8,8.0,separable,8184.658438426492,1-0-0-1-0-1-2-2-1,5.096441506736712e-06,0.04245446400000219,577,81.18686345060672,80.72550870215811,137.15477366558935,0,0.04492976300002738
2020,8,8.0,d_optimal,8123.105625617661,1-0-0-1-1-1-1-2-1,5.383151711167665e-06,0.04245446400000219,577,86.08301428102747,63.68672241341811,139.41011949107775,0,0.04522716200000332
2020,9,2.0,shortest,8000.0,1-1-1-1-1-1-1-1-1,2.8205769615564302e-06,0.04245446400000219,577,59.42464761063633,55.29997174350305,86.4656561005346,0,0.04963381099997832
2020,9,2.0,separable,8184.658438426492,1-0-0-1-0-1-2-2-1,5.096441506736712e-06,0.04245446400000219,577,39.10778325895712,45.84297581149219,63.25151105522967,0,0.04885899100003144
2020,9,2.0,d_optimal,8123.105625617661,1-0-0-1-1-1-1-2-1,5.383151711167665e-06,0.04245446400000219,577,46.36797571841756,58.918373728947145,70.6463492513332,0,0.04832016399996064
2020,9,8.0,shortest,8000.0,1-1-1-1-1-1-1-1-1,2.8205769615564302e-06,0.04245446400000219,577,154.97628419544762,7.483304849347458,211.4511618259152,0,0.046164710999960334
2020,9,8.0,separable,8184.658438426492,1-0-0-1-0-1-2-2-1,5.096441506736712e-06,0.04245446400000219,577,123.64085045307326,54.318278459466065,164.9108328597355,0,0.04618255399998361
2020,9,8.0,d_optimal,8123.105625617661,1-0-0-1-1-1-1-2-1,5.383151711167665e-06,0.04245446400000219,577,129.86969142848528,19.9503728804032,183.05119705587,0,0.04594205199998669
2021,0,2.0,shortest,8000.0,1-1-1-1-1-1-1-1-1,2.094416832449595e-05,0.04325318100001141,577,67.99243484038496,46.45376355057247,148.28375608233807,0,0.05538853299998436
2021,0,2.0,separable,8123.105625617661,1-0-0-1-0-0-0-0-1,2.6639922032950072e-05,0.04325318100001141,577,50.854313547719144,45.50129631679865,118.59260010007078,0,0.05891608499996437
2021,0,2.0,d_optimal,8184.658438426492,1-1-0-1-0-0-1-0-1,2.75985926084887e-05,0.04325318100001141,577,48.59855505587829,41.803247037399125,117.43738716188092,0,0.056691334999982246
2021,0,8.0,shortest,8000.0,1-1-1-1-1-1-1-1-1,2.094416832449595e-05,0.04325318100001141,577,50.20549917645946,93.28405084853183,80.93415557546865,0,0.053745669000022644
2021,0,8.0,separable,8123.105625617661,1-0-0-1-0-0-0-0-1,2.6639922032950072e-05,0.04325318100001141,577,72.48948805159779,117.96187281665136,134.19724039570795,0,0.0544817050000006
2021,0,8.0,d_optimal,8184.658438426492,1-1-0-1-0-0-1-0-1,2.75985926084887e-05,0.04325318100001141,577,59.16845565545591,97.64475795109183,102.67319092659056,0,0.05324521299996832
2021,1,2.0,shortest,8000.0,1-1-1-1-1-1-1-1-1,2.094416832449595e-05,0.04325318100001141,577,113.64395383091234,22.695018921721402,215.99555552329673,0,0.05694790100000091
2021,1,2.0,separable,8123.105625617661,1-0-0-1-0-0-0-0-1,2.6639922032950072e-05,0.04325318100001141,577,54.363326854620844,15.81314227568121,106.75438664408772,0,0.05137732200000755
2021,1,2.0,d_optimal,8184.658438426492,1-1-0-1-0-0-1-0-1,2.75985926084887e-05,0.04325318100001141,577,54.48345834222059,9.109683554995998,116.66865618388667,0,0.05014457199996514
2021,1,8.0,shortest,8000.0,1-1-1-1-1-1-1-1-1,2.094416832449595e-05,0.04325318100001141,577,88.22626405132497,15.879017787593472,188.99570406208935,0,0.04696205499999451
2021,1,8.0,separable,8123.105625617661,1-0-0-1-0-0-0-0-1,2.6639922032950072e-05,0.04325318100001141,577,68.20814059847723,49.065711291921474,129.27988486715603,0,0.04691600000001017
2021,1,8.0,d_optimal,8184.658438426492,1-1-0-1-0-0-1-0-1,2.75985926084887e-05,0.04325318100001141,577,64.34001160584194,23.524710575940656,124.2602937254534,0,0.047666282000022875
2021,2,2.0,shortest,8000.0,1-1-1-1-1-1-1-1-1,2.094416832449595e-05,0.04325318100001141,577,63.720272689747276,15.078353309569682,122.81594505715513,0,0.05096493000002056
2021,2,2.0,separable,8123.105625617661,1-0-0-1-0-0-0-0-1,2.6639922032950072e-05,0.04325318100001141,577,36.434242116018,14.248279116728865,63.216403297435015,0,0.05608426899999586
2021,2,2.0,d_optimal,8184.658438426492,1-1-0-1-0-0-1-0-1,2.75985926084887e-05,0.04325318100001141,577,34.33371981121895,19.571103120130516,59.71793960396698,0,0.05692750599996543
2021,2,8.0,shortest,8000.0,1-1-1-1-1-1-1-1-1,2.094416832449595e-05,0.04325318100001141,577,110.6851260269881,41.696978013938654,231.4542259133951,0,0.05248292099997798
2021,2,8.0,separable,8123.105625617661,1-0-0-1-0-0-0-0-1,2.6639922032950072e-05,0.04325318100001141,577,93.14582662806681,62.88359486928692,171.75781346275696,0,0.052258358000017324
2021,2,8.0,d_optimal,8184.658438426492,1-1-0-1-0-0-1-0-1,2.75985926084887e-05,0.04325318100001141,577,94.13313023145764,53.871503805431026,194.77836204507108,0,0.05277472199998101
2021,3,2.0,shortest,8000.0,1-1-1-1-1-1-1-1-1,2.094416832449595e-05,0.04325318100001141,577,72.20314903859524,82.38967183577864,139.11031192064758,0,0.057807964999994965
2021,3,2.0,separable,8123.105625617661,1-0-0-1-0-0-0-0-1,2.6639922032950072e-05,0.04325318100001141,577,45.34538414564686,79.19431433260404,72.87053571964167,0,0.05468068999999787
2021,3,2.0,d_optimal,8184.658438426492,1-1-0-1-0-0-1-0-1,2.75985926084887e-05,0.04325318100001141,577,42.66815823458446,94.542253431406,71.03654847821437,0,0.051871382999991056
2021,3,8.0,shortest,8000.0,1-1-1-1-1-1-1-1-1,2.094416832449595e-05,0.04325318100001141,577,145.3822006033034,66.73699900049805,278.515215265217,1,0.04677792100000033
2021,3,8.0,separable,8123.105625617661,1-0-0-1-0-0-0-0-1,2.6639922032950072e-05,0.04325318100001141,577,129.55057408319686,69.1113463149908,250.18609749697794,1,0.0461990969999988
2021,3,8.0,d_optimal,8184.658438426492,1-1-0-1-0-0-1-0-1,2.75985926084887e-05,0.04325318100001141,577,139.88983174104587,75.35804617515807,268.22754340368715,1,0.04543804400003637
2021,4,2.0,shortest,8000.0,1-1-1-1-1-1-1-1-1,2.094416832449595e-05,0.04325318100001141,577,75.72538427883238,34.24015437090583,132.6980354085765,0,0.04969609299996591
2021,4,2.0,separable,8123.105625617661,1-0-0-1-0-0-0-0-1,2.6639922032950072e-05,0.04325318100001141,577,51.88018570001172,19.134205789275374,80.8622157704593,0,0.050326700999960394
2021,4,2.0,d_optimal,8184.658438426492,1-1-0-1-0-0-1-0-1,2.75985926084887e-05,0.04325318100001141,577,50.0508293333551,23.7906348812252,85.98364046290466,0,0.061453755000002275
2021,4,8.0,shortest,8000.0,1-1-1-1-1-1-1-1-1,2.094416832449595e-05,0.04325318100001141,577,138.98098900636492,103.35642249505865,260.684212718716,1,0.05134233300003643
2021,4,8.0,separable,8123.105625617661,1-0-0-1-0-0-0-0-1,2.6639922032950072e-05,0.04325318100001141,577,92.19105197124914,92.24709573419992,176.37230752039514,0,0.053218882000010126
2021,4,8.0,d_optimal,8184.658438426492,1-1-0-1-0-0-1-0-1,2.75985926084887e-05,0.04325318100001141,577,97.51596058791046,86.21626639304817,187.18454023574756,0,0.052120991999970556
2021,5,2.0,shortest,8000.0,1-1-1-1-1-1-1-1-1,2.094416832449595e-05,0.04325318100001141,577,103.7932925329071,44.124896403534635,182.33352226701564,0,0.054669171999989885
2021,5,2.0,separable,8123.105625617661,1-0-0-1-0-0-0-0-1,2.6639922032950072e-05,0.04325318100001141,577,65.90471878823654,40.05710501312252,101.40731239843328,0,0.052036184000030516
2021,5,2.0,d_optimal,8184.658438426492,1-1-0-1-0-0-1-0-1,2.75985926084887e-05,0.04325318100001141,577,68.58364683748667,36.25358252150077,120.28476286924017,0,0.057800591999978224
2021,5,8.0,shortest,8000.0,1-1-1-1-1-1-1-1-1,2.094416832449595e-05,0.04325318100001141,577,125.99937933573638,50.100800118893766,238.4750198827165,1,0.04905350100000305
2021,5,8.0,separable,8123.105625617661,1-0-0-1-0-0-0-0-1,2.6639922032950072e-05,0.04325318100001141,577,94.7982627077381,27.46647683001262,203.19808299769198,0,0.05050806399998464
2021,5,8.0,d_optimal,8184.658438426492,1-1-0-1-0-0-1-0-1,2.75985926084887e-05,0.04325318100001141,577,104.57287489553433,24.729055626452684,221.55575891113,0,0.05092126099998495
2021,6,2.0,shortest,8000.0,1-1-1-1-1-1-1-1-1,2.094416832449595e-05,0.04325318100001141,577,55.890999113041566,32.09621154355834,107.99048808531329,0,0.059203613000022415
2021,6,2.0,separable,8123.105625617661,1-0-0-1-0-0-0-0-1,2.6639922032950072e-05,0.04325318100001141,577,34.900776652889455,27.33271275280004,55.54981889543906,0,0.0735771550000095
2021,6,2.0,d_optimal,8184.658438426492,1-1-0-1-0-0-1-0-1,2.75985926084887e-05,0.04325318100001141,577,35.63283587403467,26.43467393223399,55.94749596697454,0,0.0704163739999899
2021,6,8.0,shortest,8000.0,1-1-1-1-1-1-1-1-1,2.094416832449595e-05,0.04325318100001141,577,151.78242079401943,30.929575968074776,262.20723835502133,1,0.06268451500000083
2021,6,8.0,separable,8123.105625617661,1-0-0-1-0-0-0-0-1,2.6639922032950072e-05,0.04325318100001141,577,95.32445497330099,57.94739396249512,170.7910120109475,0,0.05094771099999207
2021,6,8.0,d_optimal,8184.658438426492,1-1-0-1-0-0-1-0-1,2.75985926084887e-05,0.04325318100001141,577,100.28769400012457,46.771713584586976,183.1829398927661,0,0.04147913899998912
2021,7,2.0,shortest,8000.0,1-1-1-1-1-1-1-1-1,2.094416832449595e-05,0.04325318100001141,577,84.39082733846162,18.98015212344381,175.47970452730834,0,0.04664245700001857
2021,7,2.0,separable,8123.105625617661,1-0-0-1-0-0-0-0-1,2.6639922032950072e-05,0.04325318100001141,577,55.99780636514266,14.195544858645757,109.00033253570888,0,0.0463037729999769
2021,7,2.0,d_optimal,8184.658438426492,1-1-0-1-0-0-1-0-1,2.75985926084887e-05,0.04325318100001141,577,59.046728517193465,19.804716813226147,104.3940867530254,0,0.04700476700003264
2021,7,8.0,shortest,8000.0,1-1-1-1-1-1-1-1-1,2.094416832449595e-05,0.04325318100001141,577,90.44275567185483,74.24565862630527,171.86701908294592,0,0.041830926999978146
2021,7,8.0,separable,8123.105625617661,1-0-0-1-0-0-0-0-1,2.6639922032950072e-05,0.04325318100001141,577,91.36218659994239,76.30537573694097,163.42683496614973,0,0.04122393000000102
2021,7,8.0,d_optimal,8184.658438426492,1-1-0-1-0-0-1-0-1,2.75985926084887e-05,0.04325318100001141,577,92.43370451868715,72.91789524280425,166.74812505405455,0,0.042227975999992395
2021,8,2.0,shortest,8000.0,1-1-1-1-1-1-1-1-1,2.094416832449595e-05,0.04325318100001141,577,69.3861516365488,17.787596906907922,143.0362961147825,0,0.04451846500001011
2021,8,2.0,separable,8123.105625617661,1-0-0-1-0-0-0-0-1,2.6639922032950072e-05,0.04325318100001141,577,59.84258019933212,26.517377212224748,119.28062064131007,0,0.045287787000006574
2021,8,2.0,d_optimal,8184.658438426492,1-1-0-1-0-0-1-0-1,2.75985926084887e-05,0.04325318100001141,577,58.84073282339865,31.203700449036152,111.81135269162422,0,0.044733043999997335
2021,8,8.0,shortest,8000.0,1-1-1-1-1-1-1-1-1,2.094416832449595e-05,0.04325318100001141,577,140.19045177683077,76.85247812038916,241.04472933628614,1,0.042889794000018355
2021,8,8.0,separable,8123.105625617661,1-0-0-1-0-0-0-0-1,2.6639922032950072e-05,0.04325318100001141,577,140.63750441471177,75.24963330776559,251.17301632092588,1,0.0414537539999742
2021,8,8.0,d_optimal,8184.658438426492,1-1-0-1-0-0-1-0-1,2.75985926084887e-05,0.04325318100001141,577,133.54030293720353,58.45328041864043,251.66116173807976,1,0.047592388999987634
2021,9,2.0,shortest,8000.0,1-1-1-1-1-1-1-1-1,2.094416832449595e-05,0.04325318100001141,577,90.05401022160873,14.909225310000787,172.84485597897037,0,0.05813639999996667
2021,9,2.0,separable,8123.105625617661,1-0-0-1-0-0-0-0-1,2.6639922032950072e-05,0.04325318100001141,577,58.99875068403676,19.830026268778422,98.17048604627453,0,0.054425549999962186
2021,9,2.0,d_optimal,8184.658438426492,1-1-0-1-0-0-1-0-1,2.75985926084887e-05,0.04325318100001141,577,54.04516971606576,20.861431883692916,91.62488135554626,0,0.057271354000022257
2021,9,8.0,shortest,8000.0,1-1-1-1-1-1-1-1-1,2.094416832449595e-05,0.04325318100001141,577,111.35082846600301,20.548399489971086,187.84869566937618,0,0.061185773000033805
2021,9,8.0,separable,8123.105625617661,1-0-0-1-0-0-0-0-1,2.6639922032950072e-05,0.04325318100001141,577,76.71119066886381,26.068182746123057,137.65438116104932,0,0.05827335399999356
2021,9,8.0,d_optimal,8184.658438426492,1-1-0-1-0-0-1-0-1,2.75985926084887e-05,0.04325318100001141,577,81.93083909684844,19.064985199534053,142.5322693271839,0,0.05434041499995601
2022,0,2.0,shortest,8000.0,1-1-1-1-1-1-1-1-1,2.5494598890166014e-06,0.04749172399999679,577,154.86983190673882,120.28219248363459,292.19083017562514,1,0.05785051199995905
2022,0,2.0,separable,8246.211251235321,1-0-1-0-1-0-1-2-1,3.343183936221567e-06,0.04749172399999679,577,150.62217843257693,127.24068856311119,275.11899580856715,1,0.0686710909999988
2022,0,2.0,d_optimal,8246.211251235321,1-0-1-0-1-0-1-2-1,3.343183936221567e-06,0.04749172399999679,577,150.62217843257693,127.24068856311119,275.11899580856715,1,0.06068284799999901
2022,0,8.0,shortest,8000.0,1-1-1-1-1-1-1-1-1,2.5494598890166014e-06,0.04749172399999679,577,77.1364360230566,117.3165455244354,127.6464405722928,0,0.049844989000007445
2022,0,8.0,separable,8246.211251235321,1-0-1-0-1-0-1-2-1,3.343183936221567e-06,0.04749172399999679,577,70.23417963327083,82.11866479147132,121.90193758847681,0,0.04670645299995613
2022,0,8.0,d_optimal,8246.211251235321,1-0-1-0-1-0-1-2-1,3.343183936221567e-06,0.04749172399999679,577,70.23417963327083,82.11866479147132,121.90193758847681,0,0.04866669500000853
2022,1,2.0,shortest,8000.0,1-1-1-1-1-1-1-1-1,2.5494598890166014e-06,0.04749172399999679,577,171.29803369368935,143.0738278567714,306.9527465503186,1,0.06308531899998115
2022,1,2.0,separable,8246.211251235321,1-0-1-0-1-0-1-2-1,3.343183936221567e-06,0.04749172399999679,577,156.38941046323987,91.7017107396647,289.89931120534914,1,0.057303624999974545
2022,1,2.0,d_optimal,8246.211251235321,1-0-1-0-1-0-1-2-1,3.343183936221567e-06,0.04749172399999679,577,156.38941046323987,91.7017107396647,289.89931120534914,1,0.05479047799997261
2022,1,8.0,shortest,8000.0,1-1-1-1-1-1-1-1-1,2.5494598890166014e-06,0.04749172399999679,577,128.28523865555124,193.89513316690082,220.67346351893994,0,0.05299188299994739
2022,1,8.0,separable,8246.211251235321,1-0-1-0-1-0-1-2-1,3.343183936221567e-06,0.04749172399999679,577,112.50786199371277,154.93268140305094,187.33501772271103,0,0.05287849700005154
2022,1,8.0,d_optimal,8246.211251235321,1-0-1-0-1-0-1-2-1,3.343183936221567e-06,0.04749172399999679,577,112.50786199371277,154.93268140305094,187.33501772271103,0,0.05302009600001156
2022,2,2.0,shortest,8000.0,1-1-1-1-1-1-1-1-1,2.5494598890166014e-06,0.04749172399999679,577,172.005115286899,158.25929742470066,312.87923712479875,1,0.053915856999992684
2022,2,2.0,separable,8246.211251235321,1-0-1-0-1-0-1-2-1,3.343183936221567e-06,0.04749172399999679,577,163.94138692269254,148.36363055483687,283.50763434778554,1,0.05245449300002747
2022,2,2.0,d_optimal,8246.211251235321,1-0-1-0-1-0-1-2-1,3.343183936221567e-06,0.04749172399999679,577,163.94138692269254,148.36363055483687,283.50763434778554,1,0.05457040499999266
2022,2,8.0,shortest,8000.0,1-1-1-1-1-1-1-1-1,2.5494598890166014e-06,0.04749172399999679,577,116.21796172004636,182.30097098175008,198.47986706500103,0,0.04976333800004795
2022,2,8.0,separable,8246.211251235321,1-0-1-0-1-0-1-2-1,3.343183936221567e-06,0.04749172399999679,577,111.50146579347123,146.5751439357581,192.4146080910766,0,0.05138743599997042
2022,2,8.0,d_optimal,8246.211251235321,1-0-1-0-1-0-1-2-1,3.343183936221567e-06,0.04749172399999679,577,111.50146579347123,146.5751439357581,192.4146080910766,0,0.05046229000004132
2022,3,2.0,shortest,8000.0,1-1-1-1-1-1-1-1-1,2.5494598890166014e-06,0.04749172399999679,577,127.37776900027389,107.29200104251457,210.840260943193,0,0.05588193199997704
2022,3,2.0,separable,8246.211251235321,1-0-1-0-1-0-1-2-1,3.343183936221567e-06,0.04749172399999679,577,109.28033358978908,64.02871682662959,194.1491806938527,0,0.051179333999982646
2022,3,2.0,d_optimal,8246.211251235321,1-0-1-0-1-0-1-2-1,3.343183936221567e-06,0.04749172399999679,577,109.28033358978908,64.02871682662959,194.1491806938527,0,0.04332477799999879
2022,3,8.0,shortest,8000.0,1-1-1-1-1-1-1-1-1,2.5494598890166014e-06,0.04749172399999679,577,193.61958163679563,282.4964206940056,333.3768190611653,1,0.03883526999999276
2022,3,8.0,separable,8246.211251235321,1-0-1-0-1-0-1-2-1,3.343183936221567e-06,0.04749172399999679,577,187.81112993174193,252.009326318049,328.21763195965684,1,0.0390805920000048
2022,3,8.0,d_optimal,8246.211251235321,1-0-1-0-1-0-1-2-1,3.343183936221567e-06,0.04749172399999679,577,187.81112993174193,252.009326318049,328.21763195965684,1,0.03863697499997443
2022,4,2.0,shortest,8000.0,1-1-1-1-1-1-1-1-1,2.5494598890166014e-06,0.04749172399999679,577,117.65626573150485,83.07709538148896,189.20919710229435,0,0.042141760999982125
2022,4,2.0,separable,8246.211251235321,1-0-1-0-1-0-1-2-1,3.343183936221567e-06,0.04749172399999679,577,108.19909798592948,56.311628264727716,182.6877738896902,0,0.04249324800002796
2022,4,2.0,d_optimal,8246.211251235321,1-0-1-0-1-0-1-2-1,3.343183936221567e-06,0.04749172399999679,577,108.19909798592948,56.311628264727716,182.6877738896902,0,0.04372352000001456
2022,4,8.0,shortest,8000.0,1-1-1-1-1-1-1-1-1,2.5494598890166014e-06,0.04749172399999679,577,108.01557663013666,208.70329093832834,198.50998448369143,0,0.05262436099997103
2022,4,8.0,separable,8246.211251235321,1-0-1-0-1-0-1-2-1,3.343183936221567e-06,0.04749172399999679,577,101.99314452892085,188.5320693704683,176.22787055487123,0,0.0434425519999877
2022,4,8.0,d_optimal,8246.211251235321,1-0-1-0-1-0-1-2-1,3.343183936221567e-06,0.04749172399999679,577,101.99314452892085,188.5320693704683,176.22787055487123,0,0.04291547200000423
2022,5,2.0,shortest,8000.0,1-1-1-1-1-1-1-1-1,2.5494598890166014e-06,0.04749172399999679,577,148.4832132811932,127.00410237740543,266.3057737115262,1,0.04674456999998711
2022,5,2.0,separable,8246.211251235321,1-0-1-0-1-0-1-2-1,3.343183936221567e-06,0.04749172399999679,577,138.39656444746626,120.45739354665083,252.7223556052727,1,0.046180044999971415
2022,5,2.0,d_optimal,8246.211251235321,1-0-1-0-1-0-1-2-1,3.343183936221567e-06,0.04749172399999679,577,138.39656444746626,120.45739354665083,252.7223556052727,1,0.047193037999988974
2022,5,8.0,shortest,8000.0,1-1-1-1-1-1-1-1-1,2.5494598890166014e-06,0.04749172399999679,577,169.92658373751019,217.16979035565,292.6906604838527,1,0.04367146800001365
2022,5,8.0,separable,8246.211251235321,1-0-1-0-1-0-1-2-1,3.343183936221567e-06,0.04749172399999679,577,147.35602359303215,140.99143667471674,270.8958757410512,1,0.043981828000028145
2022,5,8.0,d_optimal,8246.211251235321,1-0-1-0-1-0-1-2-1,3.343183936221567e-06,0.04749172399999679,577,147.35602359303215,140.99143667471674,270.8958757410512,1,0.04430425900000046
2022,6,2.0,shortest,8000.0,1-1-1-1-1-1-1-1-1,2.5494598890166014e-06,0.04749172399999679,577,128.7953025025996,150.98715046144076,206.49492770645924,0,0.04490484100000458
2022,6,2.0,separable,8246.211251235321,1-0-1-0-1-0-1-2-1,3.343183936221567e-06,0.04749172399999679,577,109.31479039108903,116.90137930930004,186.45917665756923,0,0.046115596999982245
2022,6,2.0,d_optimal,8246.211251235321,1-0-1-0-1-0-1-2-1,3.343183936221567e-06,0.04749172399999679,577,109.31479039108903,116.90137930930004,186.45917665756923,0,0.045002847999967344
2022,6,8.0,shortest,8000.0,1-1-1-1-1-1-1-1-1,2.5494598890166014e-06,0.04749172399999679,577,204.4719919527677,211.68170335993184,309.89730838983536,1,0.04579251400002704
2022,6,8.0,separable,8246.211251235321,1-0-1-0-1-0-1-2-1,3.343183936221567e-06,0.04749172399999679,577,181.3363186252654,174.03128026317736,292.98620905469664,1,0.050377604000004794
2022,6,8.0,d_optimal,8246.211251235321,1-0-1-0-1-0-1-2-1,3.343183936221567e-06,0.04749172399999679,577,181.3363186252654,174.03128026317736,292.98620905469664,1,0.04361649499998066
2022,7,2.0,shortest,8000.0,1-1-1-1-1-1-1-1-1,2.5494598890166014e-06,0.04749172399999679,577,146.41636149079636,137.18800496813424,241.09831956887066,1,0.042749221999997644
2022,7,2.0,separable,8246.211251235321,1-0-1-0-1-0-1-2-1,3.343183936221567e-06,0.04749172399999679,577,140.82880054952906,141.53982016061877,219.12752117641477,0,0.04151678499999889
2022,7,2.0,d_optimal,8246.211251235321,1-0-1-0-1-0-1-2-1,3.343183936221567e-06,0.04749172399999679,577,140.82880054952906,141.53982016061877,219.12752117641477,0,0.041719303999968815
2022,7,8.0,shortest,8000.0,1-1-1-1-1-1-1-1-1,2.5494598890166014e-06,0.04749172399999679,577,122.24409401129462,163.96556634024193,211.34128683234036,0,0.03918244100003676
2022,7,8.0,separable,8246.211251235321,1-0-1-0-1-0-1-2-1,3.343183936221567e-06,0.04749172399999679,577,124.23391799916904,145.84204171297105,213.03796187829587,0,0.04052795399996967
2022,7,8.0,d_optimal,8246.211251235321,1-0-1-0-1-0-1-2-1,3.343183936221567e-06,0.04749172399999679,577,124.23391799916904,145.84204171297105,213.03796187829587,0,0.046490170000026865
2022,8,2.0,shortest,8000.0,1-1-1-1-1-1-1-1-1,2.5494598890166014e-06,0.04749172399999679,577,156.4927088707333,128.8700167395077,265.10386468425344,1,0.048690119000013965
2022,8,2.0,separable,8246.211251235321,1-0-1-0-1-0-1-2-1,3.343183936221567e-06,0.04749172399999679,577,145.5849003144343,100.56183363621922,253.1495089158944,1,0.04757601800002931
2022,8,2.0,d_optimal,8246.211251235321,1-0-1-0-1-0-1-2-1,3.343183936221567e-06,0.04749172399999679,577,145.5849003144343,100.56183363621922,253.1495089158944,1,0.04867077900001959
2022,8,8.0,shortest,8000.0,1-1-1-1-1-1-1-1-1,2.5494598890166014e-06,0.04749172399999679,577,165.9574529067222,222.08647636554437,253.7951177793715,1,0.04404797000000826
2022,8,8.0,separable,8246.211251235321,1-0-1-0-1-0-1-2-1,3.343183936221567e-06,0.04749172399999679,577,159.90809872056107,178.4004751094314,243.76737458776174,1,0.04343091200001936
2022,8,8.0,d_optimal,8246.211251235321,1-0-1-0-1-0-1-2-1,3.343183936221567e-06,0.04749172399999679,577,159.90809872056107,178.4004751094314,243.76737458776174,1,0.043244674999982635
2022,9,2.0,shortest,8000.0,1-1-1-1-1-1-1-1-1,2.5494598890166014e-06,0.04749172399999679,577,126.05935180213802,74.93886608341793,209.9645158262351,0,0.05358823199998142
2022,9,2.0,separable,8246.211251235321,1-0-1-0-1-0-1-2-1,3.343183936221567e-06,0.04749172399999679,577,122.82035117057214,72.1529589277321,216.84365455162495,0,0.05487760799996977
2022,9,2.0,d_optimal,8246.211251235321,1-0-1-0-1-0-1-2-1,3.343183936221567e-06,0.04749172399999679,577,122.82035117057214,72.1529589277321,216.84365455162495,0,0.04670743799999855
2022,9,8.0,shortest,8000.0,1-1-1-1-1-1-1-1-1,2.5494598890166014e-06,0.04749172399999679,577,153.69062050914928,194.77742143079658,278.09233660282246,1,0.044070039999951405
2022,9,8.0,separable,8246.211251235321,1-0-1-0-1-0-1-2-1,3.343183936221567e-06,0.04749172399999679,577,141.51266980851767,177.93295825849805,229.95857724179854,0,0.04551934299996674
2022,9,8.0,d_optimal,8246.211251235321,1-0-1-0-1-0-1-2-1,3.343183936221567e-06,0.04749172399999679,577,141.51266980851767,177.93295825849805,229.95857724179854,0,0.043672464999986005
2023,0,2.0,shortest,8000.0,1-1-1-1-1-1-1-1-1,1.6721508852048505e-05,0.03882579099996519,577,94.87968356576117,193.06698226250896,150.45222053697736,0,0.047391796999988856
2023,0,2.0,separable,8184.658438426492,1-1-0-0-1-2-1-0-1,1.93147516104272e-05,0.03882579099996519,577,87.51890185189727,226.2919634891785,166.33428741957223,0,0.04981259700002738
2023,0,2.0,d_optimal,8184.658438426492,1-1-0-1-2-2-1-0-1,1.9553845753974576e-05,0.03882579099996519,577,84.51014521027828,216.35082318241882,158.0293614014926,0,0.048868676999973104
2023,0,8.0,shortest,8000.0,1-1-1-1-1-1-1-1-1,1.6721508852048505e-05,0.03882579099996519,577,124.81250746935528,208.5650044418471,184.15530659145594,0,0.04382912599999145
2023,0,8.0,separable,8184.658438426492,1-1-0-0-1-2-1-0-1,1.93147516104272e-05,0.03882579099996519,577,118.8835440110959,213.05838818180666,174.06252361865737,0,0.04465501399999994
2023,0,8.0,d_optimal,8184.658438426492,1-1-0-1-2-2-1-0-1,1.9553845753974576e-05,0.03882579099996519,577,125.49854760368,222.27368608865234,183.38997327706852,0,0.046053481000001284
2023,1,2.0,shortest,8000.0,1-1-1-1-1-1-1-1-1,1.6721508852048505e-05,0.03882579099996519,577,126.32580562990226,190.78003081465076,182.41855101133712,0,0.04969451400000935
2023,1,2.0,separable,8184.658438426492,1-1-0-0-1-2-1-0-1,1.93147516104272e-05,0.03882579099996519,577,119.63103448244654,220.1207795458854,176.76893426723905,0,0.05050643999999238
2023,1,2.0,d_optimal,8184.658438426492,1-1-0-1-2-2-1-0-1,1.9553845753974576e-05,0.03882579099996519,577,124.0542359201794,226.61148919762257,180.64808556180014,0,0.048467192000032355
2023,1,8.0,shortest,8000.0,1-1-1-1-1-1-1-1-1,1.6721508852048505e-05,0.03882579099996519,577,123.26433838850703,158.58822037764548,186.12412657687221,0,0.045113388000004306
2023,1,8.0,separable,8184.658438426492,1-1-0-0-1-2-1-0-1,1.93147516104272e-05,0.03882579099996519,577,136.15750501657214,198.8924720285615,200.5257661670092,0,0.04568534800000634
2023,1,8.0,d_optimal,8184.658438426492,1-1-0-1-2-2-1-0-1,1.9553845753974576e-05,0.03882579099996519,577,109.72397237885126,163.72837324106973,174.07252932017042,0,0.04891558500003157
2023,2,2.0,shortest,8000.0,1-1-1-1-1-1-1-1-1,1.6721508852048505e-05,0.03882579099996519,577,119.88394135196995,230.0163021328937,201.86925946337374,0,0.06029696800004558
2023,2,2.0,separable,8184.658438426492,1-1-0-0-1-2-1-0-1,1.93147516104272e-05,0.03882579099996519,577,123.57820979528687,271.70869904500245,212.49703162719254,1,0.05243435399995633
2023,2,2.0,d_optimal,8184.658438426492,1-1-0-1-2-2-1-0-1,1.9553845753974576e-05,0.03882579099996519,577,116.49057202562005,270.42027564728375,205.17350385487228,1,0.05078325400000949
2023,2,8.0,shortest,8000.0,1-1-1-1-1-1-1-1-1,1.6721508852048505e-05,0.03882579099996519,577,136.99721887768206,186.64646657618988,209.66956299857245,1,0.048370414000032724
2023,2,8.0,separable,8184.658438426492,1-1-0-0-1-2-1-0-1,1.93147516104272e-05,0.03882579099996519,577,128.33249987077394,202.60842590132904,193.79051162579242,0,0.04835590100003628
2023,2,8.0,d_optimal,8184.658438426492,1-1-0-1-2-2-1-0-1,1.9553845753974576e-05,0.03882579099996519,577,127.67059184957125,209.42958858661456,191.88780314346062,0,0.046843757999965874
2023,3,2.0,shortest,8000.0,1-1-1-1-1-1-1-1-1,1.6721508852048505e-05,0.03882579099996519,577,106.75492624130179,216.93039402046531,182.97766444828184,0,0.04866552700002558
2023,3,2.0,separable,8184.658438426492,1-1-0-0-1-2-1-0-1,1.93147516104272e-05,0.03882579099996519,577,104.07658949901148,245.72094834665447,186.10480047738366,0,0.046306600999969305
2023,3,2.0,d_optimal,8184.658438426492,1-1-0-1-2-2-1-0-1,1.9553845753974576e-05,0.03882579099996519,577,104.4885988943653,253.79081179167292,192.07379429343104,1,0.046057221000012305
2023,3,8.0,shortest,8000.0,1-1-1-1-1-1-1-1-1,1.6721508852048505e-05,0.03882579099996519,577,141.02882023315487,213.62307757515708,246.40750337897788,1,0.040860369000029095
2023,3,8.0,separable,8184.658438426492,1-1-0-0-1-2-1-0-1,1.93147516104272e-05,0.03882579099996519,577,144.03711722715482,235.2646730295241,238.68383107496572,1,0.040556245000004765
2023,3,8.0,d_optimal,8184.658438426492,1-1-0-1-2-2-1-0-1,1.9553845753974576e-05,0.03882579099996519,577,133.49199420733882,228.60395429509418,228.60395429509418,0,0.0404209650000098
2023,4,2.0,shortest,8000.0,1-1-1-1-1-1-1-1-1,1.6721508852048505e-05,0.03882579099996519,577,113.03736808841417,187.70326605749707,193.04485301531648,0,0.0427602039999897
2023,4,2.0,separable,8184.658438426492,1-1-0-0-1-2-1-0-1,1.93147516104272e-05,0.03882579099996519,577,112.67563994757619,231.72744729565122,212.32084247159736,0,0.043090118999998595
2023,4,2.0,d_optimal,8184.658438426492,1-1-0-1-2-2-1-0-1,1.9553845753974576e-05,0.03882579099996519,577,104.32888614525305,217.21410122577035,200.0169171877685,0,0.04455821700003071
2023,4,8.0,shortest,8000.0,1-1-1-1-1-1-1-1-1,1.6721508852048505e-05,0.03882579099996519,577,127.17109619950371,246.02083132877925,236.1650623644615,1,0.042506521999996494
2023,4,8.0,separable,8184.658438426492,1-1-0-0-1-2-1-0-1,1.93147516104272e-05,0.03882579099996519,577,129.79356121559,273.99289628019744,244.811746689001,1,0.042620456000008744
2023,4,8.0,d_optimal,8184.658438426492,1-1-0-1-2-2-1-0-1,1.9553845753974576e-05,0.03882579099996519,577,125.32017786460517,272.52977135240536,242.04462353418836,1,0.041002895000019635
2023,5,2.0,shortest,8000.0,1-1-1-1-1-1-1-1-1,1.6721508852048505e-05,0.03882579099996519,577,96.51863016329865,184.54275018803068,182.26708627710283,0,0.04231487000004108
2023,5,2.0,separable,8184.658438426492,1-1-0-0-1-2-1-0-1,1.93147516104272e-05,0.03882579099996519,577,95.29228124174354,227.5414164680073,180.65402437596157,0,0.04805131400001983
2023,5,2.0,d_optimal,8184.658438426492,1-1-0-1-2-2-1-0-1,1.9553845753974576e-05,0.03882579099996519,577,95.62144602563572,229.26636521883285,187.96354929842465,0,0.044964841000023625
2023,5,8.0,shortest,8000.0,1-1-1-1-1-1-1-1-1,1.6721508852048505e-05,0.03882579099996519,577,118.2339483066098,197.33304624533218,185.48016310687555,0,0.03849729800003843
2023,5,8.0,separable,8184.658438426492,1-1-0-0-1-2-1-0-1,1.93147516104272e-05,0.03882579099996519,577,111.77673945705324,211.09402618157108,183.19720259992047,0,0.03928130099995997
2023,5,8.0,d_optimal,8184.658438426492,1-1-0-1-2-2-1-0-1,1.9553845753974576e-05,0.03882579099996519,577,109.04712317104944,197.85196592233598,185.67957675413425,0,0.04028940499995315
2023,6,2.0,shortest,8000.0,1-1-1-1-1-1-1-1-1,1.6721508852048505e-05,0.03882579099996519,577,84.31453503745982,146.05366477037555,154.4909042020484,0,0.042333492000011574
2023,6,2.0,separable,8184.658438426492,1-1-0-0-1-2-1-0-1,1.93147516104272e-05,0.03882579099996519,577,86.2611259883112,168.24578063074213,154.59523775871418,0,0.04305382600000485
2023,6,2.0,d_optimal,8184.658438426492,1-1-0-1-2-2-1-0-1,1.9553845753974576e-05,0.03882579099996519,577,87.9114018205768,159.1276658382072,160.97339676446856,0,0.04645961599999282
2023,6,8.0,shortest,8000.0,1-1-1-1-1-1-1-1-1,1.6721508852048505e-05,0.03882579099996519,577,150.91487565170385,227.50602710484122,210.6598465834761,0,0.04239221899996437
2023,6,8.0,separable,8184.658438426492,1-1-0-0-1-2-1-0-1,1.93147516104272e-05,0.03882579099996519,577,144.8603245965336,226.61822670958338,204.70833893834075,0,0.03980164000000741
2023,6,8.0,d_optimal,8184.658438426492,1-1-0-1-2-2-1-0-1,1.9553845753974576e-05,0.03882579099996519,577,130.745681992648,211.05313121854397,188.05081118057012,0,0.04012588700004471
2023,7,2.0,shortest,8000.0,1-1-1-1-1-1-1-1-1,1.6721508852048505e-05,0.03882579099996519,577,119.35730683853471,220.97461113959397,183.69489076778072,0,0.04295716900003299
2023,7,2.0,separable,8184.658438426492,1-1-0-0-1-2-1-0-1,1.93147516104272e-05,0.03882579099996519,577,129.36442110613518,272.3836321762265,206.2714080135487,1,0.042959911000025386
2023,7,2.0,d_optimal,8184.658438426492,1-1-0-1-2-2-1-0-1,1.9553845753974576e-05,0.03882579099996519,577,120.33029665649397,259.6422415602613,204.29321138254986,1,0.04283716700001605
2023,7,8.0,shortest,8000.0,1-1-1-1-1-1-1-1-1,1.6721508852048505e-05,0.03882579099996519,577,128.23758132543543,246.10519571001143,211.27774495114747,0,0.038754818999962026
2023,7,8.0,separable,8184.658438426492,1-1-0-0-1-2-1-0-1,1.93147516104272e-05,0.03882579099996519,577,141.43129967114984,292.4931623689985,238.39415580169805,1,0.03935829299996385
2023,7,8.0,d_optimal,8184.658438426492,1-1-0-1-2-2-1-0-1,1.9553845753974576e-05,0.03882579099996519,577,137.1534541092143,282.1184202812526,230.10953483734949,1,0.03914910199995347
2023,8,2.0,shortest,8000.0,1-1-1-1-1-1-1-1-1,1.6721508852048505e-05,0.03882579099996519,577,92.4521050980125,174.42985647842488,177.45981511420396,0,0.042568314999982704
2023,8,2.0,separable,8184.658438426492,1-1-0-0-1-2-1-0-1,1.93147516104272e-05,0.03882579099996519,577,95.90387349304967,210.63130225799466,195.4349808701798,0,0.042527187000018785
2023,8,2.0,d_optimal,8184.658438426492,1-1-0-1-2-2-1-0-1,1.9553845753974576e-05,0.03882579099996519,577,86.22340268291605,190.94132276297344,177.43054654902696,0,0.04266490099996645
2023,8,8.0,shortest,8000.0,1-1-1-1-1-1-1-1-1,1.6721508852048505e-05,0.03882579099996519,577,102.52047938852039,170.59110791189443,193.56268925841584,0,0.04182833200002278
2023,8,8.0,separable,8184.658438426492,1-1-0-0-1-2-1-0-1,1.93147516104272e-05,0.03882579099996519,577,95.66926585549935,182.4095116702164,176.00607327131084,0,0.040115162999995846
2023,8,8.0,d_optimal,8184.658438426492,1-1-0-1-2-2-1-0-1,1.9553845753974576e-05,0.03882579099996519,577,119.06033243236094,232.0959123953546,200.47783316267004,0,0.04090788700000303
2023,9,2.0,shortest,8000.0,1-1-1-1-1-1-1-1-1,1.6721508852048505e-05,0.03882579099996519,577,118.27332705515002,251.57171659496566,219.67345783706077,1,0.04233205700001008
2023,9,2.0,separable,8184.658438426492,1-1-0-0-1-2-1-0-1,1.93147516104272e-05,0.03882579099996519,577,111.58045116874649,287.1042039728198,205.09931419747855,1,0.04444801900001494
2023,9,2.0,d_optimal,8184.658438426492,1-1-0-1-2-2-1-0-1,1.9553845753974576e-05,0.03882579099996519,577,115.38942490496937,295.66558148582624,212.16510622037137,1,0.04271061600002213
2023,9,8.0,shortest,8000.0,1-1-1-1-1-1-1-1-1,1.6721508852048505e-05,0.03882579099996519,577,95.10777875137721,152.55149261170186,148.22607958266204,0,0.03932954099997232
2023,9,8.0,separable,8184.658438426492,1-1-0-0-1-2-1-0-1,1.93147516104272e-05,0.03882579099996519,577,108.19859010873459,185.328372773736,159.31238065918333,0,0.038671762999967996
2023,9,8.0,d_optimal,8184.658438426492,1-1-0-1-2-2-1-0-1,1.9553845753974576e-05,0.03882579099996519,577,89.34284122589727,164.1762201879936,133.96243879194648,0,0.038575737000030585
2024,0,2.0,shortest,8000.0,1-1-1-1-1-1-1-1-1,6.297321506561344e-07,0.036936154999978044,577,80.558518757967,87.19310397800496,165.69341096993733,0,0.04195177099995817
2024,0,2.0,separable,8123.105625617661,1-0-0-0-0-0-1-2-1,1.725028900918187e-06,0.036936154999978044,577,70.5227210051027,94.24176375598603,140.79584588288483,0,0.04558047099999385
2024,0,2.0,d_optimal,8123.105625617661,1-0-0-0-0-0-1-2-1,1.725028900918187e-06,0.036936154999978044,577,70.5227210051027,94.24176375598603,140.79584588288483,0,0.04597720599997501
2024,0,8.0,shortest,8000.0,1-1-1-1-1-1-1-1-1,6.297321506561344e-07,0.036936154999978044,577,155.99587765859607,53.27225015085099,259.46562291930445,1,0.04271774699998332
2024,0,8.0,separable,8123.105625617661,1-0-0-0-0-0-1-2-1,1.725028900918187e-06,0.036936154999978044,577,119.22965426439985,28.243484076777086,218.6982414915037,0,0.050351208999984465
2024,0,8.0,d_optimal,8123.105625617661,1-0-0-0-0-0-1-2-1,1.725028900918187e-06,0.036936154999978044,577,119.22965426439985,28.243484076777086,218.6982414915037,0,0.04356819700001324
2024,1,2.0,shortest,8000.0,1-1-1-1-1-1-1-1-1,6.297321506561344e-07,0.036936154999978044,577,90.11840759012478,137.19676786576127,156.623384200552,0,0.043895894000002045
2024,1,2.0,separable,8123.105625617661,1-0-0-0-0-0-1-2-1,1.725028900918187e-06,0.036936154999978044,577,74.50502564969246,134.98411024614674,122.64178526704016,0,0.044182036999984575
2024,1,2.0,d_optimal,8123.105625617661,1-0-0-0-0-0-1-2-1,1.725028900918187e-06,0.036936154999978044,577,74.50502564969246,134.98411024614674,122.64178526704016,0,0.046594561999995676
2024,1,8.0,shortest,8000.0,1-1-1-1-1-1-1-1-1,6.297321506561344e-07,0.036936154999978044,577,99.47743559362642,93.65123270236444,170.86345788043147,0,0.04383731400002944
2024,1,8.0,separable,8123.105625617661,1-0-0-0-0-0-1-2-1,1.725028900918187e-06,0.036936154999978044,577,94.8128636448874,89.9006494587799,156.4545566432927,0,0.041016216000002714
2024,1,8.0,d_optimal,8123.105625617661,1-0-0-0-0-0-1-2-1,1.725028900918187e-06,0.036936154999978044,577,94.8128636448874,89.9006494587799,156.4545566432927,0,0.040582122999978765
2024,2,2.0,shortest,8000.0,1-1-1-1-1-1-1-1-1,6.297321506561344e-07,0.036936154999978044,577,102.02779009972572,138.75945690259866,205.49040761100008,0,0.04290945399998236
2024,2,2.0,separable,8123.105625617661,1-0-0-0-0-0-1-2-1,1.725028900918187e-06,0.036936154999978044,577,76.87261422188823,130.17899423098982,149.99998798860616,0,0.04246453300004305
2024,2,2.0,d_optimal,8123.105625617661,1-0-0-0-0-0-1-2-1,1.725028900918187e-06,0.036936154999978044,577,76.87261422188823,130.17899423098982,149.99998798860616,0,0.042383755999992445
2024,2,8.0,shortest,8000.0,1-1-1-1-1-1-1-1-1,6.297321506561344e-07,0.036936154999978044,577,107.09396076467789,138.56981375412312,168.257456581061,0,0.04082420699995737
2024,2,8.0,separable,8123.105625617661,1-0-0-0-0-0-1-2-1,1.725028900918187e-06,0.036936154999978044,577,84.63620535391502,146.28461377057198,127.7909651381211,0,0.04266288399998075
2024,2,8.0,d_optimal,8123.105625617661,1-0-0-0-0-0-1-2-1,1.725028900918187e-06,0.036936154999978044,577,84.63620535391502,146.28461377057198,127.7909651381211,0,0.04234681399998408
2024,3,2.0,shortest,8000.0,1-1-1-1-1-1-1-1-1,6.297321506561344e-07,0.036936154999978044,577,103.96908947725912,116.40615279750364,203.19005966558032,0,0.04418410899995706
2024,3,2.0,separable,8123.105625617661,1-0-0-0-0-0-1-2-1,1.725028900918187e-06,0.036936154999978044,577,80.13384743976407,136.49784024931813,161.89784925608205,0,0.04302769700001363
2024,3,2.0,d_optimal,8123.105625617661,1-0-0-0-0-0-1-2-1,1.725028900918187e-06,0.036936154999978044,577,80.13384743976407,136.49784024931813,161.89784925608205,0,0.04805390199999238
2024,3,8.0,shortest,8000.0,1-1-1-1-1-1-1-1-1,6.297321506561344e-07,0.036936154999978044,577,137.16381275900306,214.54473942211425,216.64971445379538,0,0.04825959499999044
2024,3,8.0,separable,8123.105625617661,1-0-0-0-0-0-1-2-1,1.725028900918187e-06,0.036936154999978044,577,95.8122728126555,134.99133778322917,171.43800446321097,0,0.04034945000000789
2024,3,8.0,d_optimal,8123.105625617661,1-0-0-0-0-0-1-2-1,1.725028900918187e-06,0.036936154999978044,577,95.8122728126555,134.99133778322917,171.43800446321097,0,0.039097552000043834
2024,4,2.0,shortest,8000.0,1-1-1-1-1-1-1-1-1,6.297321506561344e-07,0.036936154999978044,577,87.85618545664752,127.89389189866921,161.6180354585907,0,0.04162055000000464
2024,4,2.0,separable,8123.105625617661,1-0-0-0-0-0-1-2-1,1.725028900918187e-06,0.036936154999978044,577,72.58137456865924,125.72416077073152,125.72416077073152,0,0.04233544700002767
2024,4,2.0,d_optimal,8123.105625617661,1-0-0-0-0-0-1-2-1,1.725028900918187e-06,0.036936154999978044,577,72.58137456865924,125.72416077073152,125.72416077073152,0,0.041832223999961116
2024,4,8.0,shortest,8000.0,1-1-1-1-1-1-1-1-1,6.297321506561344e-07,0.036936154999978044,577,116.29037969587014,92.4150698091769,201.01027138897803,0,0.04018523899998172
2024,4,8.0,separable,8123.105625617661,1-0-0-0-0-0-1-2-1,1.725028900918187e-06,0.036936154999978044,577,92.19458941760298,108.7920959654988,157.25267646187285,0,0.03902834399997346
2024,4,8.0,d_optimal,8123.105625617661,1-0-0-0-0-0-1-2-1,1.725028900918187e-06,0.036936154999978044,577,92.19458941760298,108.7920959654988,157.25267646187285,0,0.03881214499995167
2024,5,2.0,shortest,8000.0,1-1-1-1-1-1-1-1-1,6.297321506561344e-07,0.036936154999978044,577,98.44183640102116,95.70863177922281,187.8330947148901,0,0.0409370560000184
2024,5,2.0,separable,8123.105625617661,1-0-0-0-0-0-1-2-1,1.725028900918187e-06,0.036936154999978044,577,67.00877251587328,100.77422037081416,116.15020637342707,0,0.04151765700004262
2024,5,2.0,d_optimal,8123.105625617661,1-0-0-0-0-0-1-2-1,1.725028900918187e-06,0.036936154999978044,577,67.00877251587328,100.77422037081416,116.15020637342707,0,0.04219893700002331
2024,5,8.0,shortest,8000.0,1-1-1-1-1-1-1-1-1,6.297321506561344e-07,0.036936154999978044,577,115.34318916279574,111.10790429948925,161.07329881971884,0,0.03874536799997941
2024,5,8.0,separable,8123.105625617661,1-0-0-0-0-0-1-2-1,1.725028900918187e-06,0.036936154999978044,577,90.2778408790159,99.09061930654543,134.64366048678744,0,0.039113563000000795
2024,5,8.0,d_optimal,8123.105625617661,1-0-0-0-0-0-1-2-1,1.725028900918187e-06,0.036936154999978044,577,90.2778408790159,99.09061930654543,134.64366048678744,0,0.038795266000022366
2024,6,2.0,shortest,8000.0,1-1-1-1-1-1-1-1-1,6.297321506561344e-07,0.036936154999978044,577,82.13181235915083,106.17175984818203,158.56862455365814,0,0.04105342000002565
2024,6,2.0,separable,8123.105625617661,1-0-0-0-0-0-1-2-1,1.725028900918187e-06,0.036936154999978044,577,75.00259177801415,100.75091844831212,136.95205738691112,0,0.04208111700000927
2024,6,2.0,d_optimal,8123.105625617661,1-0-0-0-0-0-1-2-1,1.725028900918187e-06,0.036936154999978044,577,75.00259177801415,100.75091844831212,136.95205738691112,0,0.041638238000018646
2024,6,8.0,shortest,8000.0,1-1-1-1-1-1-1-1-1,6.297321506561344e-07,0.036936154999978044,577,137.4393853293787,169.2503386283857,231.9866855614993,1,0.039071712999998454
2024,6,8.0,separable,8123.105625617661,1-0-0-0-0-0-1-2-1,1.725028900918187e-06,0.036936154999978044,577,110.77233861295765,149.24393324371988,193.09200657742036,0,0.045656099999973776
2024,6,8.0,d_optimal,8123.105625617661,1-0-0-0-0-0-1-2-1,1.725028900918187e-06,0.036936154999978044,577,110.77233861295765,149.24393324371988,193.09200657742036,0,0.041326061000006575
2024,7,2.0,shortest,8000.0,1-1-1-1-1-1-1-1-1,6.297321506561344e-07,0.036936154999978044,577,83.6556483088225,95.03108283143045,160.20565130524287,0,0.042950370000028215
2024,7,2.0,separable,8123.105625617661,1-0-0-0-0-0-1-2-1,1.725028900918187e-06,0.036936154999978044,577,67.92306133721391,95.88522380111603,125.3717075692721,0,0.042244236000044566
2024,7,2.0,d_optimal,8123.105625617661,1-0-0-0-0-0-1-2-1,1.725028900918187e-06,0.036936154999978044,577,67.92306133721391,95.88522380111603,125.3717075692721,0,0.04166789499998913
2024,7,8.0,shortest,8000.0,1-1-1-1-1-1-1-1-1,6.297321506561344e-07,0.036936154999978044,577,100.21308269389627,173.23797809930682,159.92027274231503,0,0.04061748899999884
2024,7,8.0,separable,8123.105625617661,1-0-0-0-0-0-1-2-1,1.725028900918187e-06,0.036936154999978044,577,80.02651249788804,148.0459621944331,136.9984122464427,0,0.03914369500000703
2024,7,8.0,d_optimal,8123.105625617661,1-0-0-0-0-0-1-2-1,1.725028900918187e-06,0.036936154999978044,577,80.02651249788804,148.0459621944331,136.9984122464427,0,0.041244555999981
2024,8,2.0,shortest,8000.0,1-1-1-1-1-1-1-1-1,6.297321506561344e-07,0.036936154999978044,577,87.85867761026824,67.6531202489872,171.9331605033062,0,0.04108543799998188
2024,8,2.0,separable,8123.105625617661,1-0-0-0-0-0-1-2-1,1.725028900918187e-06,0.036936154999978044,577,69.88304104693155,73.85312720838621,112.90444577412178,0,0.04206492899999148
2024,8,2.0,d_optimal,8123.105625617661,1-0-0-0-0-0-1-2-1,1.725028900918187e-06,0.036936154999978044,577,69.88304104693155,73.85312720838621,112.90444577412178,0,0.04246889899997086
2024,8,8.0,shortest,8000.0,1-1-1-1-1-1-1-1-1,6.297321506561344e-07,0.036936154999978044,577,85.03397047481931,154.54872379791635,146.47892573857882,0,0.04143126399998209
2024,8,8.0,separable,8123.105625617661,1-0-0-0-0-0-1-2-1,1.725028900918187e-06,0.036936154999978044,577,75.40746872404198,148.9115646713027,130.82220219255743,0,0.04018220799997607
2024,8,8.0,d_optimal,8123.105625617661,1-0-0-0-0-0-1-2-1,1.725028900918187e-06,0.036936154999978044,577,75.40746872404198,148.9115646713027,130.82220219255743,0,0.03979328399998394
2024,9,2.0,shortest,8000.0,1-1-1-1-1-1-1-1-1,6.297321506561344e-07,0.036936154999978044,577,125.69733497629892,122.26293917950578,203.40561752693327,0,0.041542784000000665
2024,9,2.0,separable,8123.105625617661,1-0-0-0-0-0-1-2-1,1.725028900918187e-06,0.036936154999978044,577,87.30431635809542,116.85277629846877,149.185048052786,0,0.04263832799995271
2024,9,2.0,d_optimal,8123.105625617661,1-0-0-0-0-0-1-2-1,1.725028900918187e-06,0.036936154999978044,577,87.30431635809542,116.85277629846877,149.185048052786,0,0.043151178000016444
2024,9,8.0,shortest,8000.0,1-1-1-1-1-1-1-1-1,6.297321506561344e-07,0.036936154999978044,577,79.95207874824872,117.16741425351537,122.56565806986366,0,0.03933444299997291
2024,9,8.0,separable,8123.105625617661,1-0-0-0-0-0-1-2-1,1.725028900918187e-06,0.036936154999978044,577,76.38326680881424,114.87899935886149,114.87899935886149,0,0.03920443099997328
2024,9,8.0,d_optimal,8123.105625617661,1-0-0-0-0-0-1-2-1,1.725028900918187e-06,0.036936154999978044,577,76.38326680881424,114.87899935886149,114.87899935886149,0,0.04195139499995548
2025,0,2.0,shortest,8000.0,1-1-1-1-1-1-1-1-1,5.856848811086332e-06,0.034524035000004005,577,110.32419344601362,96.48647097567103,179.5337758394894,0,0.04171580399997765
2025,0,2.0,separable,8184.658438426492,1-0-0-1-0-0-1-0-1,6.661757957145844e-06,0.034524035000004005,577,103.33230414440624,69.35943984077113,162.21258238362756,0,0.04237851599998521
2025,0,2.0,d_optimal,8123.105625617661,1-0-0-1-1-2-2-1-1,6.8673624139207185e-06,0.034524035000004005,577,101.72264294605569,73.84273163610085,176.35318213706913,0,0.04975635499999953
2025,0,8.0,shortest,8000.0,1-1-1-1-1-1-1-1-1,5.856848811086332e-06,0.034524035000004005,577,140.4875593778461,116.26460657504205,216.75390840708698,0,0.04001515800001698
2025,0,8.0,separable,8184.658438426492,1-0-0-1-0-0-1-0-1,6.661757957145844e-06,0.034524035000004005,577,145.53754606792796,95.3964438948552,221.55348812547666,1,0.03927059999995208
2025,0,8.0,d_optimal,8123.105625617661,1-0-0-1-1-2-2-1-1,6.8673624139207185e-06,0.034524035000004005,577,135.75984235417752,121.5129667268175,199.6081852450016,0,0.03938128999999435
2025,1,2.0,shortest,8000.0,1-1-1-1-1-1-1-1-1,5.856848811086332e-06,0.034524035000004005,577,106.39422105495547,77.66646518128302,191.56601442890522,0,0.042639474999987215
2025,1,2.0,separable,8184.658438426492,1-0-0-1-0-0-1-0-1,6.661757957145844e-06,0.034524035000004005,577,99.17228066342288,67.76328257886144,155.647837064275,0,0.0425516050000283
2025,1,2.0,d_optimal,8123.105625617661,1-0-0-1-1-2-2-1-1,6.8673624139207185e-06,0.034524035000004005,577,125.37133816222929,160.59498367698,202.22934318496183,0,0.04293477300001314
2025,1,8.0,shortest,8000.0,1-1-1-1-1-1-1-1-1,5.856848811086332e-06,0.034524035000004005,577,170.16446129435772,166.33243233450284,266.71769241256106,1,0.03934650399997963
2025,1,8.0,separable,8184.658438426492,1-0-0-1-0-0-1-0-1,6.661757957145844e-06,0.034524035000004005,577,177.76941038916235,169.65643419222243,283.35869912130465,1,0.03979532599998947
2025,1,8.0,d_optimal,8123.105625617661,1-0-0-1-1-2-2-1-1,6.8673624139207185e-06,0.034524035000004005,577,159.74720357202736,185.13859709712392,254.17246743788914,1,0.04084212899999784
2025,2,2.0,shortest,8000.0,1-1-1-1-1-1-1-1-1,5.856848811086332e-06,0.034524035000004005,577,89.55134073877312,99.72147806264837,154.09074885742115,0,0.04625753300001634
2025,2,2.0,separable,8184.658438426492,1-0-0-1-0-0-1-0-1,6.661757957145844e-06,0.034524035000004005,577,55.83598454821577,57.88843203813749,114.4664318984388,0,0.04615338600001451
2025,2,2.0,d_optimal,8123.105625617661,1-0-0-1-1-2-2-1-1,6.8673624139207185e-06,0.034524035000004005,577,95.43328158406301,127.61117731538248,158.7232215828287,0,0.04628864300002533
2025,2,8.0,shortest,8000.0,1-1-1-1-1-1-1-1-1,5.856848811086332e-06,0.034524035000004005,577,115.38038382527166,93.52687140533,193.03265203748262,0,0.04023230500001773
2025,2,8.0,separable,8184.658438426492,1-0-0-1-0-0-1-0-1,6.661757957145844e-06,0.034524035000004005,577,113.50466494368426,113.78040489111245,187.39955037449138,0,0.03986726800002316
2025,2,8.0,d_optimal,8123.105625617661,1-0-0-1-1-2-2-1-1,6.8673624139207185e-06,0.034524035000004005,577,105.77462656254458,113.23636166874235,176.00406349664053,0,0.039404641000032825
2025,3,2.0,shortest,8000.0,1-1-1-1-1-1-1-1-1,5.856848811086332e-06,0.034524035000004005,577,116.34311752962186,138.88395894656082,192.3339969227566,0,0.04307189200000039
2025,3,2.0,separable,8184.658438426492,1-0-0-1-0-0-1-0-1,6.661757957145844e-06,0.034524035000004005,577,101.95378945371164,122.86647668469891,156.17502505870883,0,0.044192129999999
2025,3,2.0,d_optimal,8123.105625617661,1-0-0-1-1-2-2-1-1,6.8673624139207185e-06,0.034524035000004005,577,119.88908322316198,163.10702312180882,188.41049451351418,0,0.044933712999977615
2025,3,8.0,shortest,8000.0,1-1-1-1-1-1-1-1-1,5.856848811086332e-06,0.034524035000004005,577,119.94439391045316,142.66654856752066,172.8446506946099,0,0.03978335099998276
2025,3,8.0,separable,8184.658438426492,1-0-0-1-0-0-1-0-1,6.661757957145844e-06,0.034524035000004005,577,152.22670421479944,147.23765867129083,225.3393006455852,0,0.03958440399998153
2025,3,8.0,d_optimal,8123.105625617661,1-0-0-1-1-2-2-1-1,6.8673624139207185e-06,0.034524035000004005,577,138.1776224173297,184.60661798299307,184.60661798299307,0,0.03977834099998745
2025,4,2.0,shortest,8000.0,1-1-1-1-1-1-1-1-1,5.856848811086332e-06,0.034524035000004005,577,134.8522522447322,133.357618745596,230.43022699965348,0,0.0420074429999886
2025,4,2.0,separable,8184.658438426492,1-0-0-1-0-0-1-0-1,6.661757957145844e-06,0.034524035000004005,577,152.0671643300686,183.7878047488541,230.2930356893307,0,0.04190126400004601
2025,4,2.0,d_optimal,8123.105625617661,1-0-0-1-1-2-2-1-1,6.8673624139207185e-06,0.034524035000004005,577,142.90534805003992,167.94120471282733,221.79352578349594,0,0.05909396999999217
2025,4,8.0,shortest,8000.0,1-1-1-1-1-1-1-1-1,5.856848811086332e-06,0.034524035000004005,577,143.462461583304,158.38049243196463,204.43121795406043,0,0.05173621799997363
2025,4,8.0,separable,8184.658438426492,1-0-0-1-0-0-1-0-1,6.661757957145844e-06,0.034524035000004005,577,150.0832038985409,153.26565335585232,218.56568001887837,0,0.0414310400000204
2025,4,8.0,d_optimal,8123.105625617661,1-0-0-1-1-2-2-1-1,6.8673624139207185e-06,0.034524035000004005,577,138.525162125996,188.9524876479789,196.10343008928882,0,0.0401001939999901
2025,5,2.0,shortest,8000.0,1-1-1-1-1-1-1-1-1,5.856848811086332e-06,0.034524035000004005,577,137.56870132665995,140.87717622290245,254.39199935790788,1,0.04743895900003281
2025,5,2.0,separable,8184.658438426492,1-0-0-1-0-0-1-0-1,6.661757957145844e-06,0.034524035000004005,577,140.22358994774933,96.76581926931944,256.7174990891549,1,0.048292366999987735
2025,5,2.0,d_optimal,8123.105625617661,1-0-0-1-1-2-2-1-1,6.8673624139207185e-06,0.034524035000004005,577,133.76976516099162,97.65961879430708,239.7910642203713,1,0.05160944599998629
2025,5,8.0,shortest,8000.0,1-1-1-1-1-1-1-1-1,5.856848811086332e-06,0.034524035000004005,577,110.89687099627977,121.19585611082506,169.4643852444615,0,0.04570293599999786
2025,5,8.0,separable,8184.658438426492,1-0-0-1-0-0-1-0-1,6.661757957145844e-06,0.034524035000004005,577,117.67548762240938,95.47817362467093,184.79056494425396,0,0.04369860399998515
2025,5,8.0,d_optimal,8123.105625617661,1-0-0-1-1-2-2-1-1,6.8673624139207185e-06,0.034524035000004005,577,116.3454481454277,170.3512456971706,177.6600107598385,0,0.045185508999963986
2025,6,2.0,shortest,8000.0,1-1-1-1-1-1-1-1-1,5.856848811086332e-06,0.034524035000004005,577,115.819867662771,124.39988014462578,197.12059239559466,0,0.042911966000019675
2025,6,2.0,separable,8184.658438426492,1-0-0-1-0-0-1-0-1,6.661757957145844e-06,0.034524035000004005,577,119.919074409789,104.14916327073048,189.85321958222605,0,0.042533654999999726
2025,6,2.0,d_optimal,8123.105625617661,1-0-0-1-1-2-2-1-1,6.8673624139207185e-06,0.034524035000004005,577,116.36212186995613,132.47916340466222,190.5262595414844,0,0.04268036499996697
2025,6,8.0,shortest,8000.0,1-1-1-1-1-1-1-1-1,5.856848811086332e-06,0.034524035000004005,577,69.07410053000531,132.4961768702674,127.9863245540761,0,0.04136916300001303
2025,6,8.0,separable,8184.658438426492,1-0-0-1-0-0-1-0-1,6.661757957145844e-06,0.034524035000004005,577,79.80492005377245,124.64081976759861,136.06199530646566,0,0.043078444999991916
2025,6,8.0,d_optimal,8123.105625617661,1-0-0-1-1-2-2-1-1,6.8673624139207185e-06,0.034524035000004005,577,77.01605496858124,146.42448046050833,143.242471144521,0,0.0439383689999886
2025,7,2.0,shortest,8000.0,1-1-1-1-1-1-1-1-1,5.856848811086332e-06,0.034524035000004005,577,106.35173615901019,131.4769159299621,179.65151906822217,0,0.04551959700000907
2025,7,2.0,separable,8184.658438426492,1-0-0-1-0-0-1-0-1,6.661757957145844e-06,0.034524035000004005,577,89.92283803849445,98.2463566631039,139.80893573521564,0,0.04453634199995804
2025,7,2.0,d_optimal,8123.105625617661,1-0-0-1-1-2-2-1-1,6.8673624139207185e-06,0.034524035000004005,577,107.77536111783134,118.95127098526432,183.9306977534879,0,0.049110009000003174
2025,7,8.0,shortest,8000.0,1-1-1-1-1-1-1-1-1,5.856848811086332e-06,0.034524035000004005,577,168.5711411546477,214.2244987802127,252.60720165270052,1,0.04844941499999322
2025,7,8.0,separable,8184.658438426492,1-0-0-1-0-0-1-0-1,6.661757957145844e-06,0.034524035000004005,577,171.44664728144215,92.62650736835202,273.6620795864708,1,0.043922071999986656
2025,7,8.0,d_optimal,8123.105625617661,1-0-0-1-1-2-2-1-1,6.8673624139207185e-06,0.034524035000004005,577,160.34779299529845,134.5258436368498,246.2409078820858,1,0.04428175900000042
2025,8,2.0,shortest,8000.0,1-1-1-1-1-1-1-1-1,5.856848811086332e-06,0.034524035000004005,577,116.55234106061944,160.46055004890974,182.55459984635135,0,0.04634104000001571
2025,8,2.0,separable,8184.658438426492,1-0-0-1-0-0-1-0-1,6.661757957145844e-06,0.034524035000004005,577,112.55546580777,152.7511759968325,182.12709505038507,0,0.04236499299997831
2025,8,2.0,d_optimal,8123.105625617661,1-0-0-1-1-2-2-1-1,6.8673624139207185e-06,0.034524035000004005,577,124.35747458763774,180.89390138004592,194.81861926223576,0,0.043695909000007305
2025,8,8.0,shortest,8000.0,1-1-1-1-1-1-1-1-1,5.856848811086332e-06,0.034524035000004005,577,167.78440008699624,134.82555168361603,228.45124031643363,0,0.04154916299995648
2025,8,8.0,separable,8184.658438426492,1-0-0-1-0-0-1-0-1,6.661757957145844e-06,0.034524035000004005,577,178.9937588263742,115.60209274085669,249.84990179752862,1,0.04302159200000233
2025,8,8.0,d_optimal,8123.105625617661,1-0-0-1-1-2-2-1-1,6.8673624139207185e-06,0.034524035000004005,577,160.42604113420867,123.21171470534294,215.34363062470152,0,0.04486305799997581
2025,9,2.0,shortest,8000.0,1-1-1-1-1-1-1-1-1,5.856848811086332e-06,0.034524035000004005,577,129.93077941653524,158.52769031084358,245.34499580932942,1,0.04919287100000247
2025,9,2.0,separable,8184.658438426492,1-0-0-1-0-0-1-0-1,6.661757957145844e-06,0.034524035000004005,577,114.94855338672937,125.70828610607981,216.47799062769087,0,0.05117791899999702
2025,9,2.0,d_optimal,8123.105625617661,1-0-0-1-1-2-2-1-1,6.8673624139207185e-06,0.034524035000004005,577,136.18350907093512,174.1143840238561,246.02557743999958,1,0.049833236999972996
2025,9,8.0,shortest,8000.0,1-1-1-1-1-1-1-1-1,5.856848811086332e-06,0.034524035000004005,577,164.1372064873686,172.16194532135336,260.27029852174957,1,0.04449588199997834
2025,9,8.0,separable,8184.658438426492,1-0-0-1-0-0-1-0-1,6.661757957145844e-06,0.034524035000004005,577,184.62130882179278,159.0374377510526,298.4169059521293,1,0.044218123999996806
2025,9,8.0,d_optimal,8123.105625617661,1-0-0-1-1-2-2-1-1,6.8673624139207185e-06,0.034524035000004005,577,157.70790815337773,162.0755668437034,250.3396042652484,1,0.042508311999995385
2026,0,2.0,shortest,8000.0,1-1-1-1-1-1-1-1-1,2.6831831327113483e-05,0.03688891600000943,577,66.06034057561843,84.46611918858213,106.78840736465239,0,0.04900665599996046
2026,0,2.0,separable,8123.105625617661,1-0-0-1-1-2-2-2-1,4.622186427270443e-05,0.03688891600000943,577,46.42506047501858,77.9242680524757,79.62696413564933,0,0.05075602599998774
2026,0,2.0,d_optimal,8123.105625617661,1-0-0-1-1-2-2-2-1,4.622186427270443e-05,0.03688891600000943,577,46.42506047501858,77.9242680524757,79.62696413564933,0,0.049935322000010274
2026,0,8.0,shortest,8000.0,1-1-1-1-1-1-1-1-1,2.6831831327113483e-05,0.03688891600000943,577,107.51257536600296,107.31870926367692,168.2703555301049,0,0.04624995799997578
2026,0,8.0,separable,8123.105625617661,1-0-0-1-1-2-2-2-1,4.622186427270443e-05,0.03688891600000943,577,87.79605113161935,72.4687811659274,136.2893062435937,0,0.047340297000005194
2026,0,8.0,d_optimal,8123.105625617661,1-0-0-1-1-2-2-2-1,4.622186427270443e-05,0.03688891600000943,577,87.79605113161935,72.4687811659274,136.2893062435937,0,0.04758870599999909
2026,1,2.0,shortest,8000.0,1-1-1-1-1-1-1-1-1,2.6831831327113483e-05,0.03688891600000943,577,64.33350714958434,85.68919984278061,109.69321309364699,0,0.049553706999972746
2026,1,2.0,separable,8123.105625617661,1-0-0-1-1-2-2-2-1,4.622186427270443e-05,0.03688891600000943,577,51.57671673095329,89.06308365285545,89.06308365285545,0,0.05096985099999074
2026,1,2.0,d_optimal,8123.105625617661,1-0-0-1-1-2-2-2-1,4.622186427270443e-05,0.03688891600000943,577,51.57671673095329,89.06308365285545,89.06308365285545,0,0.0499238169999785
2026,1,8.0,shortest,8000.0,1-1-1-1-1-1-1-1-1,2.6831831327113483e-05,0.03688891600000943,577,112.11286661469217,137.2850115763054,177.5379833546685,0,0.04431077800001049
2026,1,8.0,separable,8123.105625617661,1-0-0-1-1-2-2-2-1,4.622186427270443e-05,0.03688891600000943,577,92.86777127814003,157.24583329399832,151.46648891375307,0,0.04417880800002649
2026,1,8.0,d_optimal,8123.105625617661,1-0-0-1-1-2-2-2-1,4.622186427270443e-05,0.03688891600000943,577,92.86777127814003,157.24583329399832,151.46648891375307,0,0.045169885999996495
2026,2,2.0,shortest,8000.0,1-1-1-1-1-1-1-1-1,2.6831831327113483e-05,0.03688891600000943,577,66.6590845008121,106.80626993500155,104.03211746902733,0,0.04753577799999675
2026,2,2.0,separable,8123.105625617661,1-0-0-1-1-2-2-2-1,4.622186427270443e-05,0.03688891600000943,577,89.18518179217205,158.33408279781688,161.81976778337005,0,0.04747714799998448
2026,2,2.0,d_optimal,8123.105625617661,1-0-0-1-1-2-2-2-1,4.622186427270443e-05,0.03688891600000943,577,89.18518179217205,158.33408279781688,161.81976778337005,0,0.04755222299996831
2026,2,8.0,shortest,8000.0,1-1-1-1-1-1-1-1-1,2.6831831327113483e-05,0.03688891600000943,577,119.59326961121867,92.37513422188675,214.07775098459797,0,0.044821517000002586
2026,2,8.0,separable,8123.105625617661,1-0-0-1-1-2-2-2-1,4.622186427270443e-05,0.03688891600000943,577,83.31424424017494,99.25140306787553,148.04064243289736,0,0.04785941400001548
2026,2,8.0,d_optimal,8123.105625617661,1-0-0-1-1-2-2-2-1,4.622186427270443e-05,0.03688891600000943,577,83.31424424017494,99.25140306787553,148.04064243289736,0,0.04638356600003135
2026,3,2.0,shortest,8000.0,1-1-1-1-1-1-1-1-1,2.6831831327113483e-05,0.03688891600000943,577,45.095011358443514,94.88564351576193,88.7949983639165,0,0.048185647000025256
2026,3,2.0,separable,8123.105625617661,1-0-0-1-1-2-2-2-1,4.622186427270443e-05,0.03688891600000943,577,55.01669668796702,120.9074139378036,116.75971354433622,0,0.04709213600000339
2026,3,2.0,d_optimal,8123.105625617661,1-0-0-1-1-2-2-2-1,4.622186427270443e-05,0.03688891600000943,577,55.01669668796702,120.9074139378036,116.75971354433622,0,0.04917527500003871
2026,3,8.0,shortest,8000.0,1-1-1-1-1-1-1-1-1,2.6831831327113483e-05,0.03688891600000943,577,82.84443784249486,76.48860905452598,136.50922801376652,0,0.04418501100002459
2026,3,8.0,separable,8123.105625617661,1-0-0-1-1-2-2-2-1,4.622186427270443e-05,0.03688891600000943,577,60.3906579560344,114.57047519039055,96.47351489917222,0,0.04405433800002356
2026,3,8.0,d_optimal,8123.105625617661,1-0-0-1-1-2-2-2-1,4.622186427270443e-05,0.03688891600000943,577,60.3906579560344,114.57047519039055,96.47351489917222,0,0.043949865000001864
2026,4,2.0,shortest,8000.0,1-1-1-1-1-1-1-1-1,2.6831831327113483e-05,0.03688891600000943,577,74.3527707006916,51.96414660173089,142.9501759200492,0,0.04601930100000118
2026,4,2.0,separable,8123.105625617661,1-0-0-1-1-2-2-2-1,4.622186427270443e-05,0.03688891600000943,577,54.17612091594392,67.03072759148606,98.68897723172287,0,0.04617228499995463
2026,4,2.0,d_optimal,8123.105625617661,1-0-0-1-1-2-2-2-1,4.622186427270443e-05,0.03688891600000943,577,54.17612091594392,67.03072759148606,98.68897723172287,0,0.04662616300004174
2026,4,8.0,shortest,8000.0,1-1-1-1-1-1-1-1-1,2.6831831327113483e-05,0.03688891600000943,577,113.60341412158972,97.0734676096425,198.7807325215032,0,0.04126437499996882
2026,4,8.0,separable,8123.105625617661,1-0-0-1-1-2-2-2-1,4.622186427270443e-05,0.03688891600000943,577,69.75656842210792,129.13857582428815,110.20322594140633,0,0.040658430000007684
2026,4,8.0,d_optimal,8123.105625617661,1-0-0-1-1-2-2-2-1,4.622186427270443e-05,0.03688891600000943,577,69.75656842210792,129.13857582428815,110.20322594140633,0,0.04442869799999016
2026,5,2.0,shortest,8000.0,1-1-1-1-1-1-1-1-1,2.6831831327113483e-05,0.03688891600000943,577,46.912942544513434,100.30317373370633,79.33888404392498,0,0.04820519800000511
2026,5,2.0,separable,8123.105625617661,1-0-0-1-1-2-2-2-1,4.622186427270443e-05,0.03688891600000943,577,46.01716878620775,112.94050153716377,86.03342024347585,0,0.04505695599999626
2026,5,2.0,d_optimal,8123.105625617661,1-0-0-1-1-2-2-2-1,4.622186427270443e-05,0.03688891600000943,577,46.01716878620775,112.94050153716377,86.03342024347585,0,0.04616575899996178
2026,5,8.0,shortest,8000.0,1-1-1-1-1-1-1-1-1,2.6831831327113483e-05,0.03688891600000943,577,129.04955116513497,78.05173489529122,202.79601751427617,0,0.042343810999966536
2026,5,8.0,separable,8123.105625617661,1-0-0-1-1-2-2-2-1,4.622186427270443e-05,0.03688891600000943,577,115.97592994532084,122.87454501081372,187.7982639391875,0,0.04303487099997483
2026,5,8.0,d_optimal,8123.105625617661,1-0-0-1-1-2-2-2-1,4.622186427270443e-05,0.03688891600000943,577,115.97592994532084,122.87454501081372,187.7982639391875,0,0.04288034299997889
2026,6,2.0,shortest,8000.0,1-1-1-1-1-1-1-1-1,2.6831831327113483e-05,0.03688891600000943,577,45.07686476529711,86.12915559002434,79.76250859703927,0,0.054777940999997554
2026,6,2.0,separable,8123.105625617661,1-0-0-1-1-2-2-2-1,4.622186427270443e-05,0.03688891600000943,577,49.480880191586635,111.66108305416613,87.00059868574806,0,0.04714106000000129
2026,6,2.0,d_optimal,8123.105625617661,1-0-0-1-1-2-2-2-1,4.622186427270443e-05,0.03688891600000943,577,49.480880191586635,111.66108305416613,87.00059868574806,0,0.045592236000004505
2026,6,8.0,shortest,8000.0,1-1-1-1-1-1-1-1-1,2.6831831327113483e-05,0.03688891600000943,577,98.74610106793078,84.63377205802082,181.0874741106354,0,0.04210225899998932
2026,6,8.0,separable,8123.105625617661,1-0-0-1-1-2-2-2-1,4.622186427270443e-05,0.03688891600000943,577,89.68188233455724,111.70160671156124,161.75000909686798,0,0.04363084199997047
2026,6,8.0,d_optimal,8123.105625617661,1-0-0-1-1-2-2-2-1,4.622186427270443e-05,0.03688891600000943,577,89.68188233455724,111.70160671156124,161.75000909686798,0,0.04404156100002865
2026,7,2.0,shortest,8000.0,1-1-1-1-1-1-1-1-1,2.6831831327113483e-05,0.03688891600000943,577,54.065248928463774,77.01531768965259,107.03360424898908,0,0.045859450000023116
2026,7,2.0,separable,8123.105625617661,1-0-0-1-1-2-2-2-1,4.622186427270443e-05,0.03688891600000943,577,43.24592704825623,95.6453911010026,77.22408707969335,0,0.04649304500003382
2026,7,2.0,d_optimal,8123.105625617661,1-0-0-1-1-2-2-2-1,4.622186427270443e-05,0.03688891600000943,577,43.24592704825623,95.6453911010026,77.22408707969335,0,0.04636165199997322
2026,7,8.0,shortest,8000.0,1-1-1-1-1-1-1-1-1,2.6831831327113483e-05,0.03688891600000943,577,103.38909653662044,109.89261995968917,171.0011723354801,0,0.04074792299996943
2026,7,8.0,separable,8123.105625617661,1-0-0-1-1-2-2-2-1,4.622186427270443e-05,0.03688891600000943,577,73.83081528564183,121.42779933637928,102.52420214925219,0,0.042735956999990776
2026,7,8.0,d_optimal,8123.105625617661,1-0-0-1-1-2-2-2-1,4.622186427270443e-05,0.03688891600000943,577,73.83081528564183,121.42779933637928,102.52420214925219,0,0.042954415999986395
2026,8,2.0,shortest,8000.0,1-1-1-1-1-1-1-1-1,2.6831831327113483e-05,0.03688891600000943,577,50.10162078616339,103.54116011293789,82.1274182035723,0,0.046286810999959016
2026,8,2.0,separable,8123.105625617661,1-0-0-1-1-2-2-2-1,4.622186427270443e-05,0.03688891600000943,577,49.985201042182155,117.0511812732838,85.81278567361674,0,0.0467985249999856
2026,8,2.0,d_optimal,8123.105625617661,1-0-0-1-1-2-2-2-1,4.622186427270443e-05,0.03688891600000943,577,49.985201042182155,117.0511812732838,85.81278567361674,0,0.046967567000024246
2026,8,8.0,shortest,8000.0,1-1-1-1-1-1-1-1-1,2.6831831327113483e-05,0.03688891600000943,577,100.5128855319676,156.18411053763876,141.9701969987119,0,0.043041074000029766
2026,8,8.0,separable,8123.105625617661,1-0-0-1-1-2-2-2-1,4.622186427270443e-05,0.03688891600000943,577,96.54914911331312,154.0521367571147,155.03632624783026,0,0.0436548220000077
2026,8,8.0,d_optimal,8123.105625617661,1-0-0-1-1-2-2-2-1,4.622186427270443e-05,0.03688891600000943,577,96.54914911331312,154.0521367571147,155.03632624783026,0,0.043651767999961066
2026,9,2.0,shortest,8000.0,1-1-1-1-1-1-1-1-1,2.6831831327113483e-05,0.03688891600000943,577,77.40493561351062,79.5971917680464,158.46052892671008,0,0.046207084000002396
2026,9,2.0,separable,8123.105625617661,1-0-0-1-1-2-2-2-1,4.622186427270443e-05,0.03688891600000943,577,44.37693793091887,81.6064427131062,81.72455906395076,0,0.047566633000030834
2026,9,2.0,d_optimal,8123.105625617661,1-0-0-1-1-2-2-2-1,4.622186427270443e-05,0.03688891600000943,577,44.37693793091887,81.6064427131062,81.72455906395076,0,0.04900137300001006
2026,9,8.0,shortest,8000.0,1-1-1-1-1-1-1-1-1,2.6831831327113483e-05,0.03688891600000943,577,137.05637400061502,81.29061635854198,268.8085751537694,1,0.04288849499999969
2026,9,8.0,separable,8123.105625617661,1-0-0-1-1-2-2-2-1,4.622186427270443e-05,0.03688891600000943,577,90.47742212057184,100.52863544814956,152.58979637697956,0,0.04181375399997478
2026,9,8.0,d_optimal,8123.105625617661,1-0-0-1-1-2-2-2-1,4.622186427270443e-05,0.03688891600000943,577,90.47742212057184,100.52863544814956,152.58979637697956,0,0.04588617800004613
2027,0,2.0,shortest,8000.0,1-1-1-1-1-1-1-1-1,8.51664129272333e-07,0.044235933000038585,577,148.99765572226386,77.55523667541979,269.43122056366326,1,0.04553201599998147
2027,0,2.0,separable,8123.105625617661,1-2-2-2-2-2-1-2-1,1.7280474390531145e-06,0.044235933000038585,577,121.02850128332616,45.58725382545057,232.56734605423895,1,0.045352710999964074
2027,0,2.0,d_optimal,8123.105625617661,1-2-2-2-2-2-1-2-1,1.7280474390531145e-06,0.044235933000038585,577,121.02850128332616,45.58725382545057,232.56734605423895,1,0.043163019000019176
2027,0,8.0,shortest,8000.0,1-1-1-1-1-1-1-1-1,8.51664129272333e-07,0.044235933000038585,577,192.04470154314706,113.40483436301881,297.72779717886095,1,0.0422179100000335
2027,0,8.0,separable,8123.105625617661,1-2-2-2-2-2-1-2-1,1.7280474390531145e-06,0.044235933000038585,577,185.49396880505068,118.741542358565,297.9077735232044,1,0.043068718000029094
2027,0,8.0,d_optimal,8123.105625617661,1-2-2-2-2-2-1-2-1,1.7280474390531145e-06,0.044235933000038585,577,185.49396880505068,118.741542358565,297.9077735232044,1,0.050830146999999215
2027,1,2.0,shortest,8000.0,1-1-1-1-1-1-1-1-1,8.51664129272333e-07,0.044235933000038585,577,153.71164433431863,98.50955760526219,284.23449415109263,1,0.04435498999998799
2027,1,2.0,separable,8123.105625617661,1-2-2-2-2-2-1-2-1,1.7280474390531145e-06,0.044235933000038585,577,124.58019830201778,34.56938365915638,240.22720648744723,1,0.04532585200001904
2027,1,2.0,d_optimal,8123.105625617661,1-2-2-2-2-2-1-2-1,1.7280474390531145e-06,0.044235933000038585,577,124.58019830201778,34.56938365915638,240.22720648744723,1,0.04580716399999574
2027,1,8.0,shortest,8000.0,1-1-1-1-1-1-1-1-1,8.51664129272333e-07,0.044235933000038585,577,212.09191725342788,168.43087617211,348.7093182769577,1,0.04207235299998047
2027,1,8.0,separable,8123.105625617661,1-2-2-2-2-2-1-2-1,1.7280474390531145e-06,0.044235933000038585,577,198.9546302753959,116.97393313024983,332.6756977593934,1,0.04205820300001051
2027,1,8.0,d_optimal,8123.105625617661,1-2-2-2-2-2-1-2-1,1.7280474390531145e-06,0.044235933000038585,577,198.9546302753959,116.97393313024983,332.6756977593934,1,0.040594566999970993
2027,2,2.0,shortest,8000.0,1-1-1-1-1-1-1-1-1,8.51664129272333e-07,0.044235933000038585,577,150.04440105372146,109.63333695975578,235.7374962324231,1,0.04293273100000761
2027,2,2.0,separable,8123.105625617661,1-2-2-2-2-2-1-2-1,1.7280474390531145e-06,0.044235933000038585,577,123.27569251455778,30.282939731477324,218.49839922904837,1,0.04173210799996241
2027,2,2.0,d_optimal,8123.105625617661,1-2-2-2-2-2-1-2-1,1.7280474390531145e-06,0.044235933000038585,577,123.27569251455778,30.282939731477324,218.49839922904837,1,0.042384196999989854
2027,2,8.0,shortest,8000.0,1-1-1-1-1-1-1-1-1,8.51664129272333e-07,0.044235933000038585,577,189.03784682477487,110.46955228526002,306.1901750033421,1,0.039029040000002624
2027,2,8.0,separable,8123.105625617661,1-2-2-2-2-2-1-2-1,1.7280474390531145e-06,0.044235933000038585,577,176.73544571829788,93.97738631915284,304.9414043136828,1,0.038841178000041054
2027,2,8.0,d_optimal,8123.105625617661,1-2-2-2-2-2-1-2-1,1.7280474390531145e-06,0.044235933000038585,577,176.73544571829788,93.97738631915284,304.9414043136828,1,0.03876675899999782
2027,3,2.0,shortest,8000.0,1-1-1-1-1-1-1-1-1,8.51664129272333e-07,0.044235933000038585,577,161.8511297250332,146.74113400380662,277.5501364555584,1,0.04137455900001896
2027,3,2.0,separable,8123.105625617661,1-2-2-2-2-2-1-2-1,1.7280474390531145e-06,0.044235933000038585,577,136.54877764203684,119.73641690174367,252.1750139746723,1,0.043914188999963244
2027,3,2.0,d_optimal,8123.105625617661,1-2-2-2-2-2-1-2-1,1.7280474390531145e-06,0.044235933000038585,577,136.54877764203684,119.73641690174367,252.1750139746723,1,0.04489208500001496
2027,3,8.0,shortest,8000.0,1-1-1-1-1-1-1-1-1,8.51664129272333e-07,0.044235933000038585,577,176.19202300810431,91.2165292983906,264.7076352696674,1,0.04341751300000851
2027,3,8.0,separable,8123.105625617661,1-2-2-2-2-2-1-2-1,1.7280474390531145e-06,0.044235933000038585,577,159.4483149739856,130.43950274972278,252.86714628580418,1,0.04084871899999598
2027,3,8.0,d_optimal,8123.105625617661,1-2-2-2-2-2-1-2-1,1.7280474390531145e-06,0.044235933000038585,577,159.4483149739856,130.43950274972278,252.86714628580418,1,0.03953113799997254
2027,4,2.0,shortest,8000.0,1-1-1-1-1-1-1-1-1,8.51664129272333e-07,0.044235933000038585,577,132.24046814738995,80.39727509838397,229.3069882303931,0,0.04139463699999624
2027,4,2.0,separable,8123.105625617661,1-2-2-2-2-2-1-2-1,1.7280474390531145e-06,0.044235933000038585,577,108.08443346949242,32.31167353185331,191.66548462633511,0,0.04237678099997311
2027,4,2.0,d_optimal,8123.105625617661,1-2-2-2-2-2-1-2-1,1.7280474390531145e-06,0.044235933000038585,577,108.08443346949242,32.31167353185331,191.66548462633511,0,0.04213236999999026
2027,4,8.0,shortest,8000.0,1-1-1-1-1-1-1-1-1,8.51664129272333e-07,0.044235933000038585,577,190.46439457458882,127.8929621225518,302.7630704242066,1,0.04024225899996736
2027,4,8.0,separable,8123.105625617661,1-2-2-2-2-2-1-2-1,1.7280474390531145e-06,0.044235933000038585,577,178.87214730719242,51.55905442072067,301.2702831779207,1,0.041901068000015584
2027,4,8.0,d_optimal,8123.105625617661,1-2-2-2-2-2-1-2-1,1.7280474390531145e-06,0.044235933000038585,577,178.87214730719242,51.55905442072067,301.2702831779207,1,0.041300458000023355
2027,5,2.0,shortest,8000.0,1-1-1-1-1-1-1-1-1,8.51664129272333e-07,0.044235933000038585,577,124.97379329402996,107.88526015076053,218.64356221357983,1,0.04144822599999998
2027,5,2.0,separable,8123.105625617661,1-2-2-2-2-2-1-2-1,1.7280474390531145e-06,0.044235933000038585,577,96.62328437012145,41.07397435408465,173.12209308901134,0,0.04079060899999831
2027,5,2.0,d_optimal,8123.105625617661,1-2-2-2-2-2-1-2-1,1.7280474390531145e-06,0.044235933000038585,577,96.62328437012145,41.07397435408465,173.12209308901134,0,0.04149765300002173
2027,5,8.0,shortest,8000.0,1-1-1-1-1-1-1-1-1,8.51664129272333e-07,0.044235933000038585,577,203.7170872681788,217.27826935954073,322.2208110073731,1,0.039538166999989244
2027,5,8.0,separable,8123.105625617661,1-2-2-2-2-2-1-2-1,1.7280474390531145e-06,0.044235933000038585,577,183.25359727077654,204.42251234375792,308.31807826732353,1,0.041541695000034906
2027,5,8.0,d_optimal,8123.105625617661,1-2-2-2-2-2-1-2-1,1.7280474390531145e-06,0.044235933000038585,577,183.25359727077654,204.42251234375792,308.31807826732353,1,0.04218566700001247
2027,6,2.0,shortest,8000.0,1-1-1-1-1-1-1-1-1,8.51664129272333e-07,0.044235933000038585,577,113.47442112083736,85.80680323983722,213.84751700405351,1,0.04565541900001335
2027,6,2.0,separable,8123.105625617661,1-2-2-2-2-2-1-2-1,1.7280474390531145e-06,0.044235933000038585,577,89.16372226417073,106.98628453747945,166.59869288935246,0,0.043599647000007735
2027,6,2.0,d_optimal,8123.105625617661,1-2-2-2-2-2-1-2-1,1.7280474390531145e-06,0.044235933000038585,577,89.16372226417073,106.98628453747945,166.59869288935246,0,0.04547816199999488
2027,6,8.0,shortest,8000.0,1-1-1-1-1-1-1-1-1,8.51664129272333e-07,0.044235933000038585,577,181.17629654365948,122.60746087730446,299.4572114773591,1,0.040908225999999104
2027,6,8.0,separable,8123.105625617661,1-2-2-2-2-2-1-2-1,1.7280474390531145e-06,0.044235933000038585,577,168.85305470825867,133.74533917125814,285.33510319529523,1,0.04312107699996659
2027,6,8.0,d_optimal,8123.105625617661,1-2-2-2-2-2-1-2-1,1.7280474390531145e-06,0.044235933000038585,577,168.85305470825867,133.74533917125814,285.33510319529523,1,0.04425907900002812
2027,7,2.0,shortest,8000.0,1-1-1-1-1-1-1-1-1,8.51664129272333e-07,0.044235933000038585,577,121.67886422047151,40.66840859635702,247.23176270548555,1,0.04639006400003609
2027,7,2.0,separable,8123.105625617661,1-2-2-2-2-2-1-2-1,1.7280474390531145e-06,0.044235933000038585,577,91.94584191990552,25.93950346250442,182.14611989621167,0,0.04493431999998165
2027,7,2.0,d_optimal,8123.105625617661,1-2-2-2-2-2-1-2-1,1.7280474390531145e-06,0.044235933000038585,577,91.94584191990552,25.93950346250442,182.14611989621167,0,0.04377738800002362
2027,7,8.0,shortest,8000.0,1-1-1-1-1-1-1-1-1,8.51664129272333e-07,0.044235933000038585,577,181.6723157779023,161.66602564362938,297.27904524718076,1,0.040452883000000384
2027,7,8.0,separable,8123.105625617661,1-2-2-2-2-2-1-2-1,1.7280474390531145e-06,0.044235933000038585,577,156.15443105472994,87.02869586030381,282.3379282896261,1,0.04041941900004531
2027,7,8.0,d_optimal,8123.105625617661,1-2-2-2-2-2-1-2-1,1.7280474390531145e-06,0.044235933000038585,577,156.15443105472994,87.02869586030381,282.3379282896261,1,0.04451718100000335
2027,8,2.0,shortest,8000.0,1-1-1-1-1-1-1-1-1,8.51664129272333e-07,0.044235933000038585,577,128.63183992484505,69.17797387343863,241.22347775584535,1,0.041670161000013195
2027,8,2.0,separable,8123.105625617661,1-2-2-2-2-2-1-2-1,1.7280474390531145e-06,0.044235933000038585,577,99.17171637753611,80.59141955374717,197.92137737766336,0,0.04426274000002195
2027,8,2.0,d_optimal,8123.105625617661,1-2-2-2-2-2-1-2-1,1.7280474390531145e-06,0.044235933000038585,577,99.17171637753611,80.59141955374717,197.92137737766336,0,0.04203223000001799
2027,8,8.0,shortest,8000.0,1-1-1-1-1-1-1-1-1,8.51664129272333e-07,0.044235933000038585,577,182.95235248834643,61.88685992450706,254.407809186258,1,0.03945255799999359
2027,8,8.0,separable,8123.105625617661,1-2-2-2-2-2-1-2-1,1.7280474390531145e-06,0.044235933000038585,577,166.72642940915836,77.53086393507196,241.6826152646531,1,0.041831604000037714
2027,8,8.0,d_optimal,8123.105625617661,1-2-2-2-2-2-1-2-1,1.7280474390531145e-06,0.044235933000038585,577,166.72642940915836,77.53086393507196,241.6826152646531,1,0.04513158600002498
2027,9,2.0,shortest,8000.0,1-1-1-1-1-1-1-1-1,8.51664129272333e-07,0.044235933000038585,577,133.49138375302837,12.274026712901781,228.46879549645305,0,0.04493493100000023
2027,9,2.0,separable,8123.105625617661,1-2-2-2-2-2-1-2-1,1.7280474390531145e-06,0.044235933000038585,577,113.81007090021183,36.546294338096914,193.21440422014004,0,0.04784097099997098
2027,9,2.0,d_optimal,8123.105625617661,1-2-2-2-2-2-1-2-1,1.7280474390531145e-06,0.044235933000038585,577,113.81007090021183,36.546294338096914,193.21440422014004,0,0.04760561599999846
2027,9,8.0,shortest,8000.0,1-1-1-1-1-1-1-1-1,8.51664129272333e-07,0.044235933000038585,577,133.13055929492552,53.79128288287534,222.2545768037992,1,0.04397382399997696
2027,9,8.0,separable,8123.105625617661,1-2-2-2-2-2-1-2-1,1.7280474390531145e-06,0.044235933000038585,577,118.44799135503752,46.27308279504799,206.032228211047,1,0.04526748799997904
2027,9,8.0,d_optimal,8123.105625617661,1-2-2-2-2-2-1-2-1,1.7280474390531145e-06,0.044235933000038585,577,118.44799135503752,46.27308279504799,206.032228211047,1,0.047691945999986274
2028,0,2.0,shortest,8000.0,1-1-1-1-1-1-1-1-1,5.362828880169724e-06,0.03848277899999175,577,124.76586449679388,62.69034212949386,217.53931146091068,0,0.04810105699999667
2028,0,2.0,separable,8123.105625617661,1-2-2-2-2-2-1-2-1,6.405520437762976e-06,0.03848277899999175,577,146.738198876146,26.24902061016672,249.990820295078,1,0.04918094800001427
2028,0,2.0,d_optimal,8123.105625617661,1-2-2-1-1-2-2-2-1,7.274055686119374e-06,0.03848277899999175,577,114.74728543964459,59.37937622943181,211.1533425161492,0,0.04762873900000386
2028,0,8.0,shortest,8000.0,1-1-1-1-1-1-1-1-1,5.362828880169724e-06,0.03848277899999175,577,131.75224237979188,128.15097718631515,218.67908666409338,0,0.04551612099999147
2028,0,8.0,separable,8123.105625617661,1-2-2-2-2-2-1-2-1,6.405520437762976e-06,0.03848277899999175,577,151.8965283306337,101.57437737812435,249.147881514219,1,0.04515115200001674
2028,0,8.0,d_optimal,8123.105625617661,1-2-2-1-1-2-2-2-1,7.274055686119374e-06,0.03848277899999175,577,126.77927907178673,103.51694587046909,204.99579204421977,0,0.04419066799999882
2028,1,2.0,shortest,8000.0,1-1-1-1-1-1-1-1-1,5.362828880169724e-06,0.03848277899999175,577,107.90201374622411,64.17920198178653,188.5543256672633,0,0.048734549999949195
2028,1,2.0,separable,8123.105625617661,1-2-2-2-2-2-1-2-1,6.405520437762976e-06,0.03848277899999175,577,131.65567258911298,24.143832264343402,224.12273796001,1,0.04895244600004389
2028,1,2.0,d_optimal,8123.105625617661,1-2-2-1-1-2-2-2-1,7.274055686119374e-06,0.03848277899999175,577,116.9605893413105,38.83304567043306,203.27951649306476,0,0.048340470999960417
2028,1,8.0,shortest,8000.0,1-1-1-1-1-1-1-1-1,5.362828880169724e-06,0.03848277899999175,577,151.0423252367781,73.83298025491605,242.07070683782032,1,0.04377050599998711
2028,1,8.0,separable,8123.105625617661,1-2-2-2-2-2-1-2-1,6.405520437762976e-06,0.03848277899999175,577,176.72950600584912,81.03050800208266,288.64691488877,1,0.0452895720000015
2028,1,8.0,d_optimal,8123.105625617661,1-2-2-1-1-2-2-2-1,7.274055686119374e-06,0.03848277899999175,577,145.03305785476996,76.26650643528478,235.53655495319876,0,0.04451682999996365
2028,2,2.0,shortest,8000.0,1-1-1-1-1-1-1-1-1,5.362828880169724e-06,0.03848277899999175,577,97.0148176890892,112.41887396257279,157.66427192587557,0,0.046014686000035
2028,2,2.0,separable,8123.105625617661,1-2-2-2-2-2-1-2-1,6.405520437762976e-06,0.03848277899999175,577,121.5670834488689,69.48757841795263,204.85261023490887,0,0.04655051399998911
2028,2,2.0,d_optimal,8123.105625617661,1-2-2-1-1-2-2-2-1,7.274055686119374e-06,0.03848277899999175,577,102.04004263458764,96.63238385019154,175.06273463806664,0,0.045086218000051304
2028,2,8.0,shortest,8000.0,1-1-1-1-1-1-1-1-1,5.362828880169724e-06,0.03848277899999175,577,116.33462402416376,88.46725795766982,189.26859315750812,0,0.03968390099998942
2028,2,8.0,separable,8123.105625617661,1-2-2-2-2-2-1-2-1,6.405520437762976e-06,0.03848277899999175,577,138.00813044960756,92.57240700700285,217.78857906891363,0,0.03965041199995767
2028,2,8.0,d_optimal,8123.105625617661,1-2-2-1-1-2-2-2-1,7.274055686119374e-06,0.03848277899999175,577,103.2430013549566,83.78547514451141,162.75267870329392,0,0.039700874999994085
2028,3,2.0,shortest,8000.0,1-1-1-1-1-1-1-1-1,5.362828880169724e-06,0.03848277899999175,577,111.42967377926773,72.45671830369918,190.94549312573562,0,0.04269385199995668
2028,3,2.0,separable,8123.105625617661,1-2-2-2-2-2-1-2-1,6.405520437762976e-06,0.03848277899999175,577,141.77716197876666,39.845938749971715,231.7068620285948,1,0.04274787200000674
2028,3,2.0,d_optimal,8123.105625617661,1-2-2-1-1-2-2-2-1,7.274055686119374e-06,0.03848277899999175,577,109.97380568016001,45.58024167838849,183.11121670044352,0,0.05404809699996349
2028,3,8.0,shortest,8000.0,1-1-1-1-1-1-1-1-1,5.362828880169724e-06,0.03848277899999175,577,135.12269975981116,162.9051122135908,196.68366334336855,0,0.04249231400001463
2028,3,8.0,separable,8123.105625617661,1-2-2-2-2-2-1-2-1,6.405520437762976e-06,0.03848277899999175,577,153.4446896101127,145.38945852352992,245.20175900802857,0,0.039648704999990514
2028,3,8.0,d_optimal,8123.105625617661,1-2-2-1-1-2-2-2-1,7.274055686119374e-06,0.03848277899999175,577,126.39360311067722,133.0119774678864,208.82674597979326,0,0.039460216999998465
2028,4,2.0,shortest,8000.0,1-1-1-1-1-1-1-1-1,5.362828880169724e-06,0.03848277899999175,577,103.44539926152278,29.114307094272665,182.24369174483863,0,0.04298763899998903
2028,4,2.0,separable,8123.105625617661,1-2-2-2-2-2-1-2-1,6.405520437762976e-06,0.03848277899999175,577,135.5065117620847,13.995709764806744,223.90065149430288,0,0.04434801600001492
2028,4,2.0,d_optimal,8123.105625617661,1-2-2-1-1-2-2-2-1,7.274055686119374e-06,0.03848277899999175,577,114.10107606572366,7.943017741288247,198.4221582246857,0,0.046850395000035405
2028,4,8.0,shortest,8000.0,1-1-1-1-1-1-1-1-1,5.362828880169724e-06,0.03848277899999175,577,130.72002480102043,91.08487738670895,178.16561141314594,0,0.042256615000042075
2028,4,8.0,separable,8123.105625617661,1-2-2-2-2-2-1-2-1,6.405520437762976e-06,0.03848277899999175,577,163.09272998670093,94.54154093527289,230.6952917408742,0,0.04248109399998157
2028,4,8.0,d_optimal,8123.105625617661,1-2-2-1-1-2-2-2-1,7.274055686119374e-06,0.03848277899999175,577,129.35685807598938,78.69469673678147,181.82355235627546,0,0.043128417999980684
2028,5,2.0,shortest,8000.0,1-1-1-1-1-1-1-1-1,5.362828880169724e-06,0.03848277899999175,577,133.28674631927265,152.8553364810872,222.47348699329768,0,0.04777409799999077
2028,5,2.0,separable,8123.105625617661,1-2-2-2-2-2-1-2-1,6.405520437762976e-06,0.03848277899999175,577,149.07864932020527,85.19316280629938,237.1971141880239,0,0.048566159000017706
2028,5,2.0,d_optimal,8123.105625617661,1-2-2-1-1-2-2-2-1,7.274055686119374e-06,0.03848277899999175,577,122.1980719131573,94.32457284184515,193.26729121290887,0,0.04691029099996058
2028,5,8.0,shortest,8000.0,1-1-1-1-1-1-1-1-1,5.362828880169724e-06,0.03848277899999175,577,133.93941576654296,63.615813375490006,222.31425591023336,0,0.043169744000010724
2028,5,8.0,separable,8123.105625617661,1-2-2-2-2-2-1-2-1,6.405520437762976e-06,0.03848277899999175,577,157.3660834949312,73.67789871835669,258.4785051761963,1,0.042115502999990895
2028,5,8.0,d_optimal,8123.105625617661,1-2-2-1-1-2-2-2-1,7.274055686119374e-06,0.03848277899999175,577,129.0599094517537,55.32421179627729,217.05738278507243,0,0.040394996000031824
2028,6,2.0,shortest,8000.0,1-1-1-1-1-1-1-1-1,5.362828880169724e-06,0.03848277899999175,577,90.72156517496309,96.14055700832127,141.19827996899213,0,0.04578942300003064
2028,6,2.0,separable,8123.105625617661,1-2-2-2-2-2-1-2-1,6.405520437762976e-06,0.03848277899999175,577,110.06680063087889,87.46329517308814,171.35389677075742,0,0.05025210200000174
2028,6,2.0,d_optimal,8123.105625617661,1-2-2-1-1-2-2-2-1,7.274055686119374e-06,0.03848277899999175,577,91.93659390768495,111.89090566959096,133.46461212037096,0,0.04613643899995168
2028,6,8.0,shortest,8000.0,1-1-1-1-1-1-1-1-1,5.362828880169724e-06,0.03848277899999175,577,156.13723149975277,145.12397858516627,253.48298385801698,1,0.0424138309999762
2028,6,8.0,separable,8123.105625617661,1-2-2-2-2-2-1-2-1,6.405520437762976e-06,0.03848277899999175,577,191.80008827877649,181.621918206193,294.80742150312363,1,0.04051970400001892
2028,6,8.0,d_optimal,8123.105625617661,1-2-2-1-1-2-2-2-1,7.274055686119374e-06,0.03848277899999175,577,139.08504598247723,112.76895501398296,243.1397049081978,1,0.03951687099998935
2028,7,2.0,shortest,8000.0,1-1-1-1-1-1-1-1-1,5.362828880169724e-06,0.03848277899999175,577,73.92091620508432,67.00802666940885,125.44269295596371,0,0.04219469999998182
2028,7,2.0,separable,8123.105625617661,1-2-2-2-2-2-1-2-1,6.405520437762976e-06,0.03848277899999175,577,93.70753070274112,49.59153271181889,150.15517495452946,0,0.042725173000008
2028,7,2.0,d_optimal,8123.105625617661,1-2-2-1-1-2-2-2-1,7.274055686119374e-06,0.03848277899999175,577,73.70907285948304,47.06031854781481,113.0335562517408,0,0.044768815999987055
2028,7,8.0,shortest,8000.0,1-1-1-1-1-1-1-1-1,5.362828880169724e-06,0.03848277899999175,577,89.21010393408274,55.867846617170045,140.58885181692767,0,0.04094004300003462
2028,7,8.0,separable,8123.105625617661,1-2-2-2-2-2-1-2-1,6.405520437762976e-06,0.03848277899999175,577,112.66233528068024,26.573175832155048,170.5711957592487,0,0.043604116999972575
2028,7,8.0,d_optimal,8123.105625617661,1-2-2-1-1-2-2-2-1,7.274055686119374e-06,0.03848277899999175,577,88.26663542520879,46.491603442566436,139.39357859262438,0,0.04101037399999541
2028,8,2.0,shortest,8000.0,1-1-1-1-1-1-1-1-1,5.362828880169724e-06,0.03848277899999175,577,106.3176819482241,125.79413719455198,179.81076670623779,0,0.04393632900001876
2028,8,2.0,separable,8123.105625617661,1-2-2-2-2-2-1-2-1,6.405520437762976e-06,0.03848277899999175,577,133.15734789501147,86.8716409678869,215.8959415091382,0,0.046363885999994636
2028,8,2.0,d_optimal,8123.105625617661,1-2-2-1-1-2-2-2-1,7.274055686119374e-06,0.03848277899999175,577,117.59129234412865,96.92514820494492,192.22171054151372,0,0.0467227749999779
2028,8,8.0,shortest,8000.0,1-1-1-1-1-1-1-1-1,5.362828880169724e-06,0.03848277899999175,577,109.6296593151005,72.1375337199855,192.19567211801942,0,0.04252051299999948
2028,8,8.0,separable,8123.105625617661,1-2-2-2-2-2-1-2-1,6.405520437762976e-06,0.03848277899999175,577,149.22607068173485,77.22106523768761,256.3897278007238,1,0.04312881999999263
2028,8,8.0,d_optimal,8123.105625617661,1-2-2-1-1-2-2-2-1,7.274055686119374e-06,0.03848277899999175,577,119.65684889759757,69.33918785777136,213.0940004126607,0,0.04280013299995744
2028,9,2.0,shortest,8000.0,1-1-1-1-1-1-1-1-1,5.362828880169724e-06,0.03848277899999175,577,87.64435241114671,69.75513198953277,164.62057326947615,0,0.041737816000022576
2028,9,2.0,separable,8123.105625617661,1-2-2-2-2-2-1-2-1,6.405520437762976e-06,0.03848277899999175,577,114.07639498312581,63.048045569429334,198.4660150578936,0,0.04284957800001621
2028,9,2.0,d_optimal,8123.105625617661,1-2-2-1-1-2-2-2-1,7.274055686119374e-06,0.03848277899999175,577,91.96912312059264,58.59807092101807,164.79985854419098,0,0.0433458480000013
2028,9,8.0,shortest,8000.0,1-1-1-1-1-1-1-1-1,5.362828880169724e-06,0.03848277899999175,577,111.86534610949491,91.13889357661972,177.45344215079328,0,0.04283653999999615
2028,9,8.0,separable,8123.105625617661,1-2-2-2-2-2-1-2-1,6.405520437762976e-06,0.03848277899999175,577,138.4356597911605,105.74328912143137,221.13173608310436,0,0.043214394000017364
2028,9,8.0,d_optimal,8123.105625617661,1-2-2-1-1-2-2-2-1,7.274055686119374e-06,0.03848277899999175,577,109.44204932027783,97.5558970661322,170.68402049021313,0,0.04085986900003036
2029,0,2.0,shortest,8000.0,1-1-1-1-1-1-1-1-1,8.127799017667415e-07,0.036089113000002726,577,80.66587535475846,128.8166102384683,118.41277581832375,0,0.04343251400001691
2029,0,2.0,separable,8184.658438426492,1-1-0-1-0-1-0-1-1,2.2005230071176686e-06,0.036089113000002726,577,73.94781547509054,98.42697750154255,109.6668848142106,0,0.043616866999968806
2029,0,2.0,d_optimal,8184.658438426492,1-1-0-1-0-1-0-1-1,2.2005230071176686e-06,0.036089113000002726,577,73.94781547509054,98.42697750154255,109.6668848142106,0,0.042913652999970964
2029,0,8.0,shortest,8000.0,1-1-1-1-1-1-1-1-1,8.127799017667415e-07,0.036089113000002726,577,203.4372119128829,298.0077924647412,274.1199388288775,1,0.03883059399998956
2029,0,8.0,separable,8184.658438426492,1-1-0-1-0-1-0-1-1,2.2005230071176686e-06,0.036089113000002726,577,176.06984430684182,259.3061704278795,242.39087465868383,1,0.038887750000014876
2029,0,8.0,d_optimal,8184.658438426492,1-1-0-1-0-1-0-1-1,2.2005230071176686e-06,0.036089113000002726,577,176.06984430684182,259.3061704278795,242.39087465868383,1,0.0386426960000108
2029,1,2.0,shortest,8000.0,1-1-1-1-1-1-1-1-1,8.127799017667415e-07,0.036089113000002726,577,128.66668796951356,236.7351333359901,237.93658433488056,1,0.04360473299999512
2029,1,2.0,separable,8184.658438426492,1-1-0-1-0-1-0-1-1,2.2005230071176686e-06,0.036089113000002726,577,113.80423308886158,179.87278926278253,175.89314875575113,0,0.04202597699998023
2029,1,2.0,d_optimal,8184.658438426492,1-1-0-1-0-1-0-1-1,2.2005230071176686e-06,0.036089113000002726,577,113.80423308886158,179.87278926278253,175.89314875575113,0,0.04076013299999204
2029,1,8.0,shortest,8000.0,1-1-1-1-1-1-1-1-1,8.127799017667415e-07,0.036089113000002726,577,161.78276445827748,264.23184027245526,251.52645284897972,1,0.03962602799998649
2029,1,8.0,separable,8184.658438426492,1-1-0-1-0-1-0-1-1,2.2005230071176686e-06,0.036089113000002726,577,157.33771262369157,260.0941458336356,247.86947643065167,1,0.03931728100002374
2029,1,8.0,d_optimal,8184.658438426492,1-1-0-1-0-1-0-1-1,2.2005230071176686e-06,0.036089113000002726,577,157.33771262369157,260.0941458336356,247.86947643065167,1,0.038358059000017874
2029,2,2.0,shortest,8000.0,1-1-1-1-1-1-1-1-1,8.127799017667415e-07,0.036089113000002726,577,96.42186630012482,160.32184512193325,158.75506297133995,0,0.043419530999983635
2029,2,2.0,separable,8184.658438426492,1-1-0-1-0-1-0-1-1,2.2005230071176686e-06,0.036089113000002726,577,85.78210165874307,91.7056430891459,167.19242900270254,0,0.040904022000006535
2029,2,2.0,d_optimal,8184.658438426492,1-1-0-1-0-1-0-1-1,2.2005230071176686e-06,0.036089113000002726,577,85.78210165874307,91.7056430891459,167.19242900270254,0,0.041663376999963475
2029,2,8.0,shortest,8000.0,1-1-1-1-1-1-1-1-1,8.127799017667415e-07,0.036089113000002726,577,124.78402286180358,152.09008303830876,174.82804309099947,0,0.040888802999972995
2029,2,8.0,separable,8184.658438426492,1-1-0-1-0-1-0-1-1,2.2005230071176686e-06,0.036089113000002726,577,127.07214023944638,155.9953515747483,170.19667681526755,0,0.040058638000004976
2029,2,8.0,d_optimal,8184.658438426492,1-1-0-1-0-1-0-1-1,2.2005230071176686e-06,0.036089113000002726,577,127.07214023944638,155.9953515747483,170.19667681526755,0,0.039510656000004474
2029,3,2.0,shortest,8000.0,1-1-1-1-1-1-1-1-1,8.127799017667415e-07,0.036089113000002726,577,100.6711429775239,220.49090035087724,180.04909462674604,0,0.04430139499999086
2029,3,2.0,separable,8184.658438426492,1-1-0-1-0-1-0-1-1,2.2005230071176686e-06,0.036089113000002726,577,82.1692581546945,164.2853708830551,121.69477088380947,0,0.04096178200001077
2029,3,2.0,d_optimal,8184.658438426492,1-1-0-1-0-1-0-1-1,2.2005230071176686e-06,0.036089113000002726,577,82.1692581546945,164.2853708830551,121.69477088380947,0,0.04167275800000425
2029,3,8.0,shortest,8000.0,1-1-1-1-1-1-1-1-1,8.127799017667415e-07,0.036089113000002726,577,146.64841348089922,287.14349799757497,246.98103790304043,1,0.03893588699997963
2029,3,8.0,separable,8184.658438426492,1-1-0-1-0-1-0-1-1,2.2005230071176686e-06,0.036089113000002726,577,126.81665680221943,251.4695873604179,210.2273986596394,1,0.03857749899998453
2029,3,8.0,d_optimal,8184.658438426492,1-1-0-1-0-1-0-1-1,2.2005230071176686e-06,0.036089113000002726,577,126.81665680221943,251.4695873604179,210.2273986596394,1,0.04413563299999623
2029,4,2.0,shortest,8000.0,1-1-1-1-1-1-1-1-1,8.127799017667415e-07,0.036089113000002726,577,122.53268726329965,196.4875358857077,194.634238377688,0,0.0471384680000142
2029,4,2.0,separable,8184.658438426492,1-1-0-1-0-1-0-1-1,2.2005230071176686e-06,0.036089113000002726,577,87.63914757133993,127.77586876982322,135.70134261913336,0,0.04336261499997818
2029,4,2.0,d_optimal,8184.658438426492,1-1-0-1-0-1-0-1-1,2.2005230071176686e-06,0.036089113000002726,577,87.63914757133993,127.77586876982322,135.70134261913336,0,0.040608057999975244
2029,4,8.0,shortest,8000.0,1-1-1-1-1-1-1-1-1,8.127799017667415e-07,0.036089113000002726,577,149.57125748147013,276.795922315217,267.48132970235224,1,0.04198678199998085
2029,4,8.0,separable,8184.658438426492,1-1-0-1-0-1-0-1-1,2.2005230071176686e-06,0.036089113000002726,577,138.9735747560448,241.6562843591027,231.22604369306123,0,0.03988443099996175
2029,4,8.0,d_optimal,8184.658438426492,1-1-0-1-0-1-0-1-1,2.2005230071176686e-06,0.036089113000002726,577,138.9735747560448,241.6562843591027,231.22604369306123,0,0.03869071200000462
2029,5,2.0,shortest,8000.0,1-1-1-1-1-1-1-1-1,8.127799017667415e-07,0.036089113000002726,577,107.05188296469754,155.95982018378294,178.47760804778454,0,0.04496588900002507
2029,5,2.0,separable,8184.658438426492,1-1-0-1-0-1-0-1-1,2.2005230071176686e-06,0.036089113000002726,577,99.38053923916405,151.77472171632513,172.614936880015,0,0.04413405100001455
2029,5,2.0,d_optimal,8184.658438426492,1-1-0-1-0-1-0-1-1,2.2005230071176686e-06,0.036089113000002726,577,99.38053923916405,151.77472171632513,172.614936880015,0,0.0405619620000266
2029,5,8.0,shortest,8000.0,1-1-1-1-1-1-1-1-1,8.127799017667415e-07,0.036089113000002726,577,154.23715495078957,282.9175796785811,257.1312416032365,1,0.04888942400003771
2029,5,8.0,separable,8184.658438426492,1-1-0-1-0-1-0-1-1,2.2005230071176686e-06,0.036089113000002726,577,143.4935389993989,280.3865734650665,253.99641034045257,1,0.05027670300000864
2029,5,8.0,d_optimal,8184.658438426492,1-1-0-1-0-1-0-1-1,2.2005230071176686e-06,0.036089113000002726,577,143.4935389993989,280.3865734650665,253.99641034045257,1,0.046808729000019866
2029,6,2.0,shortest,8000.0,1-1-1-1-1-1-1-1-1,8.127799017667415e-07,0.036089113000002726,577,78.00233955834953,100.69610706392135,127.07880136195283,0,0.04229488300001094
2029,6,2.0,separable,8184.658438426492,1-1-0-1-0-1-0-1-1,2.2005230071176686e-06,0.036089113000002726,577,67.6138466922867,89.33272876918714,135.36781167543964,0,0.042516315000000304
2029,6,2.0,d_optimal,8184.658438426492,1-1-0-1-0-1-0-1-1,2.2005230071176686e-06,0.036089113000002726,577,67.6138466922867,89.33272876918714,135.36781167543964,0,0.04311530400002539
2029,6,8.0,shortest,8000.0,1-1-1-1-1-1-1-1-1,8.127799017667415e-07,0.036089113000002726,577,175.17164888428852,279.8442321231908,253.6951094048828,1,0.03884453500000973
2029,6,8.0,separable,8184.658438426492,1-1-0-1-0-1-0-1-1,2.2005230071176686e-06,0.036089113000002726,577,138.0017831612881,225.472921437188,201.5973810064079,0,0.04017812799997955
2029,6,8.0,d_optimal,8184.658438426492,1-1-0-1-0-1-0-1-1,2.2005230071176686e-06,0.036089113000002726,577,138.0017831612881,225.472921437188,201.5973810064079,0,0.03903533999999809
2029,7,2.0,shortest,8000.0,1-1-1-1-1-1-1-1-1,8.127799017667415e-07,0.036089113000002726,577,105.97512374921232,199.72032005524602,199.67367959082188,0,0.0414742870000282
2029,7,2.0,separable,8184.658438426492,1-1-0-1-0-1-0-1-1,2.2005230071176686e-06,0.036089113000002726,577,93.05318663554506,167.17163492340933,148.30370617077176,0,0.04174138700000185
2029,7,2.0,d_optimal,8184.658438426492,1-1-0-1-0-1-0-1-1,2.2005230071176686e-06,0.036089113000002726,577,93.05318663554506,167.17163492340933,148.30370617077176,0,0.04082178800001657
2029,7,8.0,shortest,8000.0,1-1-1-1-1-1-1-1-1,8.127799017667415e-07,0.036089113000002726,577,138.3242945537897,243.66416195878574,195.9573402965163,0,0.04000544499996295
2029,7,8.0,separable,8184.658438426492,1-1-0-1-0-1-0-1-1,2.2005230071176686e-06,0.036089113000002726,577,113.60123783252574,220.33438979621909,160.9632521612498,0,0.03868989200003625
2029,7,8.0,d_optimal,8184.658438426492,1-1-0-1-0-1-0-1-1,2.2005230071176686e-06,0.036089113000002726,577,113.60123783252574,220.33438979621909,160.9632521612498,0,0.03845855299999812
2029,8,2.0,shortest,8000.0,1-1-1-1-1-1-1-1-1,8.127799017667415e-07,0.036089113000002726,577,117.98596033359124,205.48244928825304,185.29755980010626,0,0.04089201499999717
2029,8,2.0,separable,8184.658438426492,1-1-0-1-0-1-0-1-1,2.2005230071176686e-06,0.036089113000002726,577,108.46212451606172,182.86375409207352,183.9655582901495,0,0.04132590000000391
2029,8,2.0,d_optimal,8184.658438426492,1-1-0-1-0-1-0-1-1,2.2005230071176686e-06,0.036089113000002726,577,108.46212451606172,182.86375409207352,183.9655582901495,0,0.0411666819999823
2029,8,8.0,shortest,8000.0,1-1-1-1-1-1-1-1-1,8.127799017667415e-07,0.036089113000002726,577,128.2715902597501,187.57049866775563,187.57049866775563,0,0.03882983700003706
2029,8,8.0,separable,8184.658438426492,1-1-0-1-0-1-0-1-1,2.2005230071176686e-06,0.036089113000002726,577,125.90253637673106,195.0779666088593,188.26542200313463,0,0.03868868099999645
2029,8,8.0,d_optimal,8184.658438426492,1-1-0-1-0-1-0-1-1,2.2005230071176686e-06,0.036089113000002726,577,125.90253637673106,195.0779666088593,188.26542200313463,0,0.040920815999982096
2029,9,2.0,shortest,8000.0,1-1-1-1-1-1-1-1-1,8.127799017667415e-07,0.036089113000002726,577,78.25922079207625,110.67697839728844,124.80047040702573,0,0.0414867640000125
2029,9,2.0,separable,8184.658438426492,1-1-0-1-0-1-0-1-1,2.2005230071176686e-06,0.036089113000002726,577,67.94049923079032,77.56659664889519,133.5730710179254,0,0.04110702399998445
2029,9,2.0,d_optimal,8184.658438426492,1-1-0-1-0-1-0-1-1,2.2005230071176686e-06,0.036089113000002726,577,67.94049923079032,77.56659664889519,133.5730710179254,0,0.040866176000008636
2029,9,8.0,shortest,8000.0,1-1-1-1-1-1-1-1-1,8.127799017667415e-07,0.036089113000002726,577,119.84362801002263,197.17426863284336,187.8026871824185,0,0.03895471399999906
2029,9,8.0,separable,8184.658438426492,1-1-0-1-0-1-0-1-1,2.2005230071176686e-06,0.036089113000002726,577,106.11829862564281,168.20487700083532,147.44478176773706,0,0.03886342399999876
2029,9,8.0,d_optimal,8184.658438426492,1-1-0-1-0-1-0-1-1,2.2005230071176686e-06,0.036089113000002726,577,106.11829862564281,168.20487700083532,147.44478176773706,0,0.04297975800000131
